"image_id","image_path","image_sha256","created_utc","detection.detector_name","detection.image_score","detection.threshold","detection.is_anomalous","detection.confidence","detection.score_margin","localisation.confidence","localisation.mask_area_ratio","localisation.component_count","localisation.boxes","semantic.label","semantic.confidence","semantic.method","semantic.evidence.selected_box.x","semantic.evidence.selected_box.y","semantic.evidence.selected_box.w","semantic.evidence.selected_box.h","semantic.evidence.selected_box.area_px","semantic.evidence.selected_box.area_ratio","semantic.evidence.selected_box.mean_heat","semantic.evidence.selected_box.max_heat","semantic.evidence.selected_box.x2","semantic.evidence.selected_box.y2","semantic.evidence.selected_box.aspect_ratio","semantic.evidence.edge_density","semantic.evidence.mean_saturation","semantic.evidence.mean_value","semantic.evidence.saturation_contrast","semantic.evidence.dark_contrast","semantic.evidence.rules","confidence.components.anomaly","confidence.components.localisation","confidence.components.semantic","confidence.fusion.minimum","confidence.fusion.weighted_average","confidence.fusion.preferred_strategy","confidence.fusion.preferred","risk.severity","risk.occurrence","risk.detection","risk.risk_class","risk.action","risk.mapped","risk.rpm_lookup_key","review.requires_review","review.reasons","artefacts.heatmap_overlay","artefacts.mask","artefacts.annotated","config_summary.detector","config_summary.localisation_threshold","config_summary.fusion_preferred_strategy","semantic.evidence.reason"
"hazelnut__test__crack__000","data/mvtec_anomaly_detection/hazelnut/test/crack/000.png","e26b54282b6b11286760905ca2880af594561b606dfa0643859d6ee6027cf8c2","2026-06-08T19:19:47.237059+00:00","anomalib_padim","0.37063400835153415","0.5","True","0.37063400835153415","0.12936599164846585","0.7535932390850393","0.1330108642578125","3","[{'x': 79, 'y': 25, 'w': 141, 'h': 116, 'area_px': 7923, 'area_ratio': 0.1208953857421875, 'mean_heat': 0.5822111368179321, 'max_heat': 1.0, 'x2': 220, 'y2': 141, 'aspect_ratio': 1.2155172413793103}, {'x': 70, 'y': 191, 'w': 27, 'h': 29, 'area_px': 536, 'area_ratio': 0.0081787109375, 'mean_heat': 0.48527219891548157, 'max_heat': 0.5764706134796143, 'x2': 97, 'y2': 220, 'aspect_ratio': 1.0740740740740742}, {'x': 0, 'y': 0, 'w': 12, 'h': 25, 'area_px': 258, 'area_ratio': 0.003936767578125, 'mean_heat': 0.49373766779899597, 'max_heat': 0.615686297416687, 'x2': 12, 'y2': 25, 'aspect_ratio': 2.0833333333333335}]","deformation","0.779","rules_constrained_taxonomy","79.0","25.0","141.0","116.0","7923.0","0.1208953857421875","0.5822111368179321","1.0","220.0","141.0","1.2155172413793103","0.20463438493519198","87.14642944485205","124.93207385668867","4.466203619721767","0.0","['large_irregular_edge_region']","0.37063400835153415","0.7535932390850393","0.779","0.37063400835153415","0.5876132754837021","minimum","0.37063400835153415","S4","O1","D3","High","Quarantine item or lot pending quality engineer review.","True","S4|O1|D3","True","['Fused confidence 0.371 is below operational threshold 0.600.']","outputs/risk_padim_hazelnut/artefacts/hazelnut__test__crack__000_heatmap_overlay.png","outputs/risk_padim_hazelnut/artefacts/hazelnut__test__crack__000_mask.png","outputs/risk_padim_hazelnut/artefacts/hazelnut__test__crack__000_annotated.png","simple_statistical_reference","0.42","minimum",""
"hazelnut__test__crack__001","data/mvtec_anomaly_detection/hazelnut/test/crack/001.png","3657bc7f6776c1792dce241e76d3bd760bd780b026bf2e4f5c1d80ac102aa487","2026-06-08T19:19:47.296325+00:00","anomalib_padim","0.5207482151979385","0.5","True","0.5207482151979385","0.020748215197938458","0.8422543013095856","0.083251953125","1","[{'x': 137, 'y': 88, 'w': 84, 'h': 112, 'area_px': 5456, 'area_ratio': 0.083251953125, 'mean_heat': 0.5605651140213013, 'max_heat': 1.0, 'x2': 221, 'y2': 200, 'aspect_ratio': 1.3333333333333333}]","deformation","0.779","rules_constrained_taxonomy","137.0","88.0","84.0","112.0","5456.0","0.083251953125","0.5605651140213013","1.0","221.0","200.0","1.3333333333333333","0.23288690476190477","85.10873724489795","117.68579931972789","5.237252869897958","0.0","['large_irregular_edge_region']","0.5207482151979385","0.8422543013095856","0.779","0.5207482151979385","0.681762987231948","minimum","0.5207482151979385","S4","O1","D3","High","Quarantine item or lot pending quality engineer review.","True","S4|O1|D3","True","['Fused confidence 0.521 is below operational threshold 0.600.', 'Anomaly score is close to the decision boundary; margin=0.021.']","outputs/risk_padim_hazelnut/artefacts/hazelnut__test__crack__001_heatmap_overlay.png","outputs/risk_padim_hazelnut/artefacts/hazelnut__test__crack__001_mask.png","outputs/risk_padim_hazelnut/artefacts/hazelnut__test__crack__001_annotated.png","simple_statistical_reference","0.42","minimum",""
"hazelnut__test__crack__002","data/mvtec_anomaly_detection/hazelnut/test/crack/002.png","c4cd667138b269fabe65fa39a6d68a85bfdf49f8a2c77f6f03c883cdc015dad4","2026-06-08T19:19:47.354518+00:00","anomalib_padim","1.0","0.5","True","1.0","0.5","0.6375119959816686","0.0132904052734375","3","[{'x': 139, 'y': 237, 'w': 35, 'h': 19, 'area_px': 565, 'area_ratio': 0.0086212158203125, 'mean_heat': 0.7111990451812744, 'max_heat': 1.0, 'x2': 174, 'y2': 256, 'aspect_ratio': 1.8421052631578947}, {'x': 207, 'y': 35, 'w': 14, 'h': 26, 'area_px': 260, 'area_ratio': 0.00396728515625, 'mean_heat': 0.4530467689037323, 'max_heat': 0.4901960790157318, 'x2': 221, 'y2': 61, 'aspect_ratio': 1.8571428571428572}, {'x': 180, 'y': 66, 'w': 7, 'h': 8, 'area_px': 46, 'area_ratio': 0.000701904296875, 'mean_heat': 0.4416027367115021, 'max_heat': 0.45490196347236633, 'x2': 187, 'y2': 74, 'aspect_ratio': 1.1428571428571428}]","unknown","0.5774999999999999","rules_constrained_taxonomy","139.0","237.0","35.0","19.0","565.0","0.0086212158203125","0.7111990451812744","1.0","174.0","256.0","1.8421052631578947","0.016541353383458645","27.049624060150375","54.26466165413534","1.450739048055869","0.0","['no_rule_matched_confidently']","1.0","0.6375119959816686","0.5774999999999999","0.5774999999999999","0.7856285987945006","minimum","0.5774999999999999","S3","O3","D2","High","Quarantine item or lot pending quality engineer review.","True","S3|O3|D2","True","['Fused confidence 0.577 is below operational threshold 0.600.', 'Semantic label is unknown or not confidently mapped to the taxonomy.']","outputs/risk_padim_hazelnut/artefacts/hazelnut__test__crack__002_heatmap_overlay.png","outputs/risk_padim_hazelnut/artefacts/hazelnut__test__crack__002_mask.png","outputs/risk_padim_hazelnut/artefacts/hazelnut__test__crack__002_annotated.png","simple_statistical_reference","0.42","minimum",""
"hazelnut__test__crack__003","data/mvtec_anomaly_detection/hazelnut/test/crack/003.png","f7b977c75b14eb2346a8959a40e544cb06540a046a17753ed94cec36cd38b4b0","2026-06-08T19:19:47.414478+00:00","anomalib_padim","0.32704994303331275","0.5","True","0.32704994303331275","0.17295005696668725","0.7518648119170461","0.0731048583984375","3","[{'x': 58, 'y': 121, 'w': 116, 'h': 80, 'area_px': 3896, 'area_ratio': 0.0594482421875, 'mean_heat': 0.6002033352851868, 'max_heat': 1.0, 'x2': 174, 'y2': 201, 'aspect_ratio': 1.45}, {'x': 175, 'y': 0, 'w': 32, 'h': 22, 'area_px': 563, 'area_ratio': 0.0085906982421875, 'mean_heat': 0.6506668925285339, 'max_heat': 0.9372549057006836, 'x2': 207, 'y2': 22, 'aspect_ratio': 1.4545454545454546}, {'x': 216, 'y': 135, 'w': 18, 'h': 24, 'area_px': 332, 'area_ratio': 0.00506591796875, 'mean_heat': 0.48424285650253296, 'max_heat': 0.5490196347236633, 'x2': 234, 'y2': 159, 'aspect_ratio': 1.3333333333333333}]","unknown","0.5774999999999999","rules_constrained_taxonomy","58.0","121.0","116.0","80.0","3896.0","0.0594482421875","0.6002033352851868","1.0","174.0","201.0","1.45","0.16605603448275863","95.94784482758621","121.59256465517241","4.320556317485199","0.0","['no_rule_matched_confidently']","0.32704994303331275","0.7518648119170461","0.5774999999999999","0.32704994303331275","0.5171069179401044","minimum","0.32704994303331275","S3","O3","D3","Critical","Stop release or production path until authorised review is complete.","True","S3|O3|D3","True","['Fused confidence 0.327 is below operational threshold 0.600.', 'Semantic label is unknown or not confidently mapped to the taxonomy.', 'Critical risk class requires operator confirmation before release decision.']","outputs/risk_padim_hazelnut/artefacts/hazelnut__test__crack__003_heatmap_overlay.png","outputs/risk_padim_hazelnut/artefacts/hazelnut__test__crack__003_mask.png","outputs/risk_padim_hazelnut/artefacts/hazelnut__test__crack__003_annotated.png","simple_statistical_reference","0.42","minimum",""
"hazelnut__test__crack__004","data/mvtec_anomaly_detection/hazelnut/test/crack/004.png","15d9b0d004a7a77e6541b5d68c6fd12b45a8b12b43c017e87bd20d4fe0727bbf","2026-06-08T19:19:47.474639+00:00","anomalib_padim","0.5723135833900912","0.5","True","0.5723135833900912","0.0723135833900912","0.6645896363045278","0.051055908203125","4","[{'x': 128, 'y': 155, 'w': 59, 'h': 54, 'area_px': 2298, 'area_ratio': 0.035064697265625, 'mean_heat': 0.6446407437324524, 'max_heat': 1.0, 'x2': 187, 'y2': 209, 'aspect_ratio': 1.0925925925925926}, {'x': 67, 'y': 200, 'w': 33, 'h': 28, 'area_px': 655, 'area_ratio': 0.0099945068359375, 'mean_heat': 0.5504446029663086, 'max_heat': 0.7215686440467834, 'x2': 100, 'y2': 228, 'aspect_ratio': 1.1785714285714286}, {'x': 112, 'y': 48, 'w': 16, 'h': 17, 'area_px': 230, 'area_ratio': 0.003509521484375, 'mean_heat': 0.5154305696487427, 'max_heat': 0.615686297416687, 'x2': 128, 'y2': 65, 'aspect_ratio': 1.0625}, {'x': 106, 'y': 71, 'w': 17, 'h': 15, 'area_px': 163, 'area_ratio': 0.0024871826171875, 'mean_heat': 0.46943342685699463, 'max_heat': 0.5098039507865906, 'x2': 123, 'y2': 86, 'aspect_ratio': 1.1333333333333333}]","unknown","0.5774999999999999","rules_constrained_taxonomy","128.0","155.0","59.0","54.0","2298.0","0.035064697265625","0.6446407437324524","1.0","187.0","209.0","1.0925925925925926","0.23038292529817953","92.36629001883239","122.04268675455116","1.3971385525961892","0.0","['no_rule_matched_confidently']","0.5723135833900912","0.6645896363045278","0.5774999999999999","0.5723135833900912","0.6012930034168994","minimum","0.5723135833900912","S3","O3","D2","High","Quarantine item or lot pending quality engineer review.","True","S3|O3|D2","True","['Fused confidence 0.572 is below operational threshold 0.600.', 'Semantic label is unknown or not confidently mapped to the taxonomy.']","outputs/risk_padim_hazelnut/artefacts/hazelnut__test__crack__004_heatmap_overlay.png","outputs/risk_padim_hazelnut/artefacts/hazelnut__test__crack__004_mask.png","outputs/risk_padim_hazelnut/artefacts/hazelnut__test__crack__004_annotated.png","simple_statistical_reference","0.42","minimum",""
"hazelnut__test__crack__005","data/mvtec_anomaly_detection/hazelnut/test/crack/005.png","3c262e7cbb0b1b81b6459d952353764f76b86e05119f3861c0076fac8f6a158b","2026-06-08T19:19:47.530156+00:00","anomalib_padim","0.43722979109629123","0.5","True","0.43722979109629123","0.06277020890370877","0.5816289057378612","0.0547637939453125","4","[{'x': 144, 'y': 153, 'w': 42, 'h': 59, 'area_px': 1666, 'area_ratio': 0.025421142578125, 'mean_heat': 0.6135160326957703, 'max_heat': 1.0, 'x2': 186, 'y2': 212, 'aspect_ratio': 1.4047619047619047}, {'x': 82, 'y': 37, 'w': 54, 'h': 51, 'area_px': 1151, 'area_ratio': 0.0175628662109375, 'mean_heat': 0.49978023767471313, 'max_heat': 0.6313725709915161, 'x2': 136, 'y2': 88, 'aspect_ratio': 1.0588235294117647}, {'x': 208, 'y': 168, 'w': 25, 'h': 38, 'area_px': 581, 'area_ratio': 0.0088653564453125, 'mean_heat': 0.5443488359451294, 'max_heat': 0.8470588326454163, 'x2': 233, 'y2': 206, 'aspect_ratio': 1.52}, {'x': 129, 'y': 130, 'w': 16, 'h': 16, 'area_px': 191, 'area_ratio': 0.0029144287109375, 'mean_heat': 0.456790953874588, 'max_heat': 0.49803921580314636, 'x2': 145, 'y2': 146, 'aspect_ratio': 1.0}]","unknown","0.5774999999999999","rules_constrained_taxonomy","144.0","153.0","42.0","59.0","1666.0","0.025421142578125","0.6135160326957703","1.0","186.0","212.0","1.4047619047619047","0.15738498789346247","94.70258272800646","110.83010492332527","4.30120341766164","0.0","['no_rule_matched_confidently']","0.43722979109629123","0.5816289057378612","0.5774999999999999","0.43722979109629123","0.5156170777146893","minimum","0.43722979109629123","S3","O3","D3","Critical","Stop release or production path until authorised review is complete.","True","S3|O3|D3","True","['Fused confidence 0.437 is below operational threshold 0.600.', 'Semantic label is unknown or not confidently mapped to the taxonomy.', 'Anomaly score is close to the decision boundary; margin=0.063.', 'Critical risk class requires operator confirmation before release decision.']","outputs/risk_padim_hazelnut/artefacts/hazelnut__test__crack__005_heatmap_overlay.png","outputs/risk_padim_hazelnut/artefacts/hazelnut__test__crack__005_mask.png","outputs/risk_padim_hazelnut/artefacts/hazelnut__test__crack__005_annotated.png","simple_statistical_reference","0.42","minimum",""
"hazelnut__test__crack__006","data/mvtec_anomaly_detection/hazelnut/test/crack/006.png","d99a752e32e4f0cb208bc1707341aa505a9ad106d61d3745570f8469f401491a","2026-06-08T19:19:47.586288+00:00","anomalib_padim","0.5651202774258277","0.5","True","0.5651202774258277","0.06512027742582771","0.7134173764662802","0.0810546875","4","[{'x': 139, 'y': 110, 'w': 89, 'h': 80, 'area_px': 4203, 'area_ratio': 0.0641326904296875, 'mean_heat': 0.6576226949691772, 'max_heat': 1.0, 'x2': 228, 'y2': 190, 'aspect_ratio': 1.1125}, {'x': 67, 'y': 0, 'w': 30, 'h': 19, 'area_px': 468, 'area_ratio': 0.00714111328125, 'mean_heat': 0.6309703588485718, 'max_heat': 0.8666666746139526, 'x2': 97, 'y2': 19, 'aspect_ratio': 1.5789473684210527}, {'x': 46, 'y': 95, 'w': 19, 'h': 56, 'area_px': 467, 'area_ratio': 0.0071258544921875, 'mean_heat': 0.4591594338417053, 'max_heat': 0.5215686559677124, 'x2': 65, 'y2': 151, 'aspect_ratio': 2.9473684210526314}, {'x': 0, 'y': 0, 'w': 11, 'h': 20, 'area_px': 174, 'area_ratio': 0.002655029296875, 'mean_heat': 0.4693938195705414, 'max_heat': 0.529411792755127, 'x2': 11, 'y2': 20, 'aspect_ratio': 1.8181818181818181}]","unknown","0.5774999999999999","rules_constrained_taxonomy","139.0","110.0","89.0","80.0","4203.0","0.0641326904296875","0.6576226949691772","1.0","228.0","190.0","1.1125","0.22275280898876404","84.55140449438203","120.34016853932584","3.840194176921713","0.0","['no_rule_matched_confidently']","0.5651202774258277","0.7134173764662802","0.5774999999999999","0.5651202774258277","0.6127043377815065","minimum","0.5651202774258277","S3","O3","D2","High","Quarantine item or lot pending quality engineer review.","True","S3|O3|D2","True","['Fused confidence 0.565 is below operational threshold 0.600.', 'Semantic label is unknown or not confidently mapped to the taxonomy.', 'Anomaly score is close to the decision boundary; margin=0.065.']","outputs/risk_padim_hazelnut/artefacts/hazelnut__test__crack__006_heatmap_overlay.png","outputs/risk_padim_hazelnut/artefacts/hazelnut__test__crack__006_mask.png","outputs/risk_padim_hazelnut/artefacts/hazelnut__test__crack__006_annotated.png","simple_statistical_reference","0.42","minimum",""
"hazelnut__test__crack__007","data/mvtec_anomaly_detection/hazelnut/test/crack/007.png","8bb80045842147ab80609cf854df340d158d0db76770b80845e673596cfdeebf","2026-06-08T19:19:47.647967+00:00","anomalib_padim","0.6767103456018804","0.5","True","0.6767103456018804","0.17671034560188037","0.6553488696441937","0.0767822265625","3","[{'x': 142, 'y': 138, 'w': 77, 'h': 80, 'area_px': 2986, 'area_ratio': 0.045562744140625, 'mean_heat': 0.6156035661697388, 'max_heat': 1.0, 'x2': 219, 'y2': 218, 'aspect_ratio': 1.0389610389610389}, {'x': 80, 'y': 66, 'w': 49, 'h': 62, 'area_px': 1995, 'area_ratio': 0.0304412841796875, 'mean_heat': 0.5389100313186646, 'max_heat': 0.7411764860153198, 'x2': 129, 'y2': 128, 'aspect_ratio': 1.2653061224489797}, {'x': 127, 'y': 203, 'w': 12, 'h': 6, 'area_px': 51, 'area_ratio': 0.0007781982421875, 'mean_heat': 0.43467891216278076, 'max_heat': 0.4470588266849518, 'x2': 139, 'y2': 209, 'aspect_ratio': 2.0}]","unknown","0.5774999999999999","rules_constrained_taxonomy","142.0","138.0","77.0","80.0","2986.0","0.045562744140625","0.6156035661697388","1.0","219.0","218.0","1.0389610389610389","0.2582792207792208","76.12646103896104","111.49301948051948","4.147182365125914","0.0","['no_rule_matched_confidently']","0.6767103456018804","0.6553488696441937","0.5774999999999999","0.5774999999999999","0.6454993164141043","minimum","0.5774999999999999","S3","O3","D2","High","Quarantine item or lot pending quality engineer review.","True","S3|O3|D2","True","['Fused confidence 0.577 is below operational threshold 0.600.', 'Semantic label is unknown or not confidently mapped to the taxonomy.']","outputs/risk_padim_hazelnut/artefacts/hazelnut__test__crack__007_heatmap_overlay.png","outputs/risk_padim_hazelnut/artefacts/hazelnut__test__crack__007_mask.png","outputs/risk_padim_hazelnut/artefacts/hazelnut__test__crack__007_annotated.png","simple_statistical_reference","0.42","minimum",""
"hazelnut__test__crack__008","data/mvtec_anomaly_detection/hazelnut/test/crack/008.png","482693e98866b23afed0c2ed3803d2dfa6dfdaf571ba0753558b1eb09ea75975","2026-06-08T19:19:47.704508+00:00","anomalib_padim","0.565326027754715","0.5","True","0.565326027754715","0.06532602775471497","0.8119448720359688","0.1782989501953125","2","[{'x': 63, 'y': 98, 'w': 139, 'h': 116, 'area_px': 11228, 'area_ratio': 0.17132568359375, 'mean_heat': 0.6083918213844299, 'max_heat': 1.0, 'x2': 202, 'y2': 214, 'aspect_ratio': 1.1982758620689655}, {'x': 18, 'y': 84, 'w': 25, 'h': 25, 'area_px': 457, 'area_ratio': 0.0069732666015625, 'mean_heat': 0.534105658531189, 'max_heat': 0.6549019813537598, 'x2': 43, 'y2': 109, 'aspect_ratio': 1.0}]","deformation","0.779","rules_constrained_taxonomy","63.0","98.0","139.0","116.0","11228.0","0.17132568359375","0.6083918213844299","1.0","202.0","214.0","1.1982758620689655","0.21409079632845449","90.19827586206897","127.87552716447532","3.466359928540129","0.0","['large_irregular_edge_region']","0.565326027754715","0.8119448720359688","0.779","0.565326027754715","0.6927301741004124","minimum","0.565326027754715","S4","O1","D2","Medium","Reinspect item and consider rework if defect is confirmed.","True","S4|O1|D2","True","['Fused confidence 0.565 is below operational threshold 0.600.', 'Anomaly score is close to the decision boundary; margin=0.065.']","outputs/risk_padim_hazelnut/artefacts/hazelnut__test__crack__008_heatmap_overlay.png","outputs/risk_padim_hazelnut/artefacts/hazelnut__test__crack__008_mask.png","outputs/risk_padim_hazelnut/artefacts/hazelnut__test__crack__008_annotated.png","simple_statistical_reference","0.42","minimum",""
"hazelnut__test__crack__009","data/mvtec_anomaly_detection/hazelnut/test/crack/009.png","c30d8b0a924b2859c2283a1b90ffc74f6eb5c76b64e312fe7c45fe5e28548df4","2026-06-08T19:19:47.763752+00:00","anomalib_padim","0.6563014841967538","0.5","True","0.6563014841967538","0.15630148419675383","0.6176468197518152","0.0987701416015625","7","[{'x': 84, 'y': 31, 'w': 110, 'h': 86, 'area_px': 4630, 'area_ratio': 0.070648193359375, 'mean_heat': 0.5224621891975403, 'max_heat': 1.0, 'x2': 194, 'y2': 117, 'aspect_ratio': 1.2790697674418605}, {'x': 140, 'y': 159, 'w': 51, 'h': 23, 'area_px': 881, 'area_ratio': 0.0134429931640625, 'mean_heat': 0.5002604126930237, 'max_heat': 0.572549045085907, 'x2': 191, 'y2': 182, 'aspect_ratio': 2.217391304347826}, {'x': 197, 'y': 91, 'w': 23, 'h': 44, 'area_px': 428, 'area_ratio': 0.00653076171875, 'mean_heat': 0.45491114258766174, 'max_heat': 0.5215686559677124, 'x2': 220, 'y2': 135, 'aspect_ratio': 1.9130434782608696}, {'x': 196, 'y': 142, 'w': 13, 'h': 17, 'area_px': 176, 'area_ratio': 0.002685546875, 'mean_heat': 0.47736185789108276, 'max_heat': 0.545098066329956, 'x2': 209, 'y2': 159, 'aspect_ratio': 1.3076923076923077}, {'x': 156, 'y': 102, 'w': 13, 'h': 19, 'area_px': 160, 'area_ratio': 0.00244140625, 'mean_heat': 0.43882352113723755, 'max_heat': 0.4588235318660736, 'x2': 169, 'y2': 121, 'aspect_ratio': 1.4615384615384615}, {'x': 70, 'y': 105, 'w': 10, 'h': 15, 'area_px': 109, 'area_ratio': 0.0016632080078125, 'mean_heat': 0.44972121715545654, 'max_heat': 0.48235294222831726, 'x2': 80, 'y2': 120, 'aspect_ratio': 1.5}, {'x': 81, 'y': 147, 'w': 11, 'h': 10, 'area_px': 89, 'area_ratio': 0.0013580322265625, 'mean_heat': 0.438995361328125, 'max_heat': 0.45490196347236633, 'x2': 92, 'y2': 157, 'aspect_ratio': 1.1}]","unknown","0.5774999999999999","rules_constrained_taxonomy","84.0","31.0","110.0","86.0","4630.0","0.070648193359375","0.5224621891975403","1.0","194.0","117.0","1.2790697674418605","0.20042283298097252","83.94006342494714","117.98287526427062","3.9384294380190425","0.0","['no_rule_matched_confidently']","0.6563014841967538","0.6176468197518152","0.5774999999999999","0.5774999999999999","0.6250047138140837","minimum","0.5774999999999999","S3","O3","D2","High","Quarantine item or lot pending quality engineer review.","True","S3|O3|D2","True","['Fused confidence 0.577 is below operational threshold 0.600.', 'Semantic label is unknown or not confidently mapped to the taxonomy.']","outputs/risk_padim_hazelnut/artefacts/hazelnut__test__crack__009_heatmap_overlay.png","outputs/risk_padim_hazelnut/artefacts/hazelnut__test__crack__009_mask.png","outputs/risk_padim_hazelnut/artefacts/hazelnut__test__crack__009_annotated.png","simple_statistical_reference","0.42","minimum",""
"hazelnut__test__crack__010","data/mvtec_anomaly_detection/hazelnut/test/crack/010.png","39cadf02608a7a36041a2326c2a2c09dca5b0ccb44a7570bc71b70dee5bfdada","2026-06-08T19:19:47.831728+00:00","anomalib_padim","0.49299658299320887","0.5","True","0.49299658299320887","0.007003417006791135","0.5345476544889395","0.0905303955078125","6","[{'x': 121, 'y': 132, 'w': 85, 'h': 62, 'area_px': 2384, 'area_ratio': 0.036376953125, 'mean_heat': 0.5025332570075989, 'max_heat': 0.6392157077789307, 'x2': 206, 'y2': 194, 'aspect_ratio': 1.3709677419354838}, {'x': 83, 'y': 27, 'w': 61, 'h': 45, 'area_px': 1707, 'area_ratio': 0.0260467529296875, 'mean_heat': 0.619364321231842, 'max_heat': 1.0, 'x2': 144, 'y2': 72, 'aspect_ratio': 1.3555555555555556}, {'x': 168, 'y': 69, 'w': 37, 'h': 50, 'area_px': 885, 'area_ratio': 0.0135040283203125, 'mean_heat': 0.517585039138794, 'max_heat': 0.7764706015586853, 'x2': 205, 'y2': 119, 'aspect_ratio': 1.3513513513513513}, {'x': 61, 'y': 78, 'w': 21, 'h': 37, 'area_px': 447, 'area_ratio': 0.0068206787109375, 'mean_heat': 0.4875553846359253, 'max_heat': 0.6235294342041016, 'x2': 82, 'y2': 115, 'aspect_ratio': 1.7619047619047619}, {'x': 83, 'y': 168, 'w': 20, 'h': 20, 'area_px': 287, 'area_ratio': 0.0043792724609375, 'mean_heat': 0.45184123516082764, 'max_heat': 0.48627451062202454, 'x2': 103, 'y2': 188, 'aspect_ratio': 1.0}, {'x': 55, 'y': 138, 'w': 17, 'h': 22, 'area_px': 223, 'area_ratio': 0.0034027099609375, 'mean_heat': 0.473261296749115, 'max_heat': 0.5607843399047852, 'x2': 72, 'y2': 160, 'aspect_ratio': 1.2941176470588236}]","unknown","0.45122549772262566","rules_constrained_taxonomy","121.0","132.0","85.0","62.0","2384.0","0.036376953125","0.5025332570075989","0.6392157077789307","206.0","194.0","1.3709677419354838","0.2747628083491461","102.52447817836813","140.45559772296016","5.966468531249575","0.0","['no_rule_matched_confidently']","0.49299658299320887","0.5345476544889395","0.45122549772262566","0.45122549772262566","0.49501913312428225","minimum","0.45122549772262566","S3","O3","D3","Critical","Stop release or production path until authorised review is complete.","True","S3|O3|D3","True","['Fused confidence 0.451 is below operational threshold 0.600.', 'Semantic label is unknown or not confidently mapped to the taxonomy.', 'Anomaly score is close to the decision boundary; margin=0.007.', 'Critical risk class requires operator confirmation before release decision.']","outputs/risk_padim_hazelnut/artefacts/hazelnut__test__crack__010_heatmap_overlay.png","outputs/risk_padim_hazelnut/artefacts/hazelnut__test__crack__010_mask.png","outputs/risk_padim_hazelnut/artefacts/hazelnut__test__crack__010_annotated.png","simple_statistical_reference","0.42","minimum",""
"hazelnut__test__crack__011","data/mvtec_anomaly_detection/hazelnut/test/crack/011.png","c83d9f85a2c0cfbaa407b41bc667ca56e4c66274f3fc2d503be2e799a12f955e","2026-06-08T19:19:47.889939+00:00","anomalib_padim","0.6567891592150541","0.5","True","0.6567891592150541","0.1567891592150541","0.6840707319766891","0.060821533203125","4","[{'x': 54, 'y': 66, 'w': 92, 'h': 91, 'area_px': 3146, 'area_ratio': 0.048004150390625, 'mean_heat': 0.5158432722091675, 'max_heat': 1.0, 'x2': 146, 'y2': 157, 'aspect_ratio': 1.010989010989011}, {'x': 75, 'y': 212, 'w': 28, 'h': 34, 'area_px': 678, 'area_ratio': 0.010345458984375, 'mean_heat': 0.5982995629310608, 'max_heat': 0.8627451062202454, 'x2': 103, 'y2': 246, 'aspect_ratio': 1.2142857142857142}, {'x': 141, 'y': 148, 'w': 17, 'h': 8, 'area_px': 109, 'area_ratio': 0.0016632080078125, 'mean_heat': 0.4330635666847229, 'max_heat': 0.4431372582912445, 'x2': 158, 'y2': 156, 'aspect_ratio': 2.125}, {'x': 95, 'y': 135, 'w': 8, 'h': 9, 'area_px': 53, 'area_ratio': 0.0008087158203125, 'mean_heat': 0.43285229802131653, 'max_heat': 0.4431372582912445, 'x2': 103, 'y2': 144, 'aspect_ratio': 1.125}]","unknown","0.5774999999999999","rules_constrained_taxonomy","54.0","66.0","92.0","91.0","3146.0","0.048004150390625","0.5158432722091675","1.0","146.0","157.0","1.010989010989011","0.23793597706641184","96.65336837075968","142.3823459149546","1.6640121921511621","0.0","['no_rule_matched_confidently']","0.6567891592150541","0.6840707319766891","0.5774999999999999","0.5774999999999999","0.6451513412397811","minimum","0.5774999999999999","S3","O3","D2","High","Quarantine item or lot pending quality engineer review.","True","S3|O3|D2","True","['Fused confidence 0.577 is below operational threshold 0.600.', 'Semantic label is unknown or not confidently mapped to the taxonomy.']","outputs/risk_padim_hazelnut/artefacts/hazelnut__test__crack__011_heatmap_overlay.png","outputs/risk_padim_hazelnut/artefacts/hazelnut__test__crack__011_mask.png","outputs/risk_padim_hazelnut/artefacts/hazelnut__test__crack__011_annotated.png","simple_statistical_reference","0.42","minimum",""
"hazelnut__test__crack__012","data/mvtec_anomaly_detection/hazelnut/test/crack/012.png","0523483988a920ff336c3a239381b98bbf7b67afd53d6b5ba3e7aa5b7ca6fd6c","2026-06-08T19:19:47.952356+00:00","anomalib_padim","0.2207835278812579","0.5","True","0.2207835278812579","0.2792164721187421","0.746144215216678","0.07647705078125","3","[{'x': 84, 'y': 60, 'w': 90, 'h': 88, 'area_px': 3888, 'area_ratio': 0.059326171875, 'mean_heat': 0.6006858944892883, 'max_heat': 0.9333333373069763, 'x2': 174, 'y2': 148, 'aspect_ratio': 1.0227272727272727}, {'x': 89, 'y': 157, 'w': 24, 'h': 35, 'area_px': 632, 'area_ratio': 0.0096435546875, 'mean_heat': 0.5145445466041565, 'max_heat': 0.6745098233222961, 'x2': 113, 'y2': 192, 'aspect_ratio': 1.4583333333333333}, {'x': 9, 'y': 109, 'w': 24, 'h': 25, 'area_px': 492, 'area_ratio': 0.00750732421875, 'mean_heat': 0.6550852656364441, 'max_heat': 1.0, 'x2': 33, 'y2': 134, 'aspect_ratio': 1.0416666666666667}]","unknown","0.5541666680574417","rules_constrained_taxonomy","84.0","60.0","90.0","88.0","3888.0","0.059326171875","0.6006858944892883","0.9333333373069763","174.0","148.0","1.0227272727272727","0.25833333333333336","112.65164141414141","156.49482323232323","3.408898308190757","0.0","['no_rule_matched_confidently']","0.2207835278812579","0.746144215216678","0.5541666680574417","0.2207835278812579","0.46173751912592986","minimum","0.2207835278812579","S3","O3","D3","Critical","Stop release or production path until authorised review is complete.","True","S3|O3|D3","True","['Fused confidence 0.221 is below operational threshold 0.600.', 'Semantic label is unknown or not confidently mapped to the taxonomy.', 'Critical risk class requires operator confirmation before release decision.']","outputs/risk_padim_hazelnut/artefacts/hazelnut__test__crack__012_heatmap_overlay.png","outputs/risk_padim_hazelnut/artefacts/hazelnut__test__crack__012_mask.png","outputs/risk_padim_hazelnut/artefacts/hazelnut__test__crack__012_annotated.png","simple_statistical_reference","0.42","minimum",""
"hazelnut__test__crack__013","data/mvtec_anomaly_detection/hazelnut/test/crack/013.png","b65ef8c7eb689a6ee1b5dd1453b596369f46e78707d2de5dacc2f5a606ee8da4","2026-06-08T19:19:48.014596+00:00","anomalib_padim","0.19993054807651287","0.5","True","0.19993054807651287","0.3000694519234871","0.7994575179436676","0.1063690185546875","2","[{'x': 76, 'y': 58, 'w': 130, 'h': 125, 'area_px': 6702, 'area_ratio': 0.102264404296875, 'mean_heat': 0.6019824147224426, 'max_heat': 1.0, 'x2': 206, 'y2': 183, 'aspect_ratio': 1.04}, {'x': 174, 'y': 149, 'w': 23, 'h': 15, 'area_px': 269, 'area_ratio': 0.0041046142578125, 'mean_heat': 0.4842044413089752, 'max_heat': 0.5882353186607361, 'x2': 197, 'y2': 164, 'aspect_ratio': 1.5333333333333334}]","deformation","0.779","rules_constrained_taxonomy","76.0","58.0","130.0","125.0","6702.0","0.102264404296875","0.6019824147224426","1.0","206.0","183.0","1.04","0.21513846153846153","101.7904","132.2752","4.788894122218991","0.0","['large_irregular_edge_region']","0.19993054807651287","0.7994575179436676","0.779","0.19993054807651287","0.524556002017531","minimum","0.19993054807651287","S4","O1","D3","High","Quarantine item or lot pending quality engineer review.","True","S4|O1|D3","True","['Fused confidence 0.200 is below operational threshold 0.600.']","outputs/risk_padim_hazelnut/artefacts/hazelnut__test__crack__013_heatmap_overlay.png","outputs/risk_padim_hazelnut/artefacts/hazelnut__test__crack__013_mask.png","outputs/risk_padim_hazelnut/artefacts/hazelnut__test__crack__013_annotated.png","simple_statistical_reference","0.42","minimum",""
"hazelnut__test__crack__014","data/mvtec_anomaly_detection/hazelnut/test/crack/014.png","8535b7fec53c9777545c67a129d0c453bea664b54c8289d74ae09204b7d31524","2026-06-08T19:19:48.069151+00:00","anomalib_padim","0.597859639691297","0.5","True","0.597859639691297","0.09785963969129696","0.6331149569733698","0.0640106201171875","3","[{'x': 186, 'y': 47, 'w': 51, 'h': 78, 'area_px': 2071, 'area_ratio': 0.0316009521484375, 'mean_heat': 0.6385056376457214, 'max_heat': 1.0, 'x2': 237, 'y2': 125, 'aspect_ratio': 1.5294117647058822}, {'x': 141, 'y': 127, 'w': 40, 'h': 62, 'area_px': 1764, 'area_ratio': 0.02691650390625, 'mean_heat': 0.5475479364395142, 'max_heat': 0.6980392336845398, 'x2': 181, 'y2': 189, 'aspect_ratio': 1.55}, {'x': 92, 'y': 197, 'w': 20, 'h': 24, 'area_px': 360, 'area_ratio': 0.0054931640625, 'mean_heat': 0.5408061742782593, 'max_heat': 0.7372549176216125, 'x2': 112, 'y2': 221, 'aspect_ratio': 1.2}]","unknown","0.5774999999999999","rules_constrained_taxonomy","186.0","47.0","51.0","78.0","2071.0","0.0316009521484375","0.6385056376457214","1.0","237.0","125.0","1.5294117647058822","0.1113624937154349","68.99974861739568","90.74861739567622","1.7876177822099066","0.0","['no_rule_matched_confidently']","0.597859639691297","0.6331149569733698","0.5774999999999999","0.5774999999999999","0.6033463249530946","minimum","0.5774999999999999","S3","O3","D2","High","Quarantine item or lot pending quality engineer review.","True","S3|O3|D2","True","['Fused confidence 0.577 is below operational threshold 0.600.', 'Semantic label is unknown or not confidently mapped to the taxonomy.']","outputs/risk_padim_hazelnut/artefacts/hazelnut__test__crack__014_heatmap_overlay.png","outputs/risk_padim_hazelnut/artefacts/hazelnut__test__crack__014_mask.png","outputs/risk_padim_hazelnut/artefacts/hazelnut__test__crack__014_annotated.png","simple_statistical_reference","0.42","minimum",""
"hazelnut__test__crack__015","data/mvtec_anomaly_detection/hazelnut/test/crack/015.png","92ed91cd6b819634f54ac722e70eb74694be294c8996f75ab46486a3b00f1804","2026-06-08T19:19:48.143846+00:00","anomalib_padim","0.5136002558503848","0.5","True","0.5136002558503848","0.013600255850384824","0.7701170845843699","0.0803070068359375","3","[{'x': 130, 'y': 77, 'w': 63, 'h': 115, 'area_px': 4985, 'area_ratio': 0.0760650634765625, 'mean_heat': 0.6671552062034607, 'max_heat': 1.0, 'x2': 193, 'y2': 192, 'aspect_ratio': 1.8253968253968254}, {'x': 95, 'y': 45, 'w': 15, 'h': 17, 'area_px': 204, 'area_ratio': 0.00311279296875, 'mean_heat': 0.4624760150909424, 'max_heat': 0.5058823823928833, 'x2': 110, 'y2': 62, 'aspect_ratio': 1.1333333333333333}, {'x': 159, 'y': 18, 'w': 10, 'h': 10, 'area_px': 74, 'area_ratio': 0.001129150390625, 'mean_heat': 0.45246422290802, 'max_heat': 0.48627451062202454, 'x2': 169, 'y2': 28, 'aspect_ratio': 1.0}]","unknown","0.5774999999999999","rules_constrained_taxonomy","130.0","77.0","63.0","115.0","4985.0","0.0760650634765625","0.6671552062034607","1.0","193.0","192.0","1.8253968253968254","0.27839889579020016","97.42305037957212","138.81311249137337","0.9827859331150961","0.0","['no_rule_matched_confidently']","0.5136002558503848","0.7701170845843699","0.5774999999999999","0.5136002558503848","0.6065302405079841","minimum","0.5136002558503848","S3","O3","D3","Critical","Stop release or production path until authorised review is complete.","True","S3|O3|D3","True","['Fused confidence 0.514 is below operational threshold 0.600.', 'Semantic label is unknown or not confidently mapped to the taxonomy.', 'Anomaly score is close to the decision boundary; margin=0.014.', 'Critical risk class requires operator confirmation before release decision.']","outputs/risk_padim_hazelnut/artefacts/hazelnut__test__crack__015_heatmap_overlay.png","outputs/risk_padim_hazelnut/artefacts/hazelnut__test__crack__015_mask.png","outputs/risk_padim_hazelnut/artefacts/hazelnut__test__crack__015_annotated.png","simple_statistical_reference","0.42","minimum",""
"hazelnut__test__crack__016","data/mvtec_anomaly_detection/hazelnut/test/crack/016.png","b6b1b6800ed113d8f90ce11156b7c68e1cfef28ad056c7987507bf1575510ef6","2026-06-08T19:19:48.537575+00:00","anomalib_padim","0.48485487640710007","0.5","True","0.48485487640710007","0.015145123592899934","0.4850852676523888","0.02593994140625","5","[{'x': 189, 'y': 83, 'w': 20, 'h': 33, 'area_px': 522, 'area_ratio': 0.007965087890625, 'mean_heat': 0.6440688371658325, 'max_heat': 1.0, 'x2': 209, 'y2': 116, 'aspect_ratio': 1.65}, {'x': 159, 'y': 38, 'w': 27, 'h': 36, 'area_px': 451, 'area_ratio': 0.0068817138671875, 'mean_heat': 0.49163082242012024, 'max_heat': 0.5921568870544434, 'x2': 186, 'y2': 74, 'aspect_ratio': 1.3333333333333333}, {'x': 43, 'y': 155, 'w': 20, 'h': 20, 'area_px': 306, 'area_ratio': 0.004669189453125, 'mean_heat': 0.5023452639579773, 'max_heat': 0.6000000238418579, 'x2': 63, 'y2': 175, 'aspect_ratio': 1.0}, {'x': 150, 'y': 175, 'w': 26, 'h': 25, 'area_px': 348, 'area_ratio': 0.00531005859375, 'mean_heat': 0.44079336524009705, 'max_heat': 0.4745098054409027, 'x2': 176, 'y2': 200, 'aspect_ratio': 1.04}, {'x': 186, 'y': 135, 'w': 8, 'h': 12, 'area_px': 73, 'area_ratio': 0.0011138916015625, 'mean_heat': 0.43524038791656494, 'max_heat': 0.45098039507865906, 'x2': 194, 'y2': 147, 'aspect_ratio': 1.5}]","unknown","0.5774999999999999","rules_constrained_taxonomy","189.0","83.0","20.0","33.0","522.0","0.007965087890625","0.6440688371658325","1.0","209.0","116.0","1.65","0.23787878787878788","103.53030303030303","156.91666666666666","6.062615955473106","0.0","['no_rule_matched_confidently']","0.48485487640710007","0.4850852676523888","0.5774999999999999","0.48485487640710007","0.5080852746789117","minimum","0.48485487640710007","S3","O3","D3","Critical","Stop release or production path until authorised review is complete.","True","S3|O3|D3","True","['Fused confidence 0.485 is below operational threshold 0.600.', 'Semantic label is unknown or not confidently mapped to the taxonomy.', 'Anomaly score is close to the decision boundary; margin=0.015.', 'Critical risk class requires operator confirmation before release decision.']","outputs/risk_padim_hazelnut/artefacts/hazelnut__test__crack__016_heatmap_overlay.png","outputs/risk_padim_hazelnut/artefacts/hazelnut__test__crack__016_mask.png","outputs/risk_padim_hazelnut/artefacts/hazelnut__test__crack__016_annotated.png","simple_statistical_reference","0.42","minimum",""
"hazelnut__test__crack__017","data/mvtec_anomaly_detection/hazelnut/test/crack/017.png","44793a32ecfdc2d92a644ccf3ef9b63cc7233882e5b592fd66dfeacc969ea078","2026-06-08T19:19:48.605113+00:00","anomalib_padim","0.475687003729262","0.5","True","0.475687003729262","0.02431299627073802","0.6474235330758364","0.1035308837890625","3","[{'x': 101, 'y': 56, 'w': 120, 'h': 70, 'area_px': 3610, 'area_ratio': 0.055084228515625, 'mean_heat': 0.556479275226593, 'max_heat': 1.0, 'x2': 221, 'y2': 126, 'aspect_ratio': 1.7142857142857142}, {'x': 95, 'y': 134, 'w': 112, 'h': 52, 'area_px': 2657, 'area_ratio': 0.0405426025390625, 'mean_heat': 0.5284848809242249, 'max_heat': 0.7490196228027344, 'x2': 207, 'y2': 186, 'aspect_ratio': 2.1538461538461537}, {'x': 127, 'y': 0, 'w': 31, 'h': 21, 'area_px': 518, 'area_ratio': 0.007904052734375, 'mean_heat': 0.6477932333946228, 'max_heat': 0.9843137264251709, 'x2': 158, 'y2': 21, 'aspect_ratio': 1.4761904761904763}]","unknown","0.5774999999999999","rules_constrained_taxonomy","101.0","56.0","120.0","70.0","3610.0","0.055084228515625","0.556479275226593","1.0","221.0","126.0","1.7142857142857142","0.22666666666666666","84.8247619047619","122.38119047619048","4.093742752915119","0.0","['no_rule_matched_confidently']","0.475687003729262","0.6474235330758364","0.5774999999999999","0.475687003729262","0.5526612116009189","minimum","0.475687003729262","S3","O3","D3","Critical","Stop release or production path until authorised review is complete.","True","S3|O3|D3","True","['Fused confidence 0.476 is below operational threshold 0.600.', 'Semantic label is unknown or not confidently mapped to the taxonomy.', 'Anomaly score is close to the decision boundary; margin=0.024.', 'Critical risk class requires operator confirmation before release decision.']","outputs/risk_padim_hazelnut/artefacts/hazelnut__test__crack__017_heatmap_overlay.png","outputs/risk_padim_hazelnut/artefacts/hazelnut__test__crack__017_mask.png","outputs/risk_padim_hazelnut/artefacts/hazelnut__test__crack__017_annotated.png","simple_statistical_reference","0.42","minimum",""
"hazelnut__test__cut__000","data/mvtec_anomaly_detection/hazelnut/test/cut/000.png","901bf3b3ddef6e7d3592b00cfd0f5c512b745ef61e7837ed4e283da2f99c1b8a","2026-06-08T19:19:48.671464+00:00","anomalib_padim","0.589877044041012","0.5","True","0.589877044041012","0.08987704404101204","0.5716078761150615","0.0465087890625","4","[{'x': 97, 'y': 145, 'w': 41, 'h': 45, 'area_px': 1308, 'area_ratio': 0.01995849609375, 'mean_heat': 0.6290130019187927, 'max_heat': 1.0, 'x2': 138, 'y2': 190, 'aspect_ratio': 1.0975609756097562}, {'x': 25, 'y': 56, 'w': 37, 'h': 37, 'area_px': 952, 'area_ratio': 0.0145263671875, 'mean_heat': 0.5545559525489807, 'max_heat': 0.8117647171020508, 'x2': 62, 'y2': 93, 'aspect_ratio': 1.0}, {'x': 111, 'y': 0, 'w': 35, 'h': 26, 'area_px': 654, 'area_ratio': 0.009979248046875, 'mean_heat': 0.5632847547531128, 'max_heat': 0.686274528503418, 'x2': 146, 'y2': 26, 'aspect_ratio': 1.3461538461538463}, {'x': 214, 'y': 121, 'w': 12, 'h': 18, 'area_px': 134, 'area_ratio': 0.002044677734375, 'mean_heat': 0.4334503710269928, 'max_heat': 0.45098039507865906, 'x2': 226, 'y2': 139, 'aspect_ratio': 1.5}]","unknown","0.5774999999999999","rules_constrained_taxonomy","97.0","145.0","41.0","45.0","1308.0","0.01995849609375","0.6290130019187927","1.0","138.0","190.0","1.0975609756097562","0.14308943089430895","118.1929539295393","134.85365853658536","0.6692265783745057","0.0","['no_rule_matched_confidently']","0.589877044041012","0.5716078761150615","0.5774999999999999","0.5716078761150615","0.5813020326529739","minimum","0.5716078761150615","S3","O3","D2","High","Quarantine item or lot pending quality engineer review.","True","S3|O3|D2","True","['Fused confidence 0.572 is below operational threshold 0.600.', 'Semantic label is unknown or not confidently mapped to the taxonomy.']","outputs/risk_padim_hazelnut/artefacts/hazelnut__test__cut__000_heatmap_overlay.png","outputs/risk_padim_hazelnut/artefacts/hazelnut__test__cut__000_mask.png","outputs/risk_padim_hazelnut/artefacts/hazelnut__test__cut__000_annotated.png","simple_statistical_reference","0.42","minimum",""
"hazelnut__test__cut__001","data/mvtec_anomaly_detection/hazelnut/test/cut/001.png","f287622343bc86f5a02a683c570489324954f2a8378831dc2db7f4f9cd21370a","2026-06-08T19:19:48.734983+00:00","anomalib_padim","0.18007131551032296","0.5","True","0.18007131551032296","0.31992868448967704","0.7103274779239395","0.176177978515625","4","[{'x': 90, 'y': 18, 'w': 118, 'h': 175, 'area_px': 9033, 'area_ratio': 0.1378326416015625, 'mean_heat': 0.6227232217788696, 'max_heat': 1.0, 'x2': 208, 'y2': 193, 'aspect_ratio': 1.4830508474576272}, {'x': 128, 'y': 205, 'w': 49, 'h': 31, 'area_px': 1197, 'area_ratio': 0.0182647705078125, 'mean_heat': 0.5338771939277649, 'max_heat': 0.7333333492279053, 'x2': 177, 'y2': 236, 'aspect_ratio': 1.5806451612903225}, {'x': 38, 'y': 80, 'w': 43, 'h': 28, 'area_px': 1012, 'area_ratio': 0.01544189453125, 'mean_heat': 0.565062403678894, 'max_heat': 0.9725490212440491, 'x2': 81, 'y2': 108, 'aspect_ratio': 1.5357142857142858}, {'x': 11, 'y': 55, 'w': 22, 'h': 21, 'area_px': 304, 'area_ratio': 0.004638671875, 'mean_heat': 0.4956398606300354, 'max_heat': 0.6039215922355652, 'x2': 33, 'y2': 76, 'aspect_ratio': 1.0476190476190477}]","deformation","0.779","rules_constrained_taxonomy","90.0","18.0","118.0","175.0","9033.0","0.1378326416015625","0.6227232217788696","1.0","208.0","193.0","1.4830508474576272","0.21520581113801454","98.40508474576271","124.3160774818402","7.099114596508983","0.0","['large_irregular_edge_region']","0.18007131551032296","0.7103274779239395","0.779","0.18007131551032296","0.4888803353568272","minimum","0.18007131551032296","S4","O1","D3","High","Quarantine item or lot pending quality engineer review.","True","S4|O1|D3","True","['Fused confidence 0.180 is below operational threshold 0.600.']","outputs/risk_padim_hazelnut/artefacts/hazelnut__test__cut__001_heatmap_overlay.png","outputs/risk_padim_hazelnut/artefacts/hazelnut__test__cut__001_mask.png","outputs/risk_padim_hazelnut/artefacts/hazelnut__test__cut__001_annotated.png","simple_statistical_reference","0.42","minimum",""
"hazelnut__test__cut__002","data/mvtec_anomaly_detection/hazelnut/test/cut/002.png","9df68a470e5a216e39959bcd4b801ddf52bf16abbcb689dde896c1d4931dd6d7","2026-06-08T19:19:48.798447+00:00","anomalib_padim","0.26947028091135167","0.5","True","0.26947028091135167","0.23052971908864833","0.5774373561807083","0.0629730224609375","5","[{'x': 127, 'y': 19, 'w': 65, 'h': 48, 'area_px': 1970, 'area_ratio': 0.030059814453125, 'mean_heat': 0.6013098359107971, 'max_heat': 1.0, 'x2': 192, 'y2': 67, 'aspect_ratio': 1.3541666666666667}, {'x': 141, 'y': 95, 'w': 54, 'h': 51, 'area_px': 1827, 'area_ratio': 0.0278778076171875, 'mean_heat': 0.6162422299385071, 'max_heat': 0.8745098114013672, 'x2': 195, 'y2': 146, 'aspect_ratio': 1.0588235294117647}, {'x': 242, 'y': 46, 'w': 14, 'h': 14, 'area_px': 168, 'area_ratio': 0.0025634765625, 'mean_heat': 0.4971522390842438, 'max_heat': 0.5568627715110779, 'x2': 256, 'y2': 60, 'aspect_ratio': 1.0}, {'x': 40, 'y': 51, 'w': 10, 'h': 10, 'area_px': 82, 'area_ratio': 0.001251220703125, 'mean_heat': 0.46920138597488403, 'max_heat': 0.5137255191802979, 'x2': 50, 'y2': 61, 'aspect_ratio': 1.0}, {'x': 131, 'y': 82, 'w': 10, 'h': 10, 'area_px': 80, 'area_ratio': 0.001220703125, 'mean_heat': 0.43691176176071167, 'max_heat': 0.45098039507865906, 'x2': 141, 'y2': 92, 'aspect_ratio': 1.0}]","unknown","0.5774999999999999","rules_constrained_taxonomy","127.0","19.0","65.0","48.0","1970.0","0.030059814453125","0.6013098359107971","1.0","192.0","67.0","1.3541666666666667","0.18076923076923077","72.31955128205128","102.4599358974359","3.7557009734093043","0.0","['no_rule_matched_confidently']","0.26947028091135167","0.5774373561807083","0.5774999999999999","0.26947028091135167","0.4388678332643207","minimum","0.26947028091135167","S3","O3","D3","Critical","Stop release or production path until authorised review is complete.","True","S3|O3|D3","True","['Fused confidence 0.269 is below operational threshold 0.600.', 'Semantic label is unknown or not confidently mapped to the taxonomy.', 'Critical risk class requires operator confirmation before release decision.']","outputs/risk_padim_hazelnut/artefacts/hazelnut__test__cut__002_heatmap_overlay.png","outputs/risk_padim_hazelnut/artefacts/hazelnut__test__cut__002_mask.png","outputs/risk_padim_hazelnut/artefacts/hazelnut__test__cut__002_annotated.png","simple_statistical_reference","0.42","minimum",""
"hazelnut__test__cut__003","data/mvtec_anomaly_detection/hazelnut/test/cut/003.png","84301659e7f9358c3d1f79b5dd3561ddcf4d2c72e99399bb20961ef7ce7e31c2","2026-06-08T19:19:48.855294+00:00","anomalib_padim","1.0","0.5","True","1.0","0.5","0.7812395442555957","0.0157012939453125","2","[{'x': 11, 'y': 226, 'w': 39, 'h': 30, 'area_px': 949, 'area_ratio': 0.0144805908203125, 'mean_heat': 0.7342135310173035, 'max_heat': 1.0, 'x2': 50, 'y2': 256, 'aspect_ratio': 1.3}, {'x': 113, 'y': 21, 'w': 10, 'h': 10, 'area_px': 80, 'area_ratio': 0.001220703125, 'mean_heat': 0.46607843041419983, 'max_heat': 0.5058823823928833, 'x2': 123, 'y2': 31, 'aspect_ratio': 1.0}]","unknown","0.5774999999999999","rules_constrained_taxonomy","11.0","226.0","39.0","30.0","949.0","0.0144805908203125","0.7342135310173035","1.0","50.0","256.0","1.3","0.0","24.68974358974359","52.26923076923077","0.268212489265121","0.0","['no_rule_matched_confidently']","1.0","0.7812395442555957","0.5774999999999999","0.5774999999999999","0.8287468632766786","minimum","0.5774999999999999","S3","O3","D2","High","Quarantine item or lot pending quality engineer review.","True","S3|O3|D2","True","['Fused confidence 0.577 is below operational threshold 0.600.', 'Semantic label is unknown or not confidently mapped to the taxonomy.']","outputs/risk_padim_hazelnut/artefacts/hazelnut__test__cut__003_heatmap_overlay.png","outputs/risk_padim_hazelnut/artefacts/hazelnut__test__cut__003_mask.png","outputs/risk_padim_hazelnut/artefacts/hazelnut__test__cut__003_annotated.png","simple_statistical_reference","0.42","minimum",""
"hazelnut__test__cut__004","data/mvtec_anomaly_detection/hazelnut/test/cut/004.png","17ce5e1567a61b4a64211d3b7177e9327ed6b15911b680fea67970c342088ea6","2026-06-08T19:19:48.917335+00:00","anomalib_padim","0.4079394566978096","0.5","True","0.4079394566978096","0.09206054330219038","0.6386709634782332","0.0480804443359375","4","[{'x': 133, 'y': 66, 'w': 49, 'h': 77, 'area_px': 2015, 'area_ratio': 0.0307464599609375, 'mean_heat': 0.5335045456886292, 'max_heat': 0.7254902124404907, 'x2': 182, 'y2': 143, 'aspect_ratio': 1.5714285714285714}, {'x': 39, 'y': 183, 'w': 29, 'h': 26, 'area_px': 580, 'area_ratio': 0.00885009765625, 'mean_heat': 0.640338122844696, 'max_heat': 1.0, 'x2': 68, 'y2': 209, 'aspect_ratio': 1.1153846153846154}, {'x': 63, 'y': 89, 'w': 30, 'h': 25, 'area_px': 503, 'area_ratio': 0.0076751708984375, 'mean_heat': 0.4999259412288666, 'max_heat': 0.6078431606292725, 'x2': 93, 'y2': 114, 'aspect_ratio': 1.2}, {'x': 116, 'y': 20, 'w': 8, 'h': 9, 'area_px': 53, 'area_ratio': 0.0008087158203125, 'mean_heat': 0.43951162695884705, 'max_heat': 0.45490196347236633, 'x2': 124, 'y2': 29, 'aspect_ratio': 1.125}]","unknown","0.4814215743541717","rules_constrained_taxonomy","133.0","66.0","49.0","77.0","2015.0","0.0307464599609375","0.5335045456886292","0.7254902124404907","182.0","143.0","1.5714285714285714","0.17519215478399153","134.67717996289426","145.96050887887623","2.3294545700075844","0.2034282592544514","['no_rule_matched_confidently']","0.4079394566978096","0.6386709634782332","0.4814215743541717","0.4079394566978096","0.4955294381460272","minimum","0.4079394566978096","S3","O3","D3","Critical","Stop release or production path until authorised review is complete.","True","S3|O3|D3","True","['Fused confidence 0.408 is below operational threshold 0.600.', 'Semantic label is unknown or not confidently mapped to the taxonomy.', 'Critical risk class requires operator confirmation before release decision.']","outputs/risk_padim_hazelnut/artefacts/hazelnut__test__cut__004_heatmap_overlay.png","outputs/risk_padim_hazelnut/artefacts/hazelnut__test__cut__004_mask.png","outputs/risk_padim_hazelnut/artefacts/hazelnut__test__cut__004_annotated.png","simple_statistical_reference","0.42","minimum",""
"hazelnut__test__cut__005","data/mvtec_anomaly_detection/hazelnut/test/cut/005.png","e688f79a31cb4ca616dc6bf4306d00f8e80bff8be198d6d6799999806f562579","2026-06-08T19:19:48.975244+00:00","anomalib_padim","1.0","0.5","True","1.0","0.5","0.5517038373916417","0.0126495361328125","4","[{'x': 167, 'y': 0, 'w': 28, 'h': 18, 'area_px': 410, 'area_ratio': 0.006256103515625, 'mean_heat': 0.6386800408363342, 'max_heat': 1.0, 'x2': 195, 'y2': 18, 'aspect_ratio': 1.5555555555555556}, {'x': 85, 'y': 221, 'w': 21, 'h': 14, 'area_px': 201, 'area_ratio': 0.0030670166015625, 'mean_heat': 0.4553702473640442, 'max_heat': 0.4941176474094391, 'x2': 106, 'y2': 235, 'aspect_ratio': 1.5}, {'x': 114, 'y': 129, 'w': 13, 'h': 12, 'area_px': 124, 'area_ratio': 0.00189208984375, 'mean_heat': 0.4533839821815491, 'max_heat': 0.48627451062202454, 'x2': 127, 'y2': 141, 'aspect_ratio': 1.0833333333333333}, {'x': 96, 'y': 117, 'w': 13, 'h': 10, 'area_px': 94, 'area_ratio': 0.001434326171875, 'mean_heat': 0.44046735763549805, 'max_heat': 0.4588235318660736, 'x2': 109, 'y2': 127, 'aspect_ratio': 1.3}]","unknown","0.5774999999999999","rules_constrained_taxonomy","167.0","0.0","28.0","18.0","410.0","0.006256103515625","0.6386800408363342","1.0","195.0","18.0","1.5555555555555556","0.015873015873015872","29.126984126984127","53.26587301587302","0.48537573537573664","0.0","['no_rule_matched_confidently']","1.0","0.5517038373916417","0.5774999999999999","0.5517038373916417","0.7598861512174926","minimum","0.5517038373916417","S3","O3","D2","High","Quarantine item or lot pending quality engineer review.","True","S3|O3|D2","True","['Fused confidence 0.552 is below operational threshold 0.600.', 'Semantic label is unknown or not confidently mapped to the taxonomy.']","outputs/risk_padim_hazelnut/artefacts/hazelnut__test__cut__005_heatmap_overlay.png","outputs/risk_padim_hazelnut/artefacts/hazelnut__test__cut__005_mask.png","outputs/risk_padim_hazelnut/artefacts/hazelnut__test__cut__005_annotated.png","simple_statistical_reference","0.42","minimum",""
"hazelnut__test__cut__006","data/mvtec_anomaly_detection/hazelnut/test/cut/006.png","6981dd3f4e7132597fb222badc37d044fbdf341a202227c08465fea8e771ac9a","2026-06-08T19:19:49.036338+00:00","anomalib_padim","0.3118941291744121","0.5","True","0.3118941291744121","0.18810587082558788","0.6589229487604866","0.0571441650390625","2","[{'x': 141, 'y': 169, 'w': 48, 'h': 45, 'area_px': 1684, 'area_ratio': 0.02569580078125, 'mean_heat': 0.6209328770637512, 'max_heat': 1.0, 'x2': 189, 'y2': 214, 'aspect_ratio': 1.0666666666666667}, {'x': 82, 'y': 97, 'w': 88, 'h': 59, 'area_px': 2061, 'area_ratio': 0.0314483642578125, 'mean_heat': 0.4991542100906372, 'max_heat': 0.6352941393852234, 'x2': 170, 'y2': 156, 'aspect_ratio': 1.4915254237288136}]","unknown","0.5774999999999999","rules_constrained_taxonomy","141.0","169.0","48.0","45.0","1684.0","0.02569580078125","0.6209328770637512","1.0","189.0","214.0","1.0666666666666667","0.23194444444444445","79.08842592592593","110.14583333333333","6.448057073466913","0.0","['no_rule_matched_confidently']","0.3118941291744121","0.6589229487604866","0.5774999999999999","0.3118941291744121","0.4824042427566314","minimum","0.3118941291744121","S3","O3","D3","Critical","Stop release or production path until authorised review is complete.","True","S3|O3|D3","True","['Fused confidence 0.312 is below operational threshold 0.600.', 'Semantic label is unknown or not confidently mapped to the taxonomy.', 'Critical risk class requires operator confirmation before release decision.']","outputs/risk_padim_hazelnut/artefacts/hazelnut__test__cut__006_heatmap_overlay.png","outputs/risk_padim_hazelnut/artefacts/hazelnut__test__cut__006_mask.png","outputs/risk_padim_hazelnut/artefacts/hazelnut__test__cut__006_annotated.png","simple_statistical_reference","0.42","minimum",""
"hazelnut__test__cut__007","data/mvtec_anomaly_detection/hazelnut/test/cut/007.png","20eca651c9ade6a083a19363ab2652155780bf90d5d7df0544b82bb91c2239af","2026-06-08T19:19:49.093440+00:00","anomalib_padim","1.0","0.5","True","1.0","0.5","0.8708792597055435","0.0088958740234375","1","[{'x': 130, 'y': 0, 'w': 34, 'h': 20, 'area_px': 583, 'area_ratio': 0.0088958740234375, 'mean_heat': 0.7007096409797668, 'max_heat': 1.0, 'x2': 164, 'y2': 20, 'aspect_ratio': 1.7}]","unknown","0.5774999999999999","rules_constrained_taxonomy","130.0","0.0","34.0","20.0","583.0","0.0088958740234375","0.7007096409797668","1.0","164.0","20.0","1.7","0.016176470588235296","28.269117647058824","53.50735294117647","0.5680252100840342","0.0","['no_rule_matched_confidently']","1.0","0.8708792597055435","0.5774999999999999","0.5774999999999999","0.855638777911663","minimum","0.5774999999999999","S3","O3","D2","High","Quarantine item or lot pending quality engineer review.","True","S3|O3|D2","True","['Fused confidence 0.577 is below operational threshold 0.600.', 'Semantic label is unknown or not confidently mapped to the taxonomy.']","outputs/risk_padim_hazelnut/artefacts/hazelnut__test__cut__007_heatmap_overlay.png","outputs/risk_padim_hazelnut/artefacts/hazelnut__test__cut__007_mask.png","outputs/risk_padim_hazelnut/artefacts/hazelnut__test__cut__007_annotated.png","simple_statistical_reference","0.42","minimum",""
"hazelnut__test__cut__008","data/mvtec_anomaly_detection/hazelnut/test/cut/008.png","0b4b2d8aabff2f4c1f86b23eba0e05b9b1170028ffdb02658348529c9a37bff0","2026-06-08T19:19:49.154310+00:00","anomalib_padim","0.6750363991126781","0.5","True","0.6750363991126781","0.1750363991126781","0.7540643122835031","0.042816162109375","2","[{'x': 104, 'y': 128, 'w': 59, 'h': 74, 'area_px': 2200, 'area_ratio': 0.0335693359375, 'mean_heat': 0.5868538618087769, 'max_heat': 1.0, 'x2': 163, 'y2': 202, 'aspect_ratio': 1.2542372881355932}, {'x': 143, 'y': 0, 'w': 31, 'h': 24, 'area_px': 606, 'area_ratio': 0.009246826171875, 'mean_heat': 0.6323497295379639, 'max_heat': 0.9176470637321472, 'x2': 174, 'y2': 24, 'aspect_ratio': 1.2916666666666667}]","unknown","0.5774999999999999","rules_constrained_taxonomy","104.0","128.0","59.0","74.0","2200.0","0.0335693359375","0.5868538618087769","1.0","163.0","202.0","1.2542372881355932","0.26316994961062756","110.59299129638113","138.35226752175905","1.6873616667514995","0.0","['no_rule_matched_confidently']","0.6750363991126781","0.7540643122835031","0.5774999999999999","0.5774999999999999","0.6743606732857561","minimum","0.5774999999999999","S3","O3","D2","High","Quarantine item or lot pending quality engineer review.","True","S3|O3|D2","True","['Fused confidence 0.577 is below operational threshold 0.600.', 'Semantic label is unknown or not confidently mapped to the taxonomy.']","outputs/risk_padim_hazelnut/artefacts/hazelnut__test__cut__008_heatmap_overlay.png","outputs/risk_padim_hazelnut/artefacts/hazelnut__test__cut__008_mask.png","outputs/risk_padim_hazelnut/artefacts/hazelnut__test__cut__008_annotated.png","simple_statistical_reference","0.42","minimum",""
"hazelnut__test__cut__009","data/mvtec_anomaly_detection/hazelnut/test/cut/009.png","bd80153a630db3ed040a98ce8bd76e033524e0f42cc6cbf556e886bcd2611ab4","2026-06-08T19:19:49.209331+00:00","anomalib_padim","0.3790971190280072","0.5","True","0.3790971190280072","0.12090288097199281","0.7015996044768584","0.034698486328125","3","[{'x': 111, 'y': 100, 'w': 78, 'h': 57, 'area_px': 1762, 'area_ratio': 0.026885986328125, 'mean_heat': 0.5442144870758057, 'max_heat': 0.8470588326454163, 'x2': 189, 'y2': 157, 'aspect_ratio': 1.368421052631579}, {'x': 151, 'y': 25, 'w': 25, 'h': 22, 'area_px': 439, 'area_ratio': 0.0066986083984375, 'mean_heat': 0.6489437222480774, 'max_heat': 1.0, 'x2': 176, 'y2': 47, 'aspect_ratio': 1.1363636363636365}, {'x': 211, 'y': 195, 'w': 9, 'h': 10, 'area_px': 73, 'area_ratio': 0.0011138916015625, 'mean_heat': 0.45635244250297546, 'max_heat': 0.48235294222831726, 'x2': 220, 'y2': 205, 'aspect_ratio': 1.1111111111111112}]","unknown","0.5239705914258956","rules_constrained_taxonomy","111.0","100.0","78.0","57.0","1762.0","0.026885986328125","0.5442144870758057","0.8470588326454163","189.0","157.0","1.368421052631579","0.16216824111560954","124.04790823211876","140.05960413855152","0.9947167427570491","0.0","['no_rule_matched_confidently']","0.3790971190280072","0.7015996044768584","0.5239705914258956","0.3790971190280072","0.5120662327621347","minimum","0.3790971190280072","S3","O3","D3","Critical","Stop release or production path until authorised review is complete.","True","S3|O3|D3","True","['Fused confidence 0.379 is below operational threshold 0.600.', 'Semantic label is unknown or not confidently mapped to the taxonomy.', 'Critical risk class requires operator confirmation before release decision.']","outputs/risk_padim_hazelnut/artefacts/hazelnut__test__cut__009_heatmap_overlay.png","outputs/risk_padim_hazelnut/artefacts/hazelnut__test__cut__009_mask.png","outputs/risk_padim_hazelnut/artefacts/hazelnut__test__cut__009_annotated.png","simple_statistical_reference","0.42","minimum",""
"hazelnut__test__cut__010","data/mvtec_anomaly_detection/hazelnut/test/cut/010.png","545d0da1696010ed9356f530f329788d198ba9c5abc9f0bd0421e5eceef51d63","2026-06-08T19:19:49.266383+00:00","anomalib_padim","0.4716913303533844","0.5","True","0.4716913303533844","0.028308669646615603","0.7321089246742447","0.037139892578125","2","[{'x': 87, 'y': 111, 'w': 56, 'h': 69, 'area_px': 1871, 'area_ratio': 0.0285491943359375, 'mean_heat': 0.6226973533630371, 'max_heat': 1.0, 'x2': 143, 'y2': 180, 'aspect_ratio': 1.2321428571428572}, {'x': 137, 'y': 0, 'w': 21, 'h': 45, 'area_px': 563, 'area_ratio': 0.0085906982421875, 'mean_heat': 0.5385574698448181, 'max_heat': 0.7960784435272217, 'x2': 158, 'y2': 45, 'aspect_ratio': 2.142857142857143}]","unknown","0.5774999999999999","rules_constrained_taxonomy","87.0","111.0","56.0","69.0","1871.0","0.0285491943359375","0.6226973533630371","1.0","143.0","180.0","1.2321428571428572","0.10455486542443064","123.70678053830228","134.07453416149067","1.346486420655225","0.0","['no_rule_matched_confidently']","0.4716913303533844","0.7321089246742447","0.5774999999999999","0.4716913303533844","0.5762687760612963","minimum","0.4716913303533844","S3","O3","D3","Critical","Stop release or production path until authorised review is complete.","True","S3|O3|D3","True","['Fused confidence 0.472 is below operational threshold 0.600.', 'Semantic label is unknown or not confidently mapped to the taxonomy.', 'Anomaly score is close to the decision boundary; margin=0.028.', 'Critical risk class requires operator confirmation before release decision.']","outputs/risk_padim_hazelnut/artefacts/hazelnut__test__cut__010_heatmap_overlay.png","outputs/risk_padim_hazelnut/artefacts/hazelnut__test__cut__010_mask.png","outputs/risk_padim_hazelnut/artefacts/hazelnut__test__cut__010_annotated.png","simple_statistical_reference","0.42","minimum",""
"hazelnut__test__cut__011","data/mvtec_anomaly_detection/hazelnut/test/cut/011.png","1037c78b6d9f7b4c13de615984014c87678ee452ab8e7503ffc2934b90c98fdd","2026-06-08T19:19:49.325090+00:00","anomalib_padim","0.4794190501733464","0.5","True","0.4794190501733464","0.020580949826653594","0.7222646444817546","0.0441741943359375","2","[{'x': 87, 'y': 109, 'w': 56, 'h': 51, 'area_px': 1911, 'area_ratio': 0.0291595458984375, 'mean_heat': 0.6551235914230347, 'max_heat': 1.0, 'x2': 143, 'y2': 160, 'aspect_ratio': 1.0980392156862746}, {'x': 108, 'y': 0, 'w': 36, 'h': 36, 'area_px': 984, 'area_ratio': 0.0150146484375, 'mean_heat': 0.6117567420005798, 'max_heat': 0.95686274766922, 'x2': 144, 'y2': 36, 'aspect_ratio': 1.0}]","unknown","0.5774999999999999","rules_constrained_taxonomy","87.0","109.0","56.0","51.0","1911.0","0.0291595458984375","0.6551235914230347","1.0","143.0","160.0","1.0980392156862746","0.16561624649859943","133.0721288515406","149.90721288515405","1.1674854021210308","0.0","['no_rule_matched_confidently']","0.4794190501733464","0.7222646444817546","0.5774999999999999","0.4794190501733464","0.5767929659225322","minimum","0.4794190501733464","S3","O3","D3","Critical","Stop release or production path until authorised review is complete.","True","S3|O3|D3","True","['Fused confidence 0.479 is below operational threshold 0.600.', 'Semantic label is unknown or not confidently mapped to the taxonomy.', 'Anomaly score is close to the decision boundary; margin=0.021.', 'Critical risk class requires operator confirmation before release decision.']","outputs/risk_padim_hazelnut/artefacts/hazelnut__test__cut__011_heatmap_overlay.png","outputs/risk_padim_hazelnut/artefacts/hazelnut__test__cut__011_mask.png","outputs/risk_padim_hazelnut/artefacts/hazelnut__test__cut__011_annotated.png","simple_statistical_reference","0.42","minimum",""
"hazelnut__test__cut__012","data/mvtec_anomaly_detection/hazelnut/test/cut/012.png","cd5d45c2c2a12aa99dac4e084a91fa21948238f660a70578dd28c34f5bb7325c","2026-06-08T19:19:49.380562+00:00","anomalib_padim","1.0","0.5","True","1.0","0.5","0.7467602581253036","0.0306549072265625","2","[{'x': 123, 'y': 108, 'w': 26, 'h': 75, 'area_px': 1475, 'area_ratio': 0.0225067138671875, 'mean_heat': 0.6157394647598267, 'max_heat': 0.929411768913269, 'x2': 149, 'y2': 183, 'aspect_ratio': 2.8846153846153846}, {'x': 141, 'y': 0, 'w': 30, 'h': 22, 'area_px': 534, 'area_ratio': 0.008148193359375, 'mean_heat': 0.6823088526725769, 'max_heat': 1.0, 'x2': 171, 'y2': 22, 'aspect_ratio': 1.3636363636363635}]","unknown","0.5527941191196442","rules_constrained_taxonomy","123.0","108.0","26.0","75.0","1475.0","0.0225067138671875","0.6157394647598267","0.929411768913269","149.0","183.0","2.8846153846153846","0.1764102564102564","131.56974358974358","149.0851282051282","2.3494086865515555","0.0","['no_rule_matched_confidently']","1.0","0.7467602581253036","0.5527941191196442","0.5527941191196442","0.8122266072175022","minimum","0.5527941191196442","S3","O3","D2","High","Quarantine item or lot pending quality engineer review.","True","S3|O3|D2","True","['Fused confidence 0.553 is below operational threshold 0.600.', 'Semantic label is unknown or not confidently mapped to the taxonomy.']","outputs/risk_padim_hazelnut/artefacts/hazelnut__test__cut__012_heatmap_overlay.png","outputs/risk_padim_hazelnut/artefacts/hazelnut__test__cut__012_mask.png","outputs/risk_padim_hazelnut/artefacts/hazelnut__test__cut__012_annotated.png","simple_statistical_reference","0.42","minimum",""
"hazelnut__test__cut__013","data/mvtec_anomaly_detection/hazelnut/test/cut/013.png","d559e360bdf07cf62e59a74137eb79b3df601d80ddf9df0658fe96a695dd0ef0","2026-06-08T19:19:49.434282+00:00","anomalib_padim","0.33500668315652626","0.5","True","0.33500668315652626","0.16499331684347374","0.8670467823743819","0.0492401123046875","1","[{'x': 80, 'y': 72, 'w': 65, 'h': 91, 'area_px': 3227, 'area_ratio': 0.0492401123046875, 'mean_heat': 0.636159360408783, 'max_heat': 1.0, 'x2': 145, 'y2': 163, 'aspect_ratio': 1.4}]","unknown","0.5774999999999999","rules_constrained_taxonomy","80.0","72.0","65.0","91.0","3227.0","0.0492401123046875","0.636159360408783","1.0","145.0","163.0","1.4","0.16669484361792053","130.11090448013525","158.55469146238377","3.6598833655627345","0.0","['no_rule_matched_confidently']","0.33500668315652626","0.8670467823743819","0.5774999999999999","0.33500668315652626","0.5552420421327513","minimum","0.33500668315652626","S3","O3","D3","Critical","Stop release or production path until authorised review is complete.","True","S3|O3|D3","True","['Fused confidence 0.335 is below operational threshold 0.600.', 'Semantic label is unknown or not confidently mapped to the taxonomy.', 'Critical risk class requires operator confirmation before release decision.']","outputs/risk_padim_hazelnut/artefacts/hazelnut__test__cut__013_heatmap_overlay.png","outputs/risk_padim_hazelnut/artefacts/hazelnut__test__cut__013_mask.png","outputs/risk_padim_hazelnut/artefacts/hazelnut__test__cut__013_annotated.png","simple_statistical_reference","0.42","minimum",""
"hazelnut__test__cut__014","data/mvtec_anomaly_detection/hazelnut/test/cut/014.png","746d815ce8bf70929be5817db9676f1d5f0f060d19aedef85982a04ffb593be5","2026-06-08T19:19:49.493766+00:00","anomalib_padim","0.4649856994074211","0.5","True","0.4649856994074211","0.03501430059257887","0.6728384958951836","0.0177001953125","3","[{'x': 178, 'y': 7, 'w': 43, 'h': 34, 'area_px': 873, 'area_ratio': 0.0133209228515625, 'mean_heat': 0.5947892069816589, 'max_heat': 1.0, 'x2': 221, 'y2': 41, 'aspect_ratio': 1.2647058823529411}, {'x': 143, 'y': 96, 'w': 15, 'h': 15, 'area_px': 181, 'area_ratio': 0.0027618408203125, 'mean_heat': 0.5213736891746521, 'max_heat': 0.6274510025978088, 'x2': 158, 'y2': 111, 'aspect_ratio': 1.0}, {'x': 221, 'y': 174, 'w': 12, 'h': 12, 'area_px': 106, 'area_ratio': 0.001617431640625, 'mean_heat': 0.4643729627132416, 'max_heat': 0.5137255191802979, 'x2': 233, 'y2': 186, 'aspect_ratio': 1.0}]","unknown","0.5774999999999999","rules_constrained_taxonomy","178.0","7.0","43.0","34.0","873.0","0.0133209228515625","0.5947892069816589","1.0","221.0","41.0","1.2647058823529411","0.007523939808481532","26.575239398084815","51.20383036935704","0.5866423037484623","0.0","['no_rule_matched_confidently']","0.4649856994074211","0.6728384958951836","0.5774999999999999","0.4649856994074211","0.5554701135018946","minimum","0.4649856994074211","S3","O3","D3","Critical","Stop release or production path until authorised review is complete.","True","S3|O3|D3","True","['Fused confidence 0.465 is below operational threshold 0.600.', 'Semantic label is unknown or not confidently mapped to the taxonomy.', 'Anomaly score is close to the decision boundary; margin=0.035.', 'Critical risk class requires operator confirmation before release decision.']","outputs/risk_padim_hazelnut/artefacts/hazelnut__test__cut__014_heatmap_overlay.png","outputs/risk_padim_hazelnut/artefacts/hazelnut__test__cut__014_mask.png","outputs/risk_padim_hazelnut/artefacts/hazelnut__test__cut__014_annotated.png","simple_statistical_reference","0.42","minimum",""
"hazelnut__test__cut__015","data/mvtec_anomaly_detection/hazelnut/test/cut/015.png","c5de29e7ab272d7b653df85cbb139574243837e7a8665cb00fc97503cb1dff23","2026-06-08T19:19:49.550712+00:00","anomalib_padim","0.70588045179948","0.5","True","0.70588045179948","0.20588045179948","0.6711504320877231","0.0244903564453125","2","[{'x': 112, 'y': 0, 'w': 47, 'h': 32, 'area_px': 1025, 'area_ratio': 0.0156402587890625, 'mean_heat': 0.6280516386032104, 'max_heat': 1.0, 'x2': 159, 'y2': 32, 'aspect_ratio': 1.46875}, {'x': 66, 'y': 114, 'w': 29, 'h': 28, 'area_px': 580, 'area_ratio': 0.00885009765625, 'mean_heat': 0.4997362792491913, 'max_heat': 0.5960784554481506, 'x2': 95, 'y2': 142, 'aspect_ratio': 1.0357142857142858}]","unknown","0.5774999999999999","rules_constrained_taxonomy","112.0","0.0","47.0","32.0","1025.0","0.0156402587890625","0.6280516386032104","1.0","159.0","32.0","1.46875","0.008643617021276596","30.34973404255319","52.60438829787234","1.6808215130023676","0.0","['no_rule_matched_confidently']","0.70588045179948","0.6711504320877231","0.5774999999999999","0.5774999999999999","0.6633663329360828","minimum","0.5774999999999999","S3","O3","D2","High","Quarantine item or lot pending quality engineer review.","True","S3|O3|D2","True","['Fused confidence 0.577 is below operational threshold 0.600.', 'Semantic label is unknown or not confidently mapped to the taxonomy.']","outputs/risk_padim_hazelnut/artefacts/hazelnut__test__cut__015_heatmap_overlay.png","outputs/risk_padim_hazelnut/artefacts/hazelnut__test__cut__015_mask.png","outputs/risk_padim_hazelnut/artefacts/hazelnut__test__cut__015_annotated.png","simple_statistical_reference","0.42","minimum",""
"hazelnut__test__cut__016","data/mvtec_anomaly_detection/hazelnut/test/cut/016.png","5db56fd188862556d9dd8337e1a563efe1154bef08f63372e1b38cc756ebcfe1","2026-06-08T19:19:49.607849+00:00","anomalib_padim","0.3695107845889523","0.5","True","0.3695107845889523","0.1304892154110477","0.6644118453517813","0.043182373046875","4","[{'x': 85, 'y': 52, 'w': 41, 'h': 93, 'area_px': 2192, 'area_ratio': 0.033447265625, 'mean_heat': 0.5940353274345398, 'max_heat': 1.0, 'x2': 126, 'y2': 145, 'aspect_ratio': 2.268292682926829}, {'x': 38, 'y': 67, 'w': 20, 'h': 33, 'area_px': 461, 'area_ratio': 0.0070343017578125, 'mean_heat': 0.4763132333755493, 'max_heat': 0.5568627715110779, 'x2': 58, 'y2': 100, 'aspect_ratio': 1.65}, {'x': 65, 'y': 66, 'w': 11, 'h': 11, 'area_px': 94, 'area_ratio': 0.001434326171875, 'mean_heat': 0.44213607907295227, 'max_heat': 0.4627451002597809, 'x2': 76, 'y2': 77, 'aspect_ratio': 1.0}, {'x': 158, 'y': 146, 'w': 11, 'h': 11, 'area_px': 83, 'area_ratio': 0.0012664794921875, 'mean_heat': 0.43656986951828003, 'max_heat': 0.45098039507865906, 'x2': 169, 'y2': 157, 'aspect_ratio': 1.0}]","unknown","0.5774999999999999","rules_constrained_taxonomy","85.0","52.0","41.0","93.0","2192.0","0.033447265625","0.5940353274345398","1.0","126.0","145.0","2.268292682926829","0.26147390506163126","115.53658536585365","140.70548124836088","1.1699347944710752","0.0","['no_rule_matched_confidently']","0.3695107845889523","0.6644118453517813","0.5774999999999999","0.3695107845889523","0.5099784066705628","minimum","0.3695107845889523","S3","O3","D3","Critical","Stop release or production path until authorised review is complete.","True","S3|O3|D3","True","['Fused confidence 0.370 is below operational threshold 0.600.', 'Semantic label is unknown or not confidently mapped to the taxonomy.', 'Critical risk class requires operator confirmation before release decision.']","outputs/risk_padim_hazelnut/artefacts/hazelnut__test__cut__016_heatmap_overlay.png","outputs/risk_padim_hazelnut/artefacts/hazelnut__test__cut__016_mask.png","outputs/risk_padim_hazelnut/artefacts/hazelnut__test__cut__016_annotated.png","simple_statistical_reference","0.42","minimum",""
"hazelnut__test__good__000","data/mvtec_anomaly_detection/hazelnut/test/good/000.png","32034b75a2dca53cff86c4833e00a25cd65939859820e96ce9b980359cb08955","2026-06-08T19:19:49.661033+00:00","anomalib_padim","0.5828145073771288","0.5","True","0.5828145073771288","0.08281450737712881","0.8657523542642593","0.0102996826171875","1","[{'x': 139, 'y': 0, 'w': 40, 'h': 19, 'area_px': 675, 'area_ratio': 0.0102996826171875, 'mean_heat': 0.687366783618927, 'max_heat': 1.0, 'x2': 179, 'y2': 19, 'aspect_ratio': 2.1052631578947367}]","unknown","0.5774999999999999","rules_constrained_taxonomy","139.0","0.0","40.0","19.0","675.0","0.0102996826171875","0.687366783618927","1.0","179.0","19.0","2.1052631578947367","0.010526315789473684","29.53684210526316","53.72631578947368","0.8513854079643544","0.0","['no_rule_matched_confidently']","0.5828145073771288","0.8657523542642593","0.5774999999999999","0.5774999999999999","0.6663672345989857","minimum","0.5774999999999999","S3","O3","D2","High","Quarantine item or lot pending quality engineer review.","True","S3|O3|D2","True","['Fused confidence 0.577 is below operational threshold 0.600.', 'Semantic label is unknown or not confidently mapped to the taxonomy.']","outputs/risk_padim_hazelnut/artefacts/hazelnut__test__good__000_heatmap_overlay.png","outputs/risk_padim_hazelnut/artefacts/hazelnut__test__good__000_mask.png","outputs/risk_padim_hazelnut/artefacts/hazelnut__test__good__000_annotated.png","simple_statistical_reference","0.42","minimum",""
"hazelnut__test__good__001","data/mvtec_anomaly_detection/hazelnut/test/good/001.png","5066bb0a11ad23541c2aab3fd9ee3861726bd9c3f48dd291f916118b09f39973","2026-06-08T19:19:49.716964+00:00","anomalib_padim","1.0","0.5","True","1.0","0.5","0.8773858308792113","0.010833740234375","1","[{'x': 141, 'y': 0, 'w': 35, 'h': 25, 'area_px': 710, 'area_ratio': 0.010833740234375, 'mean_heat': 0.7124772071838379, 'max_heat': 1.0, 'x2': 176, 'y2': 25, 'aspect_ratio': 1.4}]","unknown","0.5774999999999999","rules_constrained_taxonomy","141.0","0.0","35.0","25.0","710.0","0.010833740234375","0.7124772071838379","1.0","176.0","25.0","1.4","0.013714285714285714","30.611428571428572","52.098285714285716","0.11584415584415453","0.0","['no_rule_matched_confidently']","1.0","0.8773858308792113","0.5774999999999999","0.5774999999999999","0.8575907492637633","minimum","0.5774999999999999","S3","O3","D2","High","Quarantine item or lot pending quality engineer review.","True","S3|O3|D2","True","['Fused confidence 0.577 is below operational threshold 0.600.', 'Semantic label is unknown or not confidently mapped to the taxonomy.']","outputs/risk_padim_hazelnut/artefacts/hazelnut__test__good__001_heatmap_overlay.png","outputs/risk_padim_hazelnut/artefacts/hazelnut__test__good__001_mask.png","outputs/risk_padim_hazelnut/artefacts/hazelnut__test__good__001_annotated.png","simple_statistical_reference","0.42","minimum",""
"hazelnut__test__good__002","data/mvtec_anomaly_detection/hazelnut/test/good/002.png","4d3e5e7159a2b3aaa5a90611122efef65f93d521132a7796159e9cd960619ce8","2026-06-08T19:19:49.771891+00:00","anomalib_padim","0.9191109835571776","0.5","True","0.9191109835571776","0.4191109835571776","0.8436568588018416","0.010498046875","1","[{'x': 152, 'y': 0, 'w': 41, 'h': 18, 'area_px': 688, 'area_ratio': 0.010498046875, 'mean_heat': 0.6379901766777039, 'max_heat': 1.0, 'x2': 193, 'y2': 18, 'aspect_ratio': 2.2777777777777777}]","unknown","0.5774999999999999","rules_constrained_taxonomy","152.0","0.0","41.0","18.0","688.0","0.010498046875","0.6379901766777039","1.0","193.0","18.0","2.2777777777777777","0.012195121951219513","29.180216802168022","54.84010840108401","0.3427251681423691","0.0","['no_rule_matched_confidently']","0.9191109835571776","0.8436568588018416","0.5774999999999999","0.5774999999999999","0.8110720002412823","minimum","0.5774999999999999","S3","O3","D2","High","Quarantine item or lot pending quality engineer review.","True","S3|O3|D2","True","['Fused confidence 0.577 is below operational threshold 0.600.', 'Semantic label is unknown or not confidently mapped to the taxonomy.']","outputs/risk_padim_hazelnut/artefacts/hazelnut__test__good__002_heatmap_overlay.png","outputs/risk_padim_hazelnut/artefacts/hazelnut__test__good__002_mask.png","outputs/risk_padim_hazelnut/artefacts/hazelnut__test__good__002_annotated.png","simple_statistical_reference","0.42","minimum",""
"hazelnut__test__good__003","data/mvtec_anomaly_detection/hazelnut/test/good/003.png","a1d0915587523d7d3ed52273c89f5afb2e74bbd3b2b872c08fd4ac6c6741beb0","2026-06-08T19:19:49.831671+00:00","anomalib_padim","0.44185037267261723","0.5","True","0.44185037267261723","0.05814962732738277","0.836960083246231","0.019866943359375","1","[{'x': 135, 'y': 0, 'w': 43, 'h': 41, 'area_px': 1302, 'area_ratio': 0.019866943359375, 'mean_heat': 0.6100960969924927, 'max_heat': 1.0, 'x2': 178, 'y2': 41, 'aspect_ratio': 1.048780487804878}]","unknown","0.5774999999999999","rules_constrained_taxonomy","135.0","0.0","43.0","41.0","1302.0","0.019866943359375","0.6100960969924927","1.0","178.0","41.0","1.048780487804878","0.006239364719228588","31.50992626205332","50.091888825865006","2.23099383479898","0.0","['no_rule_matched_confidently']","0.44185037267261723","0.836960083246231","0.5774999999999999","0.44185037267261723","0.594295692676547","minimum","0.44185037267261723","S3","O3","D3","Critical","Stop release or production path until authorised review is complete.","True","S3|O3|D3","True","['Fused confidence 0.442 is below operational threshold 0.600.', 'Semantic label is unknown or not confidently mapped to the taxonomy.', 'Anomaly score is close to the decision boundary; margin=0.058.', 'Critical risk class requires operator confirmation before release decision.']","outputs/risk_padim_hazelnut/artefacts/hazelnut__test__good__003_heatmap_overlay.png","outputs/risk_padim_hazelnut/artefacts/hazelnut__test__good__003_mask.png","outputs/risk_padim_hazelnut/artefacts/hazelnut__test__good__003_annotated.png","simple_statistical_reference","0.42","minimum",""
"hazelnut__test__good__004","data/mvtec_anomaly_detection/hazelnut/test/good/004.png","16df20526a2715f8690001f9ef5eb1f615721260a08feadfc1d3bfde42d60e0b","2026-06-08T19:19:49.887053+00:00","anomalib_padim","0.4298400825706201","0.5","True","0.4298400825706201","0.07015991742937988","0.561201507771655","0.038330078125","4","[{'x': 20, 'y': 115, 'w': 29, 'h': 59, 'area_px': 1088, 'area_ratio': 0.0166015625, 'mean_heat': 0.5424884557723999, 'max_heat': 0.7607843279838562, 'x2': 49, 'y2': 174, 'aspect_ratio': 2.0344827586206895}, {'x': 133, 'y': 0, 'w': 42, 'h': 34, 'area_px': 943, 'area_ratio': 0.0143890380859375, 'mean_heat': 0.6190464496612549, 'max_heat': 1.0, 'x2': 175, 'y2': 34, 'aspect_ratio': 1.2352941176470589}, {'x': 217, 'y': 101, 'w': 17, 'h': 29, 'area_px': 400, 'area_ratio': 0.006103515625, 'mean_heat': 0.5080784559249878, 'max_heat': 0.6431372761726379, 'x2': 234, 'y2': 130, 'aspect_ratio': 1.7058823529411764}, {'x': 83, 'y': 176, 'w': 9, 'h': 12, 'area_px': 81, 'area_ratio': 0.0012359619140625, 'mean_heat': 0.4512224495410919, 'max_heat': 0.47843137383461, 'x2': 92, 'y2': 188, 'aspect_ratio': 1.3333333333333333}]","unknown","0.49377451479434964","rules_constrained_taxonomy","20.0","115.0","29.0","59.0","1088.0","0.0166015625","0.5424884557723999","0.7607843279838562","49.0","174.0","2.0344827586206895","0.16832261835184104","60.95499707773232","79.0467562828755","2.153515596250841","5.065836309717085","['no_rule_matched_confidently']","0.4298400825706201","0.561201507771655","0.49377451479434964","0.4298400825706201","0.48523211818686296","minimum","0.4298400825706201","S3","O3","D3","Critical","Stop release or production path until authorised review is complete.","True","S3|O3|D3","True","['Fused confidence 0.430 is below operational threshold 0.600.', 'Semantic label is unknown or not confidently mapped to the taxonomy.', 'Critical risk class requires operator confirmation before release decision.']","outputs/risk_padim_hazelnut/artefacts/hazelnut__test__good__004_heatmap_overlay.png","outputs/risk_padim_hazelnut/artefacts/hazelnut__test__good__004_mask.png","outputs/risk_padim_hazelnut/artefacts/hazelnut__test__good__004_annotated.png","simple_statistical_reference","0.42","minimum",""
"hazelnut__test__good__005","data/mvtec_anomaly_detection/hazelnut/test/good/005.png","79d966e719a6a88b12e3b07c8e339af879e1659dd5fb64c39438355ba787dad7","2026-06-08T19:19:49.941650+00:00","anomalib_padim","0.36556612615687323","0.5","True","0.36556612615687323","0.13443387384312677","0.6613330075589812","0.0315704345703125","3","[{'x': 146, 'y': 0, 'w': 47, 'h': 38, 'area_px': 1373, 'area_ratio': 0.0209503173828125, 'mean_heat': 0.6397326588630676, 'max_heat': 1.0, 'x2': 193, 'y2': 38, 'aspect_ratio': 1.236842105263158}, {'x': 238, 'y': 21, 'w': 18, 'h': 25, 'area_px': 391, 'area_ratio': 0.0059661865234375, 'mean_heat': 0.5444461703300476, 'max_heat': 0.6431372761726379, 'x2': 256, 'y2': 46, 'aspect_ratio': 1.3888888888888888}, {'x': 91, 'y': 141, 'w': 21, 'h': 18, 'area_px': 305, 'area_ratio': 0.0046539306640625, 'mean_heat': 0.46948251128196716, 'max_heat': 0.5215686559677124, 'x2': 112, 'y2': 159, 'aspect_ratio': 1.1666666666666667}]","unknown","0.5774999999999999","rules_constrained_taxonomy","146.0","0.0","47.0","38.0","1373.0","0.0209503173828125","0.6397326588630676","1.0","193.0","38.0","1.236842105263158","0.006718924972004479","30.386338185890256","52.51343784994401","0.3807425594513596","0.0","['no_rule_matched_confidently']","0.36556612615687323","0.6613330075589812","0.5774999999999999","0.36556612615687323","0.5072796590382873","minimum","0.36556612615687323","S3","O3","D3","Critical","Stop release or production path until authorised review is complete.","True","S3|O3|D3","True","['Fused confidence 0.366 is below operational threshold 0.600.', 'Semantic label is unknown or not confidently mapped to the taxonomy.', 'Critical risk class requires operator confirmation before release decision.']","outputs/risk_padim_hazelnut/artefacts/hazelnut__test__good__005_heatmap_overlay.png","outputs/risk_padim_hazelnut/artefacts/hazelnut__test__good__005_mask.png","outputs/risk_padim_hazelnut/artefacts/hazelnut__test__good__005_annotated.png","simple_statistical_reference","0.42","minimum",""
"hazelnut__test__good__006","data/mvtec_anomaly_detection/hazelnut/test/good/006.png","c925291385ea6400a6c13adf3cfd83aa607c9a7fb96c0eb7a48d3d1cf84a1280","2026-06-08T19:19:49.993134+00:00","anomalib_padim","0.01948387992414784","0.5","False","0.9805161200758522","0.48051612007585215","0.9805161200758522","0.0","0","[]","normal","0.9805161200758522","detector_normal_decision","","","","","","","","","","","","","","","","","","0.9805161200758522","0.9805161200758522","0.9805161200758522","0.9805161200758522","0.9805161200758522","minimum","0.9805161200758522","S1","O1","D1","Low","Continue monitoring; no immediate intervention required.","True","S1|O1|D1","False","[]","outputs/risk_padim_hazelnut/artefacts/hazelnut__test__good__006_heatmap_overlay.png","outputs/risk_padim_hazelnut/artefacts/hazelnut__test__good__006_mask.png","outputs/risk_padim_hazelnut/artefacts/hazelnut__test__good__006_annotated.png","simple_statistical_reference","0.42","minimum","Image-level anomaly score did not exceed the calibrated threshold."
"hazelnut__test__good__007","data/mvtec_anomaly_detection/hazelnut/test/good/007.png","6573308fcaa3f6a8a0e68d6cff702b5aeb3f0bf83bde1fb53d78b63ff765aea6","2026-06-08T19:19:50.045586+00:00","anomalib_padim","0.8178573584382546","0.5","True","0.8178573584382546","0.3178573584382546","0.8563477277755738","0.00799560546875","1","[{'x': 142, 'y': 0, 'w': 25, 'h': 25, 'area_px': 524, 'area_ratio': 0.00799560546875, 'mean_heat': 0.6696677207946777, 'max_heat': 1.0, 'x2': 167, 'y2': 25, 'aspect_ratio': 1.0}]","unknown","0.5774999999999999","rules_constrained_taxonomy","142.0","0.0","25.0","25.0","524.0","0.00799560546875","0.6696677207946777","1.0","167.0","25.0","1.0","0.0176","29.8288","53.8384","0.8622569105691049","0.0","['no_rule_matched_confidently']","0.8178573584382546","0.8563477277755738","0.5774999999999999","0.5774999999999999","0.7693151296298866","minimum","0.5774999999999999","S3","O3","D2","High","Quarantine item or lot pending quality engineer review.","True","S3|O3|D2","True","['Fused confidence 0.577 is below operational threshold 0.600.', 'Semantic label is unknown or not confidently mapped to the taxonomy.']","outputs/risk_padim_hazelnut/artefacts/hazelnut__test__good__007_heatmap_overlay.png","outputs/risk_padim_hazelnut/artefacts/hazelnut__test__good__007_mask.png","outputs/risk_padim_hazelnut/artefacts/hazelnut__test__good__007_annotated.png","simple_statistical_reference","0.42","minimum",""
"hazelnut__test__good__008","data/mvtec_anomaly_detection/hazelnut/test/good/008.png","d2d80825dd99d8f06113fd609048752e228e42f8236a36030914aa3be44f3d89","2026-06-08T19:19:50.099421+00:00","anomalib_padim","0.4758312974591873","0.5","True","0.4758312974591873","0.024168702540812714","0.6647394937888034","0.0134429931640625","3","[{'x': 183, 'y': 0, 'w': 27, 'h': 35, 'area_px': 674, 'area_ratio': 0.010284423828125, 'mean_heat': 0.6160004734992981, 'max_heat': 1.0, 'x2': 210, 'y2': 35, 'aspect_ratio': 1.2962962962962963}, {'x': 203, 'y': 74, 'w': 13, 'h': 15, 'area_px': 148, 'area_ratio': 0.00225830078125, 'mean_heat': 0.462798148393631, 'max_heat': 0.5098039507865906, 'x2': 216, 'y2': 89, 'aspect_ratio': 1.1538461538461537}, {'x': 57, 'y': 100, 'w': 9, 'h': 9, 'area_px': 59, 'area_ratio': 0.0009002685546875, 'mean_heat': 0.43642401695251465, 'max_heat': 0.45098039507865906, 'x2': 66, 'y2': 109, 'aspect_ratio': 1.0}]","unknown","0.5774999999999999","rules_constrained_taxonomy","183.0","0.0","27.0","35.0","674.0","0.010284423828125","0.6160004734992981","1.0","210.0","35.0","1.2962962962962963","0.012698412698412698","27.702645502645503","52.45079365079365","0.15619711498564826","0.0","['no_rule_matched_confidently']","0.4758312974591873","0.6647394937888034","0.5774999999999999","0.4758312974591873","0.5579209319932752","minimum","0.4758312974591873","S3","O3","D3","Critical","Stop release or production path until authorised review is complete.","True","S3|O3|D3","True","['Fused confidence 0.476 is below operational threshold 0.600.', 'Semantic label is unknown or not confidently mapped to the taxonomy.', 'Anomaly score is close to the decision boundary; margin=0.024.', 'Critical risk class requires operator confirmation before release decision.']","outputs/risk_padim_hazelnut/artefacts/hazelnut__test__good__008_heatmap_overlay.png","outputs/risk_padim_hazelnut/artefacts/hazelnut__test__good__008_mask.png","outputs/risk_padim_hazelnut/artefacts/hazelnut__test__good__008_annotated.png","simple_statistical_reference","0.42","minimum",""
"hazelnut__test__good__009","data/mvtec_anomaly_detection/hazelnut/test/good/009.png","b24311ccbbb97c9affb9c4d2029f44141182d4413589d8bb55d025bbdb0e46a8","2026-06-08T19:19:50.156417+00:00","anomalib_padim","0.44054287855748436","0.5","True","0.44054287855748436","0.05945712144251564","0.6997433629516654","0.01531982421875","2","[{'x': 119, 'y': 0, 'w': 36, 'h': 23, 'area_px': 624, 'area_ratio': 0.009521484375, 'mean_heat': 0.6668928861618042, 'max_heat': 1.0, 'x2': 155, 'y2': 23, 'aspect_ratio': 1.565217391304348}, {'x': 109, 'y': 235, 'w': 21, 'h': 21, 'area_px': 380, 'area_ratio': 0.00579833984375, 'mean_heat': 0.6400722861289978, 'max_heat': 0.8392156958580017, 'x2': 130, 'y2': 256, 'aspect_ratio': 1.0}]","unknown","0.5774999999999999","rules_constrained_taxonomy","119.0","0.0","36.0","23.0","624.0","0.009521484375","0.6668928861618042","1.0","155.0","23.0","1.565217391304348","0.0","32.32125603864734","53.5036231884058","0.06460004075712789","0.0","['no_rule_matched_confidently']","0.44054287855748436","0.6997433629516654","0.5774999999999999","0.44054287855748436","0.5525423042363675","minimum","0.44054287855748436","S3","O3","D3","Critical","Stop release or production path until authorised review is complete.","True","S3|O3|D3","True","['Fused confidence 0.441 is below operational threshold 0.600.', 'Semantic label is unknown or not confidently mapped to the taxonomy.', 'Anomaly score is close to the decision boundary; margin=0.059.', 'Critical risk class requires operator confirmation before release decision.']","outputs/risk_padim_hazelnut/artefacts/hazelnut__test__good__009_heatmap_overlay.png","outputs/risk_padim_hazelnut/artefacts/hazelnut__test__good__009_mask.png","outputs/risk_padim_hazelnut/artefacts/hazelnut__test__good__009_annotated.png","simple_statistical_reference","0.42","minimum",""
"hazelnut__test__good__010","data/mvtec_anomaly_detection/hazelnut/test/good/010.png","b7299fd3b5f3791ed98fa5a54a55ee1471b7dd54b56b903a0309246f973c3163","2026-06-08T19:19:50.209714+00:00","anomalib_padim","1.0","0.5","True","1.0","0.5","0.8763824224472045","0.006500244140625","1","[{'x': 141, 'y': 0, 'w': 24, 'h': 20, 'area_px': 426, 'area_ratio': 0.006500244140625, 'mean_heat': 0.7162661552429199, 'max_heat': 1.0, 'x2': 165, 'y2': 20, 'aspect_ratio': 1.2}]","unknown","0.5774999999999999","rules_constrained_taxonomy","141.0","0.0","24.0","20.0","426.0","0.006500244140625","0.7162661552429199","1.0","165.0","20.0","1.2","0.020833333333333332","32.047916666666666","54.65625","0.2913690476190496","0.0","['no_rule_matched_confidently']","1.0","0.8763824224472045","0.5774999999999999","0.5774999999999999","0.8572897267341613","minimum","0.5774999999999999","S3","O3","D2","High","Quarantine item or lot pending quality engineer review.","True","S3|O3|D2","True","['Fused confidence 0.577 is below operational threshold 0.600.', 'Semantic label is unknown or not confidently mapped to the taxonomy.']","outputs/risk_padim_hazelnut/artefacts/hazelnut__test__good__010_heatmap_overlay.png","outputs/risk_padim_hazelnut/artefacts/hazelnut__test__good__010_mask.png","outputs/risk_padim_hazelnut/artefacts/hazelnut__test__good__010_annotated.png","simple_statistical_reference","0.42","minimum",""
"hazelnut__test__good__011","data/mvtec_anomaly_detection/hazelnut/test/good/011.png","1f894dfe85923cb67e2fe1407dded8d1481c25e21f31dba959eee2f22a4669c5","2026-06-08T19:19:50.266005+00:00","anomalib_padim","0.8150490504209628","0.5","True","0.8150490504209628","0.31504905042096276","0.7200780973133151","0.015869140625","2","[{'x': 99, 'y': 0, 'w': 43, 'h': 23, 'area_px': 808, 'area_ratio': 0.0123291015625, 'mean_heat': 0.6062657833099365, 'max_heat': 1.0, 'x2': 142, 'y2': 23, 'aspect_ratio': 1.8695652173913044}, {'x': 79, 'y': 240, 'w': 16, 'h': 16, 'area_px': 232, 'area_ratio': 0.0035400390625, 'mean_heat': 0.5478025674819946, 'max_heat': 0.6470588445663452, 'x2': 95, 'y2': 256, 'aspect_ratio': 1.0}]","unknown","0.5774999999999999","rules_constrained_taxonomy","99.0","0.0","43.0","23.0","808.0","0.0123291015625","0.6062657833099365","1.0","142.0","23.0","1.8695652173913044","0.007077856420626896","32.358948432760364","54.386248736097066","0.8214780297874782","0.0","['no_rule_matched_confidently']","0.8150490504209628","0.7200780973133151","0.5774999999999999","0.5774999999999999","0.7271705018834278","minimum","0.5774999999999999","S3","O3","D2","High","Quarantine item or lot pending quality engineer review.","True","S3|O3|D2","True","['Fused confidence 0.577 is below operational threshold 0.600.', 'Semantic label is unknown or not confidently mapped to the taxonomy.']","outputs/risk_padim_hazelnut/artefacts/hazelnut__test__good__011_heatmap_overlay.png","outputs/risk_padim_hazelnut/artefacts/hazelnut__test__good__011_mask.png","outputs/risk_padim_hazelnut/artefacts/hazelnut__test__good__011_annotated.png","simple_statistical_reference","0.42","minimum",""
"hazelnut__test__good__012","data/mvtec_anomaly_detection/hazelnut/test/good/012.png","cd762b359ee068d9a9f2585a17a879b91f8cc5340c18662606bb5f15f9e8a03c","2026-06-08T19:19:50.320834+00:00","anomalib_padim","0.44307642187747526","0.5","True","0.44307642187747526","0.05692357812252474","0.8413295358419417","0.01300048828125","1","[{'x': 147, 'y': 3, 'w': 31, 'h': 37, 'area_px': 852, 'area_ratio': 0.01300048828125, 'mean_heat': 0.6293427348136902, 'max_heat': 1.0, 'x2': 178, 'y2': 40, 'aspect_ratio': 1.1935483870967742}]","unknown","0.5774999999999999","rules_constrained_taxonomy","147.0","3.0","31.0","37.0","852.0","0.01300048828125","0.6293427348136902","1.0","178.0","40.0","1.1935483870967742","0.008718395815170008","30.41586748038361","51.86312118570183","0.7534587607511405","0.0","['no_rule_matched_confidently']","0.44307642187747526","0.8413295358419417","0.5774999999999999","0.44307642187747526","0.5961582505974463","minimum","0.44307642187747526","S3","O3","D3","Critical","Stop release or production path until authorised review is complete.","True","S3|O3|D3","True","['Fused confidence 0.443 is below operational threshold 0.600.', 'Semantic label is unknown or not confidently mapped to the taxonomy.', 'Anomaly score is close to the decision boundary; margin=0.057.', 'Critical risk class requires operator confirmation before release decision.']","outputs/risk_padim_hazelnut/artefacts/hazelnut__test__good__012_heatmap_overlay.png","outputs/risk_padim_hazelnut/artefacts/hazelnut__test__good__012_mask.png","outputs/risk_padim_hazelnut/artefacts/hazelnut__test__good__012_annotated.png","simple_statistical_reference","0.42","minimum",""
"hazelnut__test__good__013","data/mvtec_anomaly_detection/hazelnut/test/good/013.png","c375c88bedafc858fb65787203feaf6e866cbfce45485a5106b2298383fab1be","2026-06-08T19:19:50.374735+00:00","anomalib_padim","0.9080219457736008","0.5","True","0.9080219457736008","0.40802194577360085","0.8778117239475249","0.0053253173828125","1","[{'x': 141, 'y': 0, 'w': 22, 'h': 18, 'area_px': 349, 'area_ratio': 0.0053253173828125, 'mean_heat': 0.7210742235183716, 'max_heat': 1.0, 'x2': 163, 'y2': 18, 'aspect_ratio': 1.2222222222222223}]","unknown","0.5774999999999999","rules_constrained_taxonomy","141.0","0.0","22.0","18.0","349.0","0.0053253173828125","0.7210742235183716","1.0","163.0","18.0","1.2222222222222223","0.0","29.63131313131313","56.08838383838384","0.7452050873103495","0.0","['no_rule_matched_confidently']","0.9080219457736008","0.8778117239475249","0.5774999999999999","0.5774999999999999","0.8163283927823779","minimum","0.5774999999999999","S3","O3","D2","High","Quarantine item or lot pending quality engineer review.","True","S3|O3|D2","True","['Fused confidence 0.577 is below operational threshold 0.600.', 'Semantic label is unknown or not confidently mapped to the taxonomy.']","outputs/risk_padim_hazelnut/artefacts/hazelnut__test__good__013_heatmap_overlay.png","outputs/risk_padim_hazelnut/artefacts/hazelnut__test__good__013_mask.png","outputs/risk_padim_hazelnut/artefacts/hazelnut__test__good__013_annotated.png","simple_statistical_reference","0.42","minimum",""
"hazelnut__test__good__014","data/mvtec_anomaly_detection/hazelnut/test/good/014.png","8290043352683dd73d7b041758dec14cd2243a139a11566a4305a80f42ef6e8f","2026-06-08T19:19:50.429589+00:00","anomalib_padim","0.3941771563037217","0.5","True","0.3941771563037217","0.10582284369627831","0.5895576428524614","0.0384521484375","4","[{'x': 82, 'y': 0, 'w': 41, 'h': 56, 'area_px': 1325, 'area_ratio': 0.0202178955078125, 'mean_heat': 0.5515472292900085, 'max_heat': 0.7921568751335144, 'x2': 123, 'y2': 56, 'aspect_ratio': 1.3658536585365855}, {'x': 76, 'y': 214, 'w': 36, 'h': 42, 'area_px': 851, 'area_ratio': 0.0129852294921875, 'mean_heat': 0.6063040494918823, 'max_heat': 1.0, 'x2': 112, 'y2': 256, 'aspect_ratio': 1.1666666666666667}, {'x': 145, 'y': 96, 'w': 20, 'h': 15, 'area_px': 227, 'area_ratio': 0.0034637451171875, 'mean_heat': 0.46507734060287476, 'max_heat': 0.5176470875740051, 'x2': 165, 'y2': 111, 'aspect_ratio': 1.3333333333333333}, {'x': 195, 'y': 84, 'w': 14, 'h': 12, 'area_px': 117, 'area_ratio': 0.0017852783203125, 'mean_heat': 0.4609687030315399, 'max_heat': 0.5176470875740051, 'x2': 209, 'y2': 96, 'aspect_ratio': 1.1666666666666667}]","unknown","0.50475490629673","rules_constrained_taxonomy","82.0","0.0","41.0","56.0","1325.0","0.0202178955078125","0.5515472292900085","0.7921568751335144","123.0","56.0","1.3658536585365855","0.11803135888501742","50.64590592334495","83.13588850174216","4.371912059111189","1.691962375450828","['no_rule_matched_confidently']","0.3941771563037217","0.5895576428524614","0.50475490629673","0.3941771563037217","0.48043573976659565","minimum","0.3941771563037217","S3","O3","D3","Critical","Stop release or production path until authorised review is complete.","True","S3|O3|D3","True","['Fused confidence 0.394 is below operational threshold 0.600.', 'Semantic label is unknown or not confidently mapped to the taxonomy.', 'Critical risk class requires operator confirmation before release decision.']","outputs/risk_padim_hazelnut/artefacts/hazelnut__test__good__014_heatmap_overlay.png","outputs/risk_padim_hazelnut/artefacts/hazelnut__test__good__014_mask.png","outputs/risk_padim_hazelnut/artefacts/hazelnut__test__good__014_annotated.png","simple_statistical_reference","0.42","minimum",""
"hazelnut__test__good__015","data/mvtec_anomaly_detection/hazelnut/test/good/015.png","f8f9a873271ec19e4cd81ef26efba8482ba59486b21277f24c88e83f893727f7","2026-06-08T19:19:50.483623+00:00","anomalib_padim","0.48625196986796876","0.5","True","0.48625196986796876","0.013748030132031241","0.8324095517396926","0.0203857421875","1","[{'x': 120, 'y': 0, 'w': 42, 'h': 45, 'area_px': 1336, 'area_ratio': 0.0203857421875, 'mean_heat': 0.5992632508277893, 'max_heat': 1.0, 'x2': 162, 'y2': 45, 'aspect_ratio': 1.0714285714285714}]","unknown","0.5774999999999999","rules_constrained_taxonomy","120.0","0.0","42.0","45.0","1336.0","0.0203857421875","0.5992632508277893","1.0","162.0","45.0","1.0714285714285714","0.005291005291005291","32.95238095238095","49.55978835978836","3.022895560306104","1.769424392326151","['no_rule_matched_confidently']","0.48625196986796876","0.8324095517396926","0.5774999999999999","0.48625196986796876","0.6129112519624937","minimum","0.48625196986796876","S3","O3","D3","Critical","Stop release or production path until authorised review is complete.","True","S3|O3|D3","True","['Fused confidence 0.486 is below operational threshold 0.600.', 'Semantic label is unknown or not confidently mapped to the taxonomy.', 'Anomaly score is close to the decision boundary; margin=0.014.', 'Critical risk class requires operator confirmation before release decision.']","outputs/risk_padim_hazelnut/artefacts/hazelnut__test__good__015_heatmap_overlay.png","outputs/risk_padim_hazelnut/artefacts/hazelnut__test__good__015_mask.png","outputs/risk_padim_hazelnut/artefacts/hazelnut__test__good__015_annotated.png","simple_statistical_reference","0.42","minimum",""
"hazelnut__test__good__016","data/mvtec_anomaly_detection/hazelnut/test/good/016.png","75d4e637105b57120d4da9e6c990f36c69795a6ca2b55f45b14492b804f871c5","2026-06-08T19:19:50.538304+00:00","anomalib_padim","0.11847668781151559","0.5","False","0.8815233121884845","0.3815233121884844","0.8815233121884845","0.0","0","[]","normal","0.8815233121884845","detector_normal_decision","","","","","","","","","","","","","","","","","","0.8815233121884845","0.8815233121884845","0.8815233121884845","0.8815233121884845","0.8815233121884845","minimum","0.8815233121884845","S1","O1","D1","Low","Continue monitoring; no immediate intervention required.","True","S1|O1|D1","False","[]","outputs/risk_padim_hazelnut/artefacts/hazelnut__test__good__016_heatmap_overlay.png","outputs/risk_padim_hazelnut/artefacts/hazelnut__test__good__016_mask.png","outputs/risk_padim_hazelnut/artefacts/hazelnut__test__good__016_annotated.png","simple_statistical_reference","0.42","minimum","Image-level anomaly score did not exceed the calibrated threshold."
"hazelnut__test__good__017","data/mvtec_anomaly_detection/hazelnut/test/good/017.png","a4796df884a02267ae914341524dad5f69ae3df162831c6115c04105e8f4835a","2026-06-08T19:19:50.590856+00:00","anomalib_padim","0.3222722394078607","0.5","True","0.3222722394078607","0.1777277605921393","0.5717939208059597","0.01470947265625","3","[{'x': 66, 'y': 0, 'w': 31, 'h': 17, 'area_px': 444, 'area_ratio': 0.00677490234375, 'mean_heat': 0.6403903961181641, 'max_heat': 1.0, 'x2': 97, 'y2': 17, 'aspect_ratio': 1.8235294117647058}, {'x': 102, 'y': 195, 'w': 26, 'h': 23, 'area_px': 351, 'area_ratio': 0.0053558349609375, 'mean_heat': 0.46692368388175964, 'max_heat': 0.5176470875740051, 'x2': 128, 'y2': 218, 'aspect_ratio': 1.1304347826086956}, {'x': 85, 'y': 36, 'w': 14, 'h': 15, 'area_px': 169, 'area_ratio': 0.0025787353515625, 'mean_heat': 0.4933983087539673, 'max_heat': 0.5921568870544434, 'x2': 99, 'y2': 51, 'aspect_ratio': 1.0714285714285714}]","unknown","0.5774999999999999","rules_constrained_taxonomy","66.0","0.0","31.0","17.0","444.0","0.00677490234375","0.6403903961181641","1.0","97.0","17.0","1.8235294117647058","0.0","29.722960151802656","58.23339658444023","1.268529209899473","0.0","['no_rule_matched_confidently']","0.3222722394078607","0.5717939208059597","0.5774999999999999","0.3222722394078607","0.4609356839753252","minimum","0.3222722394078607","S3","O3","D3","Critical","Stop release or production path until authorised review is complete.","True","S3|O3|D3","True","['Fused confidence 0.322 is below operational threshold 0.600.', 'Semantic label is unknown or not confidently mapped to the taxonomy.', 'Critical risk class requires operator confirmation before release decision.']","outputs/risk_padim_hazelnut/artefacts/hazelnut__test__good__017_heatmap_overlay.png","outputs/risk_padim_hazelnut/artefacts/hazelnut__test__good__017_mask.png","outputs/risk_padim_hazelnut/artefacts/hazelnut__test__good__017_annotated.png","simple_statistical_reference","0.42","minimum",""
"hazelnut__test__good__018","data/mvtec_anomaly_detection/hazelnut/test/good/018.png","d654cba6242727a51e12b09fa95e4d46bf671d2e5eaf63d24781bd1c3e12f8a2","2026-06-08T19:19:50.664987+00:00","anomalib_padim","0.8855503105298523","0.5","True","0.8855503105298523","0.38555031052985234","0.858836019039154","0.00531005859375","1","[{'x': 141, 'y': 0, 'w': 23, 'h': 19, 'area_px': 348, 'area_ratio': 0.00531005859375, 'mean_heat': 0.6789271831512451, 'max_heat': 1.0, 'x2': 164, 'y2': 19, 'aspect_ratio': 1.2105263157894737}]","unknown","0.5774999999999999","rules_constrained_taxonomy","141.0","0.0","23.0","19.0","348.0","0.00531005859375","0.6789271831512451","1.0","164.0","19.0","1.2105263157894737","0.0","30.91533180778032","56.75057208237986","0.6288277363792254","0.0","['no_rule_matched_confidently']","0.8855503105298523","0.858836019039154","0.5774999999999999","0.5774999999999999","0.8005234454501797","minimum","0.5774999999999999","S3","O3","D2","High","Quarantine item or lot pending quality engineer review.","True","S3|O3|D2","True","['Fused confidence 0.577 is below operational threshold 0.600.', 'Semantic label is unknown or not confidently mapped to the taxonomy.']","outputs/risk_padim_hazelnut/artefacts/hazelnut__test__good__018_heatmap_overlay.png","outputs/risk_padim_hazelnut/artefacts/hazelnut__test__good__018_mask.png","outputs/risk_padim_hazelnut/artefacts/hazelnut__test__good__018_annotated.png","simple_statistical_reference","0.42","minimum",""
"hazelnut__test__good__019","data/mvtec_anomaly_detection/hazelnut/test/good/019.png","227b05a1f8fdb1080b5d98651dfb2272a3c48faba615af33f7622bae6b6821df","2026-06-08T19:19:50.721456+00:00","anomalib_padim","0.3531803342463318","0.5","True","0.3531803342463318","0.14681966575366823","0.587069814854954","0.0333251953125","3","[{'x': 143, 'y': 176, 'w': 39, 'h': 43, 'area_px': 1000, 'area_ratio': 0.0152587890625, 'mean_heat': 0.5438628196716309, 'max_heat': 0.7686274647712708, 'x2': 182, 'y2': 219, 'aspect_ratio': 1.1025641025641026}, {'x': 108, 'y': 6, 'w': 39, 'h': 32, 'area_px': 790, 'area_ratio': 0.012054443359375, 'mean_heat': 0.6051129698753357, 'max_heat': 1.0, 'x2': 147, 'y2': 38, 'aspect_ratio': 1.21875}, {'x': 36, 'y': 61, 'w': 20, 'h': 26, 'area_px': 394, 'area_ratio': 0.006011962890625, 'mean_heat': 0.4823231101036072, 'max_heat': 0.5568627715110779, 'x2': 56, 'y2': 87, 'aspect_ratio': 1.3}]","unknown","0.4965196126699447","rules_constrained_taxonomy","143.0","176.0","39.0","43.0","1000.0","0.0152587890625","0.5438628196716309","0.7686274647712708","182.0","219.0","1.1025641025641026","0.24329159212880144","89.85152057245081","119.53369111508647","5.048747074762062","0.0","['no_rule_matched_confidently']","0.3531803342463318","0.587069814854954","0.4965196126699447","0.3531803342463318","0.4591819980348217","minimum","0.3531803342463318","S3","O3","D3","Critical","Stop release or production path until authorised review is complete.","True","S3|O3|D3","True","['Fused confidence 0.353 is below operational threshold 0.600.', 'Semantic label is unknown or not confidently mapped to the taxonomy.', 'Critical risk class requires operator confirmation before release decision.']","outputs/risk_padim_hazelnut/artefacts/hazelnut__test__good__019_heatmap_overlay.png","outputs/risk_padim_hazelnut/artefacts/hazelnut__test__good__019_mask.png","outputs/risk_padim_hazelnut/artefacts/hazelnut__test__good__019_annotated.png","simple_statistical_reference","0.42","minimum",""
"hazelnut__test__good__020","data/mvtec_anomaly_detection/hazelnut/test/good/020.png","cc2a9bf85ba8cbc57fc2fffa7799275bceaa45bbbe85862717c0eb2a6af3ebd8","2026-06-08T19:19:50.778987+00:00","anomalib_padim","0.4658742345396627","0.5","True","0.4658742345396627","0.0341257654603373","0.8730449229478836","0.0091094970703125","1","[{'x': 146, 'y': 0, 'w': 33, 'h': 21, 'area_px': 597, 'area_ratio': 0.0091094970703125, 'mean_heat': 0.7052255272865295, 'max_heat': 1.0, 'x2': 179, 'y2': 21, 'aspect_ratio': 1.5714285714285714}]","unknown","0.5774999999999999","rules_constrained_taxonomy","146.0","0.0","33.0","21.0","597.0","0.0091094970703125","0.7052255272865295","1.0","179.0","21.0","1.5714285714285714","0.0","30.427128427128427","53.57720057720058","0.11678359954222017","0.0","['no_rule_matched_confidently']","0.4658742345396627","0.8730449229478836","0.5774999999999999","0.4658742345396627","0.6159318824272133","minimum","0.4658742345396627","S3","O3","D3","Critical","Stop release or production path until authorised review is complete.","True","S3|O3|D3","True","['Fused confidence 0.466 is below operational threshold 0.600.', 'Semantic label is unknown or not confidently mapped to the taxonomy.', 'Anomaly score is close to the decision boundary; margin=0.034.', 'Critical risk class requires operator confirmation before release decision.']","outputs/risk_padim_hazelnut/artefacts/hazelnut__test__good__020_heatmap_overlay.png","outputs/risk_padim_hazelnut/artefacts/hazelnut__test__good__020_mask.png","outputs/risk_padim_hazelnut/artefacts/hazelnut__test__good__020_annotated.png","simple_statistical_reference","0.42","minimum",""
"hazelnut__test__good__021","data/mvtec_anomaly_detection/hazelnut/test/good/021.png","360292b312083afae646bfd5b90d529467716a79b2c498867bd61736a84bacd7","2026-06-08T19:19:50.836859+00:00","anomalib_padim","0.06088966680877262","0.5","False","0.9391103331912274","0.4391103331912274","0.9391103331912274","0.0","0","[]","normal","0.9391103331912274","detector_normal_decision","","","","","","","","","","","","","","","","","","0.9391103331912274","0.9391103331912274","0.9391103331912274","0.9391103331912274","0.9391103331912274","minimum","0.9391103331912274","S1","O1","D1","Low","Continue monitoring; no immediate intervention required.","True","S1|O1|D1","False","[]","outputs/risk_padim_hazelnut/artefacts/hazelnut__test__good__021_heatmap_overlay.png","outputs/risk_padim_hazelnut/artefacts/hazelnut__test__good__021_mask.png","outputs/risk_padim_hazelnut/artefacts/hazelnut__test__good__021_annotated.png","simple_statistical_reference","0.42","minimum","Image-level anomaly score did not exceed the calibrated threshold."
"hazelnut__test__good__022","data/mvtec_anomaly_detection/hazelnut/test/good/022.png","fb82dc2d7c8acb9ac3bba01a33636d613af983c8323cb957b06cbd57c97d26f5","2026-06-08T19:19:50.892946+00:00","anomalib_padim","0.5281021237630492","0.5","True","0.5281021237630492","0.028102123763049214","0.6509710326658642","0.03485107421875","3","[{'x': 127, 'y': 27, 'w': 55, 'h': 39, 'area_px': 1303, 'area_ratio': 0.0198822021484375, 'mean_heat': 0.6063744425773621, 'max_heat': 1.0, 'x2': 182, 'y2': 66, 'aspect_ratio': 1.4102564102564104}, {'x': 117, 'y': 0, 'w': 34, 'h': 24, 'area_px': 682, 'area_ratio': 0.010406494140625, 'mean_heat': 0.5994077324867249, 'max_heat': 0.9960784316062927, 'x2': 151, 'y2': 24, 'aspect_ratio': 1.4166666666666667}, {'x': 58, 'y': 66, 'w': 20, 'h': 20, 'area_px': 299, 'area_ratio': 0.0045623779296875, 'mean_heat': 0.5823988914489746, 'max_heat': 0.8549019694328308, 'x2': 78, 'y2': 86, 'aspect_ratio': 1.0}]","unknown","0.5774999999999999","rules_constrained_taxonomy","127.0","27.0","55.0","39.0","1303.0","0.0198822021484375","0.6063744425773621","1.0","182.0","66.0","1.4102564102564104","0.255011655011655","72.63403263403264","113.57808857808858","3.4463245674513274","0.0","['no_rule_matched_confidently']","0.5281021237630492","0.6509710326658642","0.5774999999999999","0.5281021237630492","0.5773122654931313","minimum","0.5281021237630492","S3","O3","D3","Critical","Stop release or production path until authorised review is complete.","True","S3|O3|D3","True","['Fused confidence 0.528 is below operational threshold 0.600.', 'Semantic label is unknown or not confidently mapped to the taxonomy.', 'Anomaly score is close to the decision boundary; margin=0.028.', 'Critical risk class requires operator confirmation before release decision.']","outputs/risk_padim_hazelnut/artefacts/hazelnut__test__good__022_heatmap_overlay.png","outputs/risk_padim_hazelnut/artefacts/hazelnut__test__good__022_mask.png","outputs/risk_padim_hazelnut/artefacts/hazelnut__test__good__022_annotated.png","simple_statistical_reference","0.42","minimum",""
"hazelnut__test__good__023","data/mvtec_anomaly_detection/hazelnut/test/good/023.png","063da7197aaa13d7063263e7f76f955000d1404239d41f0093911caa37ad77ce","2026-06-08T19:19:50.947253+00:00","anomalib_padim","0.21649479205045966","0.5","True","0.21649479205045966","0.28350520794954037","0.5221558255528145","0.0643157958984375","6","[{'x': 160, 'y': 73, 'w': 44, 'h': 56, 'area_px': 1424, 'area_ratio': 0.021728515625, 'mean_heat': 0.5803756713867188, 'max_heat': 0.9450980424880981, 'x2': 204, 'y2': 129, 'aspect_ratio': 1.2727272727272727}, {'x': 181, 'y': 127, 'w': 49, 'h': 76, 'area_px': 1306, 'area_ratio': 0.019927978515625, 'mean_heat': 0.48277929425239563, 'max_heat': 0.6235294342041016, 'x2': 230, 'y2': 203, 'aspect_ratio': 1.5510204081632653}, {'x': 126, 'y': 0, 'w': 36, 'h': 30, 'area_px': 849, 'area_ratio': 0.0129547119140625, 'mean_heat': 0.6772904396057129, 'max_heat': 1.0, 'x2': 162, 'y2': 30, 'aspect_ratio': 1.2}, {'x': 22, 'y': 113, 'w': 20, 'h': 28, 'area_px': 423, 'area_ratio': 0.0064544677734375, 'mean_heat': 0.5103231072425842, 'max_heat': 0.6117647290229797, 'x2': 42, 'y2': 141, 'aspect_ratio': 1.4}, {'x': 83, 'y': 21, 'w': 15, 'h': 15, 'area_px': 170, 'area_ratio': 0.002593994140625, 'mean_heat': 0.4946943521499634, 'max_heat': 0.572549045085907, 'x2': 98, 'y2': 36, 'aspect_ratio': 1.0}, {'x': 224, 'y': 7, 'w': 7, 'h': 8, 'area_px': 43, 'area_ratio': 0.0006561279296875, 'mean_heat': 0.43739163875579834, 'max_heat': 0.45098039507865906, 'x2': 231, 'y2': 15, 'aspect_ratio': 1.1428571428571428}]","unknown","0.5582843148708343","rules_constrained_taxonomy","160.0","73.0","44.0","56.0","1424.0","0.021728515625","0.5803756713867188","0.9450980424880981","204.0","129.0","1.2727272727272727","0.3218344155844156","110.87053571428571","158.43303571428572","0.7244708994708873","0.0","['no_rule_matched_confidently']","0.21649479205045966","0.5221558255528145","0.5582843148708343","0.21649479205045966","0.39364048280625974","minimum","0.21649479205045966","S3","O3","D3","Critical","Stop release or production path until authorised review is complete.","True","S3|O3|D3","True","['Fused confidence 0.216 is below operational threshold 0.600.', 'Semantic label is unknown or not confidently mapped to the taxonomy.', 'Critical risk class requires operator confirmation before release decision.']","outputs/risk_padim_hazelnut/artefacts/hazelnut__test__good__023_heatmap_overlay.png","outputs/risk_padim_hazelnut/artefacts/hazelnut__test__good__023_mask.png","outputs/risk_padim_hazelnut/artefacts/hazelnut__test__good__023_annotated.png","simple_statistical_reference","0.42","minimum",""
"hazelnut__test__good__024","data/mvtec_anomaly_detection/hazelnut/test/good/024.png","740633d252f69d5777b74780c7d8bfd9d3902664fb71866ffc9a10fac99043b4","2026-06-08T19:19:51.009683+00:00","anomalib_padim","0.23630151800782767","0.5","True","0.23630151800782767","0.26369848199217233","0.622792087564415","0.0766143798828125","4","[{'x': 38, 'y': 119, 'w': 92, 'h': 103, 'area_px': 2982, 'area_ratio': 0.045501708984375, 'mean_heat': 0.48861274123191833, 'max_heat': 0.615686297416687, 'x2': 130, 'y2': 222, 'aspect_ratio': 1.1195652173913044}, {'x': 148, 'y': 29, 'w': 60, 'h': 50, 'area_px': 1953, 'area_ratio': 0.0298004150390625, 'mean_heat': 0.601154625415802, 'max_heat': 1.0, 'x2': 208, 'y2': 79, 'aspect_ratio': 1.2}, {'x': 102, 'y': 0, 'w': 9, 'h': 6, 'area_px': 44, 'area_ratio': 0.00067138671875, 'mean_heat': 0.43743306398391724, 'max_heat': 0.45098039507865906, 'x2': 111, 'y2': 6, 'aspect_ratio': 1.5}, {'x': 140, 'y': 31, 'w': 8, 'h': 7, 'area_px': 42, 'area_ratio': 0.000640869140625, 'mean_heat': 0.4281979501247406, 'max_heat': 0.43529412150382996, 'x2': 148, 'y2': 38, 'aspect_ratio': 1.1428571428571428}]","unknown","0.44299020409584045","rules_constrained_taxonomy","38.0","119.0","92.0","103.0","2982.0","0.045501708984375","0.48861274123191833","0.615686297416687","130.0","222.0","1.1195652173913044","0.19090333474039678","75.69248628113128","104.40618404390038","0.800251609484846","0.0","['no_rule_matched_confidently']","0.23630151800782767","0.622792087564415","0.44299020409584045","0.23630151800782767","0.403920860396807","minimum","0.23630151800782767","S3","O3","D3","Critical","Stop release or production path until authorised review is complete.","True","S3|O3|D3","True","['Fused confidence 0.236 is below operational threshold 0.600.', 'Semantic label is unknown or not confidently mapped to the taxonomy.', 'Critical risk class requires operator confirmation before release decision.']","outputs/risk_padim_hazelnut/artefacts/hazelnut__test__good__024_heatmap_overlay.png","outputs/risk_padim_hazelnut/artefacts/hazelnut__test__good__024_mask.png","outputs/risk_padim_hazelnut/artefacts/hazelnut__test__good__024_annotated.png","simple_statistical_reference","0.42","minimum",""
"hazelnut__test__good__025","data/mvtec_anomaly_detection/hazelnut/test/good/025.png","553c1783f0f2af3c92c92ca8c661f32d5c4d87fc6a1141bf4b319bcdcdd959a1","2026-06-08T19:19:51.068371+00:00","anomalib_padim","0.6636963638278391","0.5","True","0.6636963638278391","0.16369636382783914","0.8503230601549148","0.0153045654296875","1","[{'x': 24, 'y': 164, 'w': 33, 'h': 45, 'area_px': 1003, 'area_ratio': 0.0153045654296875, 'mean_heat': 0.646128237247467, 'max_heat': 1.0, 'x2': 57, 'y2': 209, 'aspect_ratio': 1.3636363636363635}]","unknown","0.5774999999999999","rules_constrained_taxonomy","24.0","164.0","33.0","45.0","1003.0","0.0153045654296875","0.646128237247467","1.0","57.0","209.0","1.3636363636363635","0.13400673400673402","47.27070707070707","77.82222222222222","0.39850901115537596","0.3888851715549606","['no_rule_matched_confidently']","0.6636963638278391","0.8503230601549148","0.5774999999999999","0.5774999999999999","0.6981352817690021","minimum","0.5774999999999999","S3","O3","D2","High","Quarantine item or lot pending quality engineer review.","True","S3|O3|D2","True","['Fused confidence 0.577 is below operational threshold 0.600.', 'Semantic label is unknown or not confidently mapped to the taxonomy.']","outputs/risk_padim_hazelnut/artefacts/hazelnut__test__good__025_heatmap_overlay.png","outputs/risk_padim_hazelnut/artefacts/hazelnut__test__good__025_mask.png","outputs/risk_padim_hazelnut/artefacts/hazelnut__test__good__025_annotated.png","simple_statistical_reference","0.42","minimum",""
"hazelnut__test__good__026","data/mvtec_anomaly_detection/hazelnut/test/good/026.png","25323d78e8573815f6e6d0db9f52d098dbf8c008d73765ecb5cd65567a4ef039","2026-06-08T19:19:51.125362+00:00","anomalib_padim","0.14875072557072844","0.5","False","0.8512492744292716","0.35124927442927156","0.8512492744292716","0.0","0","[]","normal","0.8512492744292716","detector_normal_decision","","","","","","","","","","","","","","","","","","0.8512492744292716","0.8512492744292716","0.8512492744292716","0.8512492744292716","0.8512492744292716","minimum","0.8512492744292716","S1","O1","D1","Low","Continue monitoring; no immediate intervention required.","True","S1|O1|D1","False","[]","outputs/risk_padim_hazelnut/artefacts/hazelnut__test__good__026_heatmap_overlay.png","outputs/risk_padim_hazelnut/artefacts/hazelnut__test__good__026_mask.png","outputs/risk_padim_hazelnut/artefacts/hazelnut__test__good__026_annotated.png","simple_statistical_reference","0.42","minimum","Image-level anomaly score did not exceed the calibrated threshold."
"hazelnut__test__good__027","data/mvtec_anomaly_detection/hazelnut/test/good/027.png","2ba503049ed3fd2b167baf8800e6a9a6343a64d166e61919017f44700c5a6baa","2026-06-08T19:19:51.178112+00:00","anomalib_padim","0.09653772614760503","0.5","False","0.903462273852395","0.40346227385239497","0.903462273852395","0.0","0","[]","normal","0.903462273852395","detector_normal_decision","","","","","","","","","","","","","","","","","","0.903462273852395","0.903462273852395","0.903462273852395","0.903462273852395","0.903462273852395","minimum","0.903462273852395","S1","O1","D1","Low","Continue monitoring; no immediate intervention required.","True","S1|O1|D1","False","[]","outputs/risk_padim_hazelnut/artefacts/hazelnut__test__good__027_heatmap_overlay.png","outputs/risk_padim_hazelnut/artefacts/hazelnut__test__good__027_mask.png","outputs/risk_padim_hazelnut/artefacts/hazelnut__test__good__027_annotated.png","simple_statistical_reference","0.42","minimum","Image-level anomaly score did not exceed the calibrated threshold."
"hazelnut__test__good__028","data/mvtec_anomaly_detection/hazelnut/test/good/028.png","a14d34540fbcaa4fabd992095bf3e6a409599af1ec815d380e0db0b460011797","2026-06-08T19:19:51.232299+00:00","anomalib_padim","0.20501543525243995","0.5","True","0.20501543525243995","0.2949845647475601","0.5557470169116905","0.0311126708984375","5","[{'x': 141, 'y': 24, 'w': 32, 'h': 54, 'area_px': 1028, 'area_ratio': 0.01568603515625, 'mean_heat': 0.6179255247116089, 'max_heat': 1.0, 'x2': 173, 'y2': 78, 'aspect_ratio': 1.6875}, {'x': 107, 'y': 97, 'w': 47, 'h': 24, 'area_px': 510, 'area_ratio': 0.007781982421875, 'mean_heat': 0.4596385955810547, 'max_heat': 0.5490196347236633, 'x2': 154, 'y2': 121, 'aspect_ratio': 1.9583333333333333}, {'x': 142, 'y': 207, 'w': 19, 'h': 18, 'area_px': 258, 'area_ratio': 0.003936767578125, 'mean_heat': 0.4841161370277405, 'max_heat': 0.5529412031173706, 'x2': 161, 'y2': 225, 'aspect_ratio': 1.0555555555555556}, {'x': 203, 'y': 180, 'w': 16, 'h': 16, 'area_px': 202, 'area_ratio': 0.003082275390625, 'mean_heat': 0.5055135488510132, 'max_heat': 0.615686297416687, 'x2': 219, 'y2': 196, 'aspect_ratio': 1.0}, {'x': 99, 'y': 70, 'w': 6, 'h': 9, 'area_px': 41, 'area_ratio': 0.0006256103515625, 'mean_heat': 0.4295552372932434, 'max_heat': 0.43529412150382996, 'x2': 105, 'y2': 79, 'aspect_ratio': 1.5}]","unknown","0.5774999999999999","rules_constrained_taxonomy","141.0","24.0","32.0","54.0","1028.0","0.01568603515625","0.6179255247116089","1.0","173.0","78.0","1.6875","0.2326388888888889","96.0144675925926","135.51967592592592","4.0126818783068785","0.0","['no_rule_matched_confidently']","0.20501543525243995","0.5557470169116905","0.5774999999999999","0.20501543525243995","0.4033560509371051","minimum","0.20501543525243995","S3","O3","D3","Critical","Stop release or production path until authorised review is complete.","True","S3|O3|D3","True","['Fused confidence 0.205 is below operational threshold 0.600.', 'Semantic label is unknown or not confidently mapped to the taxonomy.', 'Critical risk class requires operator confirmation before release decision.']","outputs/risk_padim_hazelnut/artefacts/hazelnut__test__good__028_heatmap_overlay.png","outputs/risk_padim_hazelnut/artefacts/hazelnut__test__good__028_mask.png","outputs/risk_padim_hazelnut/artefacts/hazelnut__test__good__028_annotated.png","simple_statistical_reference","0.42","minimum",""
"hazelnut__test__good__029","data/mvtec_anomaly_detection/hazelnut/test/good/029.png","ddf71dee2f4a0ebb089f4cc9f6f8180862ba521ffdcbc106afd2505ac1147778","2026-06-08T19:19:51.291453+00:00","anomalib_padim","0.0","0.5","False","1.0","0.5","1.0","0.0","0","[]","normal","1.0","detector_normal_decision","","","","","","","","","","","","","","","","","","1.0","1.0","1.0","1.0","1.0","minimum","1.0","S1","O1","D1","Low","Continue monitoring; no immediate intervention required.","True","S1|O1|D1","False","[]","outputs/risk_padim_hazelnut/artefacts/hazelnut__test__good__029_heatmap_overlay.png","outputs/risk_padim_hazelnut/artefacts/hazelnut__test__good__029_mask.png","outputs/risk_padim_hazelnut/artefacts/hazelnut__test__good__029_annotated.png","simple_statistical_reference","0.42","minimum","Image-level anomaly score did not exceed the calibrated threshold."
"hazelnut__test__good__030","data/mvtec_anomaly_detection/hazelnut/test/good/030.png","40f7699e11204a0574ff9ab8a89865e25688012efd0132316a8e1266e293eeca","2026-06-08T19:19:51.343347+00:00","anomalib_padim","0.12158482049850053","0.5","False","0.8784151795014995","0.3784151795014995","0.8784151795014995","0.0","0","[]","normal","0.8784151795014995","detector_normal_decision","","","","","","","","","","","","","","","","","","0.8784151795014995","0.8784151795014995","0.8784151795014995","0.8784151795014995","0.8784151795014994","minimum","0.8784151795014995","S1","O1","D1","Low","Continue monitoring; no immediate intervention required.","True","S1|O1|D1","False","[]","outputs/risk_padim_hazelnut/artefacts/hazelnut__test__good__030_heatmap_overlay.png","outputs/risk_padim_hazelnut/artefacts/hazelnut__test__good__030_mask.png","outputs/risk_padim_hazelnut/artefacts/hazelnut__test__good__030_annotated.png","simple_statistical_reference","0.42","minimum","Image-level anomaly score did not exceed the calibrated threshold."
"hazelnut__test__good__031","data/mvtec_anomaly_detection/hazelnut/test/good/031.png","55a338a32729460de040ca0a64537c9c3f858ab7ffde5ba9ff3b7feb1ab07a68","2026-06-08T19:19:51.398879+00:00","anomalib_padim","0.17074293967597257","0.5","True","0.17074293967597257","0.32925706032402746","0.6729898607919824","0.091217041015625","4","[{'x': 97, 'y': 142, 'w': 84, 'h': 94, 'area_px': 4039, 'area_ratio': 0.0616302490234375, 'mean_heat': 0.5786027908325195, 'max_heat': 0.8549019694328308, 'x2': 181, 'y2': 236, 'aspect_ratio': 1.119047619047619}, {'x': 72, 'y': 18, 'w': 45, 'h': 52, 'area_px': 1653, 'area_ratio': 0.0252227783203125, 'mean_heat': 0.6722204685211182, 'max_heat': 1.0, 'x2': 117, 'y2': 70, 'aspect_ratio': 1.1555555555555554}, {'x': 0, 'y': 50, 'w': 15, 'h': 12, 'area_px': 158, 'area_ratio': 0.002410888671875, 'mean_heat': 0.4703897535800934, 'max_heat': 0.5098039507865906, 'x2': 15, 'y2': 62, 'aspect_ratio': 1.25}, {'x': 189, 'y': 28, 'w': 13, 'h': 13, 'area_px': 128, 'area_ratio': 0.001953125, 'mean_heat': 0.4961703419685364, 'max_heat': 0.5843137502670288, 'x2': 202, 'y2': 41, 'aspect_ratio': 1.0}]","unknown","0.5267156893014908","rules_constrained_taxonomy","97.0","142.0","84.0","94.0","4039.0","0.0616302490234375","0.5786027908325195","0.8549019694328308","181.0","236.0","1.119047619047619","0.20022796352583586","70.13677811550151","93.58979229989869","0.5612326609560654","0.8703895182831332","['no_rule_matched_confidently']","0.17074293967597257","0.6729898607919824","0.5267156893014908","0.17074293967597257","0.41041020341715506","minimum","0.17074293967597257","S3","O3","D3","Critical","Stop release or production path until authorised review is complete.","True","S3|O3|D3","True","['Fused confidence 0.171 is below operational threshold 0.600.', 'Semantic label is unknown or not confidently mapped to the taxonomy.', 'Critical risk class requires operator confirmation before release decision.']","outputs/risk_padim_hazelnut/artefacts/hazelnut__test__good__031_heatmap_overlay.png","outputs/risk_padim_hazelnut/artefacts/hazelnut__test__good__031_mask.png","outputs/risk_padim_hazelnut/artefacts/hazelnut__test__good__031_annotated.png","simple_statistical_reference","0.42","minimum",""
"hazelnut__test__good__032","data/mvtec_anomaly_detection/hazelnut/test/good/032.png","c67c946d6a9def8c202db17de36e29a953e6f96cf03b9983c28226eacea87c33","2026-06-08T19:19:51.451545+00:00","anomalib_padim","0.3244569320010577","0.5","True","0.3244569320010577","0.17554306799894231","0.6558591906098052","0.01715087890625","3","[{'x': 174, 'y': 108, 'w': 43, 'h': 29, 'area_px': 715, 'area_ratio': 0.0109100341796875, 'mean_heat': 0.6003345847129822, 'max_heat': 1.0, 'x2': 217, 'y2': 137, 'aspect_ratio': 1.4827586206896552}, {'x': 238, 'y': 29, 'w': 18, 'h': 20, 'area_px': 329, 'area_ratio': 0.0050201416015625, 'mean_heat': 0.7013409733772278, 'max_heat': 0.9490196108818054, 'x2': 256, 'y2': 49, 'aspect_ratio': 1.1111111111111112}, {'x': 121, 'y': 71, 'w': 8, 'h': 14, 'area_px': 80, 'area_ratio': 0.001220703125, 'mean_heat': 0.43970590829849243, 'max_heat': 0.4588235318660736, 'x2': 129, 'y2': 85, 'aspect_ratio': 1.75}]","unknown","0.5774999999999999","rules_constrained_taxonomy","174.0","108.0","43.0","29.0","715.0","0.0109100341796875","0.6003345847129822","1.0","217.0","137.0","1.4827586206896552","0.27906976744186046","110.62309542902968","143.94386527666398","10.756428762363015","0.0","['no_rule_matched_confidently']","0.3244569320010577","0.6558591906098052","0.5774999999999999","0.3244569320010577","0.48713837658341747","minimum","0.3244569320010577","S3","O3","D3","Critical","Stop release or production path until authorised review is complete.","True","S3|O3|D3","True","['Fused confidence 0.324 is below operational threshold 0.600.', 'Semantic label is unknown or not confidently mapped to the taxonomy.', 'Critical risk class requires operator confirmation before release decision.']","outputs/risk_padim_hazelnut/artefacts/hazelnut__test__good__032_heatmap_overlay.png","outputs/risk_padim_hazelnut/artefacts/hazelnut__test__good__032_mask.png","outputs/risk_padim_hazelnut/artefacts/hazelnut__test__good__032_annotated.png","simple_statistical_reference","0.42","minimum",""
"hazelnut__test__good__033","data/mvtec_anomaly_detection/hazelnut/test/good/033.png","9c15195c7529c58b15b7837a6754cf31a93b18c57809470ebbf0f5629fe506ed","2026-06-08T19:19:51.508800+00:00","anomalib_padim","0.5498902780930992","0.5","True","0.5498902780930992","0.049890278093099205","0.7197526590478036","0.0231781005859375","2","[{'x': 72, 'y': 16, 'w': 41, 'h': 37, 'area_px': 1199, 'area_ratio': 0.0182952880859375, 'mean_heat': 0.6266268491744995, 'max_heat': 1.0, 'x2': 113, 'y2': 53, 'aspect_ratio': 1.1081081081081081}, {'x': 96, 'y': 207, 'w': 17, 'h': 25, 'area_px': 320, 'area_ratio': 0.0048828125, 'mean_heat': 0.48638486862182617, 'max_heat': 0.5490196347236633, 'x2': 113, 'y2': 232, 'aspect_ratio': 1.4705882352941178}]","unknown","0.5774999999999999","rules_constrained_taxonomy","72.0","16.0","41.0","37.0","1199.0","0.0182952880859375","0.6266268491744995","1.0","113.0","53.0","1.1081081081081081","0.11733684904416612","61.28213579433092","92.97297297297297","0.582367505684779","0.0","['no_rule_matched_confidently']","0.5498902780930992","0.7197526590478036","0.5774999999999999","0.5498902780930992","0.6077514228562357","minimum","0.5498902780930992","S3","O3","D3","Critical","Stop release or production path until authorised review is complete.","True","S3|O3|D3","True","['Fused confidence 0.550 is below operational threshold 0.600.', 'Semantic label is unknown or not confidently mapped to the taxonomy.', 'Anomaly score is close to the decision boundary; margin=0.050.', 'Critical risk class requires operator confirmation before release decision.']","outputs/risk_padim_hazelnut/artefacts/hazelnut__test__good__033_heatmap_overlay.png","outputs/risk_padim_hazelnut/artefacts/hazelnut__test__good__033_mask.png","outputs/risk_padim_hazelnut/artefacts/hazelnut__test__good__033_annotated.png","simple_statistical_reference","0.42","minimum",""
"hazelnut__test__good__034","data/mvtec_anomaly_detection/hazelnut/test/good/034.png","48a9d7013fe4e9173086637a26fad71ca464aee5560643208b80fe7912f5d3ff","2026-06-08T19:19:51.564510+00:00","anomalib_padim","0.07102135398036392","0.5","False","0.9289786460196361","0.4289786460196361","0.9289786460196361","0.0","0","[]","normal","0.9289786460196361","detector_normal_decision","","","","","","","","","","","","","","","","","","0.9289786460196361","0.9289786460196361","0.9289786460196361","0.9289786460196361","0.9289786460196361","minimum","0.9289786460196361","S1","O1","D1","Low","Continue monitoring; no immediate intervention required.","True","S1|O1|D1","False","[]","outputs/risk_padim_hazelnut/artefacts/hazelnut__test__good__034_heatmap_overlay.png","outputs/risk_padim_hazelnut/artefacts/hazelnut__test__good__034_mask.png","outputs/risk_padim_hazelnut/artefacts/hazelnut__test__good__034_annotated.png","simple_statistical_reference","0.42","minimum","Image-level anomaly score did not exceed the calibrated threshold."
"hazelnut__test__good__035","data/mvtec_anomaly_detection/hazelnut/test/good/035.png","9c533d00e2a41e2caf1f927a0fc396bf20c0d1a108a54311a5e0e557c4bda996","2026-06-08T19:19:51.620426+00:00","anomalib_padim","0.09615406990359966","0.5","False","0.9038459300964004","0.40384593009640035","0.9038459300964004","0.0","0","[]","normal","0.9038459300964004","detector_normal_decision","","","","","","","","","","","","","","","","","","0.9038459300964004","0.9038459300964004","0.9038459300964004","0.9038459300964004","0.9038459300964004","minimum","0.9038459300964004","S1","O1","D1","Low","Continue monitoring; no immediate intervention required.","True","S1|O1|D1","False","[]","outputs/risk_padim_hazelnut/artefacts/hazelnut__test__good__035_heatmap_overlay.png","outputs/risk_padim_hazelnut/artefacts/hazelnut__test__good__035_mask.png","outputs/risk_padim_hazelnut/artefacts/hazelnut__test__good__035_annotated.png","simple_statistical_reference","0.42","minimum","Image-level anomaly score did not exceed the calibrated threshold."
"hazelnut__test__good__036","data/mvtec_anomaly_detection/hazelnut/test/good/036.png","b43f505ce5d9eeb49ad6259fa1612334b821449b7600c11f99dce3528d36397b","2026-06-08T19:19:51.677600+00:00","anomalib_padim","0.18892146353818767","0.5","True","0.18892146353818767","0.3110785364618123","0.7135981222979413","0.08856201171875","4","[{'x': 38, 'y': 91, 'w': 118, 'h': 103, 'area_px': 4730, 'area_ratio': 0.072174072265625, 'mean_heat': 0.56821209192276, 'max_heat': 1.0, 'x2': 156, 'y2': 194, 'aspect_ratio': 1.145631067961165}, {'x': 231, 'y': 13, 'w': 25, 'h': 21, 'area_px': 453, 'area_ratio': 0.0069122314453125, 'mean_heat': 0.6193308234214783, 'max_heat': 0.8313725590705872, 'x2': 256, 'y2': 34, 'aspect_ratio': 1.1904761904761905}, {'x': 186, 'y': 55, 'w': 24, 'h': 25, 'area_px': 444, 'area_ratio': 0.00677490234375, 'mean_heat': 0.48494085669517517, 'max_heat': 0.5803921818733215, 'x2': 210, 'y2': 80, 'aspect_ratio': 1.0416666666666667}, {'x': 115, 'y': 206, 'w': 14, 'h': 16, 'area_px': 177, 'area_ratio': 0.0027008056640625, 'mean_heat': 0.4724493622779846, 'max_heat': 0.529411792755127, 'x2': 129, 'y2': 222, 'aspect_ratio': 1.1428571428571428}]","unknown","0.5774999999999999","rules_constrained_taxonomy","38.0","91.0","118.0","103.0","4730.0","0.072174072265625","0.56821209192276","1.0","156.0","194.0","1.145631067961165","0.2739838736218529","89.263370083923","125.5056771433273","2.7039194379929796","0.0","['no_rule_matched_confidently']","0.18892146353818767","0.7135981222979413","0.5774999999999999","0.18892146353818767","0.4434690952815668","minimum","0.18892146353818767","S3","O3","D3","Critical","Stop release or production path until authorised review is complete.","True","S3|O3|D3","True","['Fused confidence 0.189 is below operational threshold 0.600.', 'Semantic label is unknown or not confidently mapped to the taxonomy.', 'Critical risk class requires operator confirmation before release decision.']","outputs/risk_padim_hazelnut/artefacts/hazelnut__test__good__036_heatmap_overlay.png","outputs/risk_padim_hazelnut/artefacts/hazelnut__test__good__036_mask.png","outputs/risk_padim_hazelnut/artefacts/hazelnut__test__good__036_annotated.png","simple_statistical_reference","0.42","minimum",""
"hazelnut__test__good__037","data/mvtec_anomaly_detection/hazelnut/test/good/037.png","8e8d0325def289aa068df8d4d7eb5d273eaf09c0b692102e5ca6f7a3c5ec1564","2026-06-08T19:19:51.735930+00:00","anomalib_padim","0.19859162955155477","0.5","True","0.19859162955155477","0.30140837044844526","0.7531400226072289","0.0599822998046875","3","[{'x': 76, 'y': 78, 'w': 117, 'h': 40, 'area_px': 3198, 'area_ratio': 0.048797607421875, 'mean_heat': 0.5903100967407227, 'max_heat': 0.9411764740943909, 'x2': 193, 'y2': 118, 'aspect_ratio': 2.925}, {'x': 233, 'y': 0, 'w': 23, 'h': 28, 'area_px': 549, 'area_ratio': 0.0083770751953125, 'mean_heat': 0.6930105090141296, 'max_heat': 1.0, 'x2': 256, 'y2': 28, 'aspect_ratio': 1.2173913043478262}, {'x': 49, 'y': 192, 'w': 15, 'h': 15, 'area_px': 184, 'area_ratio': 0.0028076171875, 'mean_heat': 0.5141730904579163, 'max_heat': 0.6078431606292725, 'x2': 64, 'y2': 207, 'aspect_ratio': 1.0}]","unknown","0.5569117659330367","rules_constrained_taxonomy","76.0","78.0","117.0","40.0","3198.0","0.048797607421875","0.5903100967407227","0.9411764740943909","193.0","118.0","2.925","0.3034188034188034","114.74871794871795","165.92094017094018","1.9152055964086117","0.0","['no_rule_matched_confidently']","0.19859162955155477","0.7531400226072289","0.5569117659330367","0.19859162955155477","0.45453618156362746","minimum","0.19859162955155477","S3","O3","D3","Critical","Stop release or production path until authorised review is complete.","True","S3|O3|D3","True","['Fused confidence 0.199 is below operational threshold 0.600.', 'Semantic label is unknown or not confidently mapped to the taxonomy.', 'Critical risk class requires operator confirmation before release decision.']","outputs/risk_padim_hazelnut/artefacts/hazelnut__test__good__037_heatmap_overlay.png","outputs/risk_padim_hazelnut/artefacts/hazelnut__test__good__037_mask.png","outputs/risk_padim_hazelnut/artefacts/hazelnut__test__good__037_annotated.png","simple_statistical_reference","0.42","minimum",""
"hazelnut__test__good__038","data/mvtec_anomaly_detection/hazelnut/test/good/038.png","5765729be23b87defdf2a5ada95846b4305d16f247745af60e69ddde06f1696b","2026-06-08T19:19:51.792590+00:00","anomalib_padim","0.04962222588840337","0.5","False","0.9503777741115966","0.45037777411159663","0.9503777741115966","0.0","0","[]","normal","0.9503777741115966","detector_normal_decision","","","","","","","","","","","","","","","","","","0.9503777741115966","0.9503777741115966","0.9503777741115966","0.9503777741115966","0.9503777741115966","minimum","0.9503777741115966","S1","O1","D1","Low","Continue monitoring; no immediate intervention required.","True","S1|O1|D1","False","[]","outputs/risk_padim_hazelnut/artefacts/hazelnut__test__good__038_heatmap_overlay.png","outputs/risk_padim_hazelnut/artefacts/hazelnut__test__good__038_mask.png","outputs/risk_padim_hazelnut/artefacts/hazelnut__test__good__038_annotated.png","simple_statistical_reference","0.42","minimum","Image-level anomaly score did not exceed the calibrated threshold."
"hazelnut__test__good__039","data/mvtec_anomaly_detection/hazelnut/test/good/039.png","b9f5706a22b7939cba299fbbae211afc8682b754836aeb6ce40bdb28d76c8f22","2026-06-08T19:19:51.850734+00:00","anomalib_padim","1.0","0.5","True","1.0","0.5","0.7139891787988799","0.026702880859375","2","[{'x': 209, 'y': 131, 'w': 33, 'h': 49, 'area_px': 1269, 'area_ratio': 0.0193634033203125, 'mean_heat': 0.6100959777832031, 'max_heat': 1.0, 'x2': 242, 'y2': 180, 'aspect_ratio': 1.4848484848484849}, {'x': 16, 'y': 88, 'w': 21, 'h': 32, 'area_px': 481, 'area_ratio': 0.0073394775390625, 'mean_heat': 0.5673637986183167, 'max_heat': 0.7764706015586853, 'x2': 37, 'y2': 120, 'aspect_ratio': 1.5238095238095237}]","unknown","0.5774999999999999","rules_constrained_taxonomy","209.0","131.0","33.0","49.0","1269.0","0.0193634033203125","0.6100959777832031","1.0","242.0","180.0","1.4848484848484849","0.18800247371675943","63.99257884972171","88.49598021026593","5.509690309690313","0.0","['no_rule_matched_confidently']","1.0","0.7139891787988799","0.5774999999999999","0.5774999999999999","0.8085717536396639","minimum","0.5774999999999999","S3","O3","D2","High","Quarantine item or lot pending quality engineer review.","True","S3|O3|D2","True","['Fused confidence 0.577 is below operational threshold 0.600.', 'Semantic label is unknown or not confidently mapped to the taxonomy.']","outputs/risk_padim_hazelnut/artefacts/hazelnut__test__good__039_heatmap_overlay.png","outputs/risk_padim_hazelnut/artefacts/hazelnut__test__good__039_mask.png","outputs/risk_padim_hazelnut/artefacts/hazelnut__test__good__039_annotated.png","simple_statistical_reference","0.42","minimum",""
"hazelnut__test__hole__000","data/mvtec_anomaly_detection/hazelnut/test/hole/000.png","b9a1a102db263079fec8bc9836f182253dced9ca178957b7e9bef05cba3312c2","2026-06-08T19:19:51.908327+00:00","anomalib_padim","0.5921735120666253","0.5","True","0.5921735120666253","0.09217351206662527","0.7188410447445319","0.0410308837890625","3","[{'x': 107, 'y': 83, 'w': 64, 'h': 47, 'area_px': 2296, 'area_ratio': 0.0350341796875, 'mean_heat': 0.5979759693145752, 'max_heat': 1.0, 'x2': 171, 'y2': 130, 'aspect_ratio': 1.3617021276595744}, {'x': 14, 'y': 29, 'w': 17, 'h': 25, 'area_px': 326, 'area_ratio': 0.004974365234375, 'mean_heat': 0.5264285206794739, 'max_heat': 0.6627451181411743, 'x2': 31, 'y2': 54, 'aspect_ratio': 1.4705882352941178}, {'x': 177, 'y': 54, 'w': 9, 'h': 10, 'area_px': 67, 'area_ratio': 0.0010223388671875, 'mean_heat': 0.4293239414691925, 'max_heat': 0.43529412150382996, 'x2': 186, 'y2': 64, 'aspect_ratio': 1.1111111111111112}]","unknown","0.5774999999999999","rules_constrained_taxonomy","107.0","83.0","64.0","47.0","2296.0","0.0350341796875","0.5979759693145752","1.0","171.0","130.0","1.3617021276595744","0.1831781914893617","128.4431515957447","145.20378989361703","0.4344214370145494","0.0","['no_rule_matched_confidently']","0.5921735120666253","0.7188410447445319","0.5774999999999999","0.5774999999999999","0.6265053938533409","minimum","0.5774999999999999","S3","O3","D2","High","Quarantine item or lot pending quality engineer review.","True","S3|O3|D2","True","['Fused confidence 0.577 is below operational threshold 0.600.', 'Semantic label is unknown or not confidently mapped to the taxonomy.']","outputs/risk_padim_hazelnut/artefacts/hazelnut__test__hole__000_heatmap_overlay.png","outputs/risk_padim_hazelnut/artefacts/hazelnut__test__hole__000_mask.png","outputs/risk_padim_hazelnut/artefacts/hazelnut__test__hole__000_annotated.png","simple_statistical_reference","0.42","minimum",""
"hazelnut__test__hole__001","data/mvtec_anomaly_detection/hazelnut/test/hole/001.png","c3aa706e84d7b0b894755b106c3b9a04f18c48daa0819cf616ade2c1b969252e","2026-06-08T19:19:51.975038+00:00","anomalib_padim","0.7537535512815043","0.5","True","0.7537535512815043","0.25375355128150434","0.8559145629405975","0.0170440673828125","1","[{'x': 112, 'y': 122, 'w': 34, 'h': 39, 'area_px': 1117, 'area_ratio': 0.0170440673828125, 'mean_heat': 0.6561378240585327, 'max_heat': 1.0, 'x2': 146, 'y2': 161, 'aspect_ratio': 1.1470588235294117}]","unknown","0.5774999999999999","rules_constrained_taxonomy","112.0","122.0","34.0","39.0","1117.0","0.0170440673828125","0.6561378240585327","1.0","146.0","161.0","1.1470588235294117","0.14404223227752638","121.43514328808446","147.9841628959276","3.6768567119155335","0.0","['no_rule_matched_confidently']","0.7537535512815043","0.8559145629405975","0.5774999999999999","0.5774999999999999","0.7403384669588562","minimum","0.5774999999999999","S3","O3","D2","High","Quarantine item or lot pending quality engineer review.","True","S3|O3|D2","True","['Fused confidence 0.577 is below operational threshold 0.600.', 'Semantic label is unknown or not confidently mapped to the taxonomy.']","outputs/risk_padim_hazelnut/artefacts/hazelnut__test__hole__001_heatmap_overlay.png","outputs/risk_padim_hazelnut/artefacts/hazelnut__test__hole__001_mask.png","outputs/risk_padim_hazelnut/artefacts/hazelnut__test__hole__001_annotated.png","simple_statistical_reference","0.42","minimum",""
"hazelnut__test__hole__002","data/mvtec_anomaly_detection/hazelnut/test/hole/002.png","0a5ebcb92c384c3c2c3fa69305603d856c67516a4235d77c66ecea6d7e8a552d","2026-06-08T19:19:52.032888+00:00","anomalib_padim","1.0","0.5","True","1.0","0.5","0.8695387452840804","0.02001953125","1","[{'x': 126, 'y': 135, 'w': 47, 'h': 39, 'area_px': 1312, 'area_ratio': 0.02001953125, 'mean_heat': 0.6822811961174011, 'max_heat': 1.0, 'x2': 173, 'y2': 174, 'aspect_ratio': 1.205128205128205}]","unknown","0.5774999999999999","rules_constrained_taxonomy","126.0","135.0","47.0","39.0","1312.0","0.02001953125","0.6822811961174011","1.0","173.0","174.0","1.205128205128205","0.16366612111292964","127.27386797599564","147.9656301145663","2.7766370745094093","0.0","['no_rule_matched_confidently']","1.0","0.8695387452840804","0.5774999999999999","0.5774999999999999","0.855236623585224","minimum","0.5774999999999999","S3","O3","D2","High","Quarantine item or lot pending quality engineer review.","True","S3|O3|D2","True","['Fused confidence 0.577 is below operational threshold 0.600.', 'Semantic label is unknown or not confidently mapped to the taxonomy.']","outputs/risk_padim_hazelnut/artefacts/hazelnut__test__hole__002_heatmap_overlay.png","outputs/risk_padim_hazelnut/artefacts/hazelnut__test__hole__002_mask.png","outputs/risk_padim_hazelnut/artefacts/hazelnut__test__hole__002_annotated.png","simple_statistical_reference","0.42","minimum",""
"hazelnut__test__hole__003","data/mvtec_anomaly_detection/hazelnut/test/hole/003.png","4d241bd420abbc3b39c2df3b4815416390363a52994dd871410246a92ef546b5","2026-06-08T19:19:52.090665+00:00","anomalib_padim","1.0","0.5","True","1.0","0.5","0.6706914571662561","0.0200653076171875","2","[{'x': 100, 'y': 134, 'w': 32, 'h': 31, 'area_px': 756, 'area_ratio': 0.01153564453125, 'mean_heat': 0.6664695739746094, 'max_heat': 1.0, 'x2': 132, 'y2': 165, 'aspect_ratio': 1.032258064516129}, {'x': 161, 'y': 211, 'w': 23, 'h': 29, 'area_px': 559, 'area_ratio': 0.0085296630859375, 'mean_heat': 0.570697009563446, 'max_heat': 0.7568627595901489, 'x2': 184, 'y2': 240, 'aspect_ratio': 1.2608695652173914}]","unknown","0.5774999999999999","rules_constrained_taxonomy","100.0","134.0","32.0","31.0","756.0","0.01153564453125","0.6664695739746094","1.0","132.0","165.0","1.032258064516129","0.22076612903225806","93.9899193548387","137.41633064516128","14.042438801189661","8.429857298101126","['no_rule_matched_confidently']","1.0","0.6706914571662561","0.5774999999999999","0.5774999999999999","0.7955824371498768","minimum","0.5774999999999999","S3","O3","D2","High","Quarantine item or lot pending quality engineer review.","True","S3|O3|D2","True","['Fused confidence 0.577 is below operational threshold 0.600.', 'Semantic label is unknown or not confidently mapped to the taxonomy.']","outputs/risk_padim_hazelnut/artefacts/hazelnut__test__hole__003_heatmap_overlay.png","outputs/risk_padim_hazelnut/artefacts/hazelnut__test__hole__003_mask.png","outputs/risk_padim_hazelnut/artefacts/hazelnut__test__hole__003_annotated.png","simple_statistical_reference","0.42","minimum",""
"hazelnut__test__hole__004","data/mvtec_anomaly_detection/hazelnut/test/hole/004.png","a635da4283143f12a0e6b4e8240281b4434241c4045ffad5d89a4479793e0559","2026-06-08T19:19:52.144543+00:00","anomalib_padim","0.660504399566542","0.5","True","0.660504399566542","0.16050439956654206","0.7450976712988691","0.0371246337890625","2","[{'x': 111, 'y': 83, 'w': 47, 'h': 63, 'area_px': 2015, 'area_ratio': 0.0307464599609375, 'mean_heat': 0.6058074235916138, 'max_heat': 1.0, 'x2': 158, 'y2': 146, 'aspect_ratio': 1.3404255319148937}, {'x': 119, 'y': 156, 'w': 26, 'h': 21, 'area_px': 418, 'area_ratio': 0.006378173828125, 'mean_heat': 0.5206586718559265, 'max_heat': 0.658823549747467, 'x2': 145, 'y2': 177, 'aspect_ratio': 1.2380952380952381}]","unknown","0.5774999999999999","rules_constrained_taxonomy","111.0","83.0","47.0","63.0","2015.0","0.0307464599609375","0.6058074235916138","1.0","158.0","146.0","1.3404255319148937","0.14454576156703816","118.98007429922323","150.03107058426207","3.253600605337752","1.5357367293806874","['no_rule_matched_confidently']","0.660504399566542","0.7450976712988691","0.5774999999999999","0.5774999999999999","0.6651312811946046","minimum","0.5774999999999999","S3","O3","D2","High","Quarantine item or lot pending quality engineer review.","True","S3|O3|D2","True","['Fused confidence 0.577 is below operational threshold 0.600.', 'Semantic label is unknown or not confidently mapped to the taxonomy.']","outputs/risk_padim_hazelnut/artefacts/hazelnut__test__hole__004_heatmap_overlay.png","outputs/risk_padim_hazelnut/artefacts/hazelnut__test__hole__004_mask.png","outputs/risk_padim_hazelnut/artefacts/hazelnut__test__hole__004_annotated.png","simple_statistical_reference","0.42","minimum",""
"hazelnut__test__hole__005","data/mvtec_anomaly_detection/hazelnut/test/hole/005.png","0d64b5a8b175531ace4719719436b91686115b84f6b299eeae854db2b00c863f","2026-06-08T19:19:52.198614+00:00","anomalib_padim","0.7928725659631676","0.5","True","0.7928725659631676","0.2928725659631676","0.8498512893915176","0.0167083740234375","1","[{'x': 90, 'y': 122, 'w': 37, 'h': 38, 'area_px': 1095, 'area_ratio': 0.0167083740234375, 'mean_heat': 0.6431301236152649, 'max_heat': 1.0, 'x2': 127, 'y2': 160, 'aspect_ratio': 1.027027027027027}]","unknown","0.5774999999999999","rules_constrained_taxonomy","90.0","122.0","37.0","38.0","1095.0","0.0167083740234375","0.6431301236152649","1.0","127.0","160.0","1.027027027027027","0.2503556187766714","90.38904694167852","119.8620199146515","14.357983107238326","8.979349756906842","['no_rule_matched_confidently']","0.7928725659631676","0.8498512893915176","0.5774999999999999","0.5774999999999999","0.7561230415008806","minimum","0.5774999999999999","S3","O3","D2","High","Quarantine item or lot pending quality engineer review.","True","S3|O3|D2","True","['Fused confidence 0.577 is below operational threshold 0.600.', 'Semantic label is unknown or not confidently mapped to the taxonomy.']","outputs/risk_padim_hazelnut/artefacts/hazelnut__test__hole__005_heatmap_overlay.png","outputs/risk_padim_hazelnut/artefacts/hazelnut__test__hole__005_mask.png","outputs/risk_padim_hazelnut/artefacts/hazelnut__test__hole__005_annotated.png","simple_statistical_reference","0.42","minimum",""
"hazelnut__test__hole__006","data/mvtec_anomaly_detection/hazelnut/test/hole/006.png","dfb46612d76c1134bd6481d85afb2e95ab104d9a3f1b9a761ec34f9e454dd10b","2026-06-08T19:19:52.255881+00:00","anomalib_padim","1.0","0.5","True","1.0","0.5","0.8584040224552154","0.01629638671875","1","[{'x': 83, 'y': 126, 'w': 37, 'h': 39, 'area_px': 1068, 'area_ratio': 0.01629638671875, 'mean_heat': 0.6627084016799927, 'max_heat': 1.0, 'x2': 120, 'y2': 165, 'aspect_ratio': 1.054054054054054}]","unknown","0.5774999999999999","rules_constrained_taxonomy","83.0","126.0","37.0","39.0","1068.0","0.01629638671875","0.6627084016799927","1.0","120.0","165.0","1.054054054054054","0.18711018711018712","116.07068607068607","139.37283437283438","4.213361956758192","0.0","['no_rule_matched_confidently']","1.0","0.8584040224552154","0.5774999999999999","0.5774999999999999","0.8518962067365645","minimum","0.5774999999999999","S3","O3","D2","High","Quarantine item or lot pending quality engineer review.","True","S3|O3|D2","True","['Fused confidence 0.577 is below operational threshold 0.600.', 'Semantic label is unknown or not confidently mapped to the taxonomy.']","outputs/risk_padim_hazelnut/artefacts/hazelnut__test__hole__006_heatmap_overlay.png","outputs/risk_padim_hazelnut/artefacts/hazelnut__test__hole__006_mask.png","outputs/risk_padim_hazelnut/artefacts/hazelnut__test__hole__006_annotated.png","simple_statistical_reference","0.42","minimum",""
"hazelnut__test__hole__007","data/mvtec_anomaly_detection/hazelnut/test/hole/007.png","23152b06124706ff3eb8cb1fc83d82d16b44ccec373d76c381fcc0b79f4b09cd","2026-06-08T19:19:52.310748+00:00","anomalib_padim","1.0","0.5","True","1.0","0.5","0.7269955514284951","0.017059326171875","2","[{'x': 120, 'y': 107, 'w': 26, 'h': 37, 'area_px': 788, 'area_ratio': 0.01202392578125, 'mean_heat': 0.6680302619934082, 'max_heat': 1.0, 'x2': 146, 'y2': 144, 'aspect_ratio': 1.4230769230769231}, {'x': 189, 'y': 237, 'w': 20, 'h': 19, 'area_px': 330, 'area_ratio': 0.005035400390625, 'mean_heat': 0.62562096118927, 'max_heat': 0.8117647171020508, 'x2': 209, 'y2': 256, 'aspect_ratio': 1.0526315789473684}]","unknown","0.5774999999999999","rules_constrained_taxonomy","120.0","107.0","26.0","37.0","788.0","0.01202392578125","0.6680302619934082","1.0","146.0","144.0","1.4230769230769231","0.1548856548856549","139.23908523908523","177.03742203742203","5.666575138273259","0.0","['no_rule_matched_confidently']","1.0","0.7269955514284951","0.5774999999999999","0.5774999999999999","0.8124736654285485","minimum","0.5774999999999999","S3","O3","D2","High","Quarantine item or lot pending quality engineer review.","True","S3|O3|D2","True","['Fused confidence 0.577 is below operational threshold 0.600.', 'Semantic label is unknown or not confidently mapped to the taxonomy.']","outputs/risk_padim_hazelnut/artefacts/hazelnut__test__hole__007_heatmap_overlay.png","outputs/risk_padim_hazelnut/artefacts/hazelnut__test__hole__007_mask.png","outputs/risk_padim_hazelnut/artefacts/hazelnut__test__hole__007_annotated.png","simple_statistical_reference","0.42","minimum",""
"hazelnut__test__hole__008","data/mvtec_anomaly_detection/hazelnut/test/hole/008.png","933ecda17811db8cb701134dcf8bcfebfcfc8c3f607c7990af3d7d1a81bb1d06","2026-06-08T19:19:52.368230+00:00","anomalib_padim","0.43522777774628707","0.5","True","0.43522777774628707","0.06477222225371293","0.8615197151899336","0.0250701904296875","1","[{'x': 59, 'y': 81, 'w': 41, 'h': 49, 'area_px': 1643, 'area_ratio': 0.0250701904296875, 'mean_heat': 0.6574463248252869, 'max_heat': 1.0, 'x2': 100, 'y2': 130, 'aspect_ratio': 1.1951219512195121}]","unknown","0.5774999999999999","rules_constrained_taxonomy","59.0","81.0","41.0","49.0","1643.0","0.0250701904296875","0.6574463248252869","1.0","100.0","130.0","1.1951219512195121","0.27177700348432055","104.80438028870084","144.99800895968144","5.260790545111092","0.0","['no_rule_matched_confidently']","0.43522777774628707","0.8615197151899336","0.5774999999999999","0.43522777774628707","0.5986834145428093","minimum","0.43522777774628707","S3","O3","D3","Critical","Stop release or production path until authorised review is complete.","True","S3|O3|D3","True","['Fused confidence 0.435 is below operational threshold 0.600.', 'Semantic label is unknown or not confidently mapped to the taxonomy.', 'Anomaly score is close to the decision boundary; margin=0.065.', 'Critical risk class requires operator confirmation before release decision.']","outputs/risk_padim_hazelnut/artefacts/hazelnut__test__hole__008_heatmap_overlay.png","outputs/risk_padim_hazelnut/artefacts/hazelnut__test__hole__008_mask.png","outputs/risk_padim_hazelnut/artefacts/hazelnut__test__hole__008_annotated.png","simple_statistical_reference","0.42","minimum",""
"hazelnut__test__hole__009","data/mvtec_anomaly_detection/hazelnut/test/hole/009.png","2d9d8165044fb8c2b3ba9cbe7f5abfda5794ad9bae517610afb419f09f530477","2026-06-08T19:19:52.423463+00:00","anomalib_padim","0.6013620691661204","0.5","True","0.6013620691661204","0.10136206916612045","0.7144512347353862","0.02520751953125","2","[{'x': 137, 'y': 97, 'w': 33, 'h': 49, 'area_px': 1144, 'area_ratio': 0.0174560546875, 'mean_heat': 0.6618435978889465, 'max_heat': 1.0, 'x2': 170, 'y2': 146, 'aspect_ratio': 1.4848484848484849}, {'x': 88, 'y': 52, 'w': 33, 'h': 26, 'area_px': 508, 'area_ratio': 0.00775146484375, 'mean_heat': 0.5726107358932495, 'max_heat': 0.8784313797950745, 'x2': 121, 'y2': 78, 'aspect_ratio': 1.2692307692307692}]","unknown","0.5774999999999999","rules_constrained_taxonomy","137.0","97.0","33.0","49.0","1144.0","0.0174560546875","0.6618435978889465","1.0","170.0","146.0","1.4848484848484849","0.2189239332096475","117.95670995670996","150.5386518243661","4.940307311735879","0.19855382712526648","['no_rule_matched_confidently']","0.6013620691661204","0.7144512347353862","0.5774999999999999","0.5774999999999999","0.6293233015453701","minimum","0.5774999999999999","S3","O3","D2","High","Quarantine item or lot pending quality engineer review.","True","S3|O3|D2","True","['Fused confidence 0.577 is below operational threshold 0.600.', 'Semantic label is unknown or not confidently mapped to the taxonomy.']","outputs/risk_padim_hazelnut/artefacts/hazelnut__test__hole__009_heatmap_overlay.png","outputs/risk_padim_hazelnut/artefacts/hazelnut__test__hole__009_mask.png","outputs/risk_padim_hazelnut/artefacts/hazelnut__test__hole__009_annotated.png","simple_statistical_reference","0.42","minimum",""
"hazelnut__test__hole__010","data/mvtec_anomaly_detection/hazelnut/test/hole/010.png","b0db81b6c3b05ca4e62383b2a827d35aa488a187a563828a56ea68778f64f35f","2026-06-08T19:19:52.478107+00:00","anomalib_padim","0.7031938636480936","0.5","True","0.7031938636480936","0.20319386364809355","0.8287148714065551","0.02899169921875","1","[{'x': 96, 'y': 81, 'w': 51, 'h': 60, 'area_px': 1900, 'area_ratio': 0.02899169921875, 'mean_heat': 0.5791001319885254, 'max_heat': 1.0, 'x2': 147, 'y2': 141, 'aspect_ratio': 1.1764705882352942}]","unknown","0.5774999999999999","rules_constrained_taxonomy","96.0","81.0","51.0","60.0","1900.0","0.02899169921875","0.5791001319885254","1.0","147.0","141.0","1.1764705882352942","0.1630718954248366","130.34640522875816","163.72875816993465","1.1164366505963415","0.0","['no_rule_matched_confidently']","0.7031938636480936","0.8287148714065551","0.5774999999999999","0.5774999999999999","0.7094267000636085","minimum","0.5774999999999999","S3","O3","D2","High","Quarantine item or lot pending quality engineer review.","True","S3|O3|D2","True","['Fused confidence 0.577 is below operational threshold 0.600.', 'Semantic label is unknown or not confidently mapped to the taxonomy.']","outputs/risk_padim_hazelnut/artefacts/hazelnut__test__hole__010_heatmap_overlay.png","outputs/risk_padim_hazelnut/artefacts/hazelnut__test__hole__010_mask.png","outputs/risk_padim_hazelnut/artefacts/hazelnut__test__hole__010_annotated.png","simple_statistical_reference","0.42","minimum",""
"hazelnut__test__hole__011","data/mvtec_anomaly_detection/hazelnut/test/hole/011.png","cb0185418d152ea6626d41039ad5c78714dcb9e68a2da3726cbac239ebd8029a","2026-06-08T19:19:52.532082+00:00","anomalib_padim","0.7028082185173904","0.5","True","0.7028082185173904","0.2028082185173904","0.8516842186450957","0.0267486572265625","1","[{'x': 141, 'y': 111, 'w': 48, 'h': 49, 'area_px': 1753, 'area_ratio': 0.0267486572265625, 'mean_heat': 0.6332584619522095, 'max_heat': 1.0, 'x2': 189, 'y2': 160, 'aspect_ratio': 1.0208333333333333}]","unknown","0.5774999999999999","rules_constrained_taxonomy","141.0","111.0","48.0","49.0","1753.0","0.0267486572265625","0.6332584619522095","1.0","189.0","160.0","1.0208333333333333","0.1921768707482993","125.40858843537416","140.74362244897958","1.996459641548924","0.0","['no_rule_matched_confidently']","0.7028082185173904","0.8516842186450957","0.5774999999999999","0.5774999999999999","0.7161439639263543","minimum","0.5774999999999999","S3","O3","D2","High","Quarantine item or lot pending quality engineer review.","True","S3|O3|D2","True","['Fused confidence 0.577 is below operational threshold 0.600.', 'Semantic label is unknown or not confidently mapped to the taxonomy.']","outputs/risk_padim_hazelnut/artefacts/hazelnut__test__hole__011_heatmap_overlay.png","outputs/risk_padim_hazelnut/artefacts/hazelnut__test__hole__011_mask.png","outputs/risk_padim_hazelnut/artefacts/hazelnut__test__hole__011_annotated.png","simple_statistical_reference","0.42","minimum",""
"hazelnut__test__hole__012","data/mvtec_anomaly_detection/hazelnut/test/hole/012.png","0d98b4a5ec6124cbe3c1625d1c072e8e876f9ab1e8fa1fc9b3370ad6f3384f84","2026-06-08T19:19:52.586133+00:00","anomalib_padim","0.6910232692782539","0.5","True","0.6910232692782539","0.19102326927825386","0.714506548363357","0.0391845703125","4","[{'x': 126, 'y': 80, 'w': 52, 'h': 61, 'area_px': 2328, 'area_ratio': 0.0355224609375, 'mean_heat': 0.644198477268219, 'max_heat': 1.0, 'x2': 178, 'y2': 141, 'aspect_ratio': 1.1730769230769231}, {'x': 67, 'y': 48, 'w': 11, 'h': 12, 'area_px': 107, 'area_ratio': 0.0016326904296875, 'mean_heat': 0.44522637128829956, 'max_heat': 0.4745098054409027, 'x2': 78, 'y2': 60, 'aspect_ratio': 1.0909090909090908}, {'x': 37, 'y': 85, 'w': 9, 'h': 14, 'area_px': 92, 'area_ratio': 0.00140380859375, 'mean_heat': 0.450895220041275, 'max_heat': 0.48235294222831726, 'x2': 46, 'y2': 99, 'aspect_ratio': 1.5555555555555556}, {'x': 198, 'y': 0, 'w': 9, 'h': 6, 'area_px': 41, 'area_ratio': 0.0006256103515625, 'mean_heat': 0.46561458706855774, 'max_heat': 0.5058823823928833, 'x2': 207, 'y2': 6, 'aspect_ratio': 1.5}]","unknown","0.5774999999999999","rules_constrained_taxonomy","126.0","80.0","52.0","61.0","2328.0","0.0355224609375","0.644198477268219","1.0","178.0","141.0","1.1730769230769231","0.20113493064312737","105.13493064312736","137.53688524590163","4.031799685367673","1.2639168931358142","['no_rule_matched_confidently']","0.6910232692782539","0.714506548363357","0.5774999999999999","0.5774999999999999","0.6696874356842213","minimum","0.5774999999999999","S3","O3","D2","High","Quarantine item or lot pending quality engineer review.","True","S3|O3|D2","True","['Fused confidence 0.577 is below operational threshold 0.600.', 'Semantic label is unknown or not confidently mapped to the taxonomy.']","outputs/risk_padim_hazelnut/artefacts/hazelnut__test__hole__012_heatmap_overlay.png","outputs/risk_padim_hazelnut/artefacts/hazelnut__test__hole__012_mask.png","outputs/risk_padim_hazelnut/artefacts/hazelnut__test__hole__012_annotated.png","simple_statistical_reference","0.42","minimum",""
"hazelnut__test__hole__013","data/mvtec_anomaly_detection/hazelnut/test/hole/013.png","1c65854d6ee8dc848e7efbc9c0dae9ff4a98b46875d38e6c589c3e1ac7897e59","2026-06-08T19:19:52.642049+00:00","anomalib_padim","0.8442469015879968","0.5","True","0.8442469015879968","0.34424690158799676","0.7382699796192624","0.0397491455078125","3","[{'x': 117, 'y': 71, 'w': 70, 'h': 46, 'area_px': 2269, 'area_ratio': 0.0346221923828125, 'mean_heat': 0.6639100313186646, 'max_heat': 1.0, 'x2': 187, 'y2': 117, 'aspect_ratio': 1.5217391304347827}, {'x': 114, 'y': 224, 'w': 17, 'h': 14, 'area_px': 196, 'area_ratio': 0.00299072265625, 'mean_heat': 0.5073429942131042, 'max_heat': 0.5960784554481506, 'x2': 131, 'y2': 238, 'aspect_ratio': 1.2142857142857142}, {'x': 74, 'y': 191, 'w': 13, 'h': 16, 'area_px': 140, 'area_ratio': 0.00213623046875, 'mean_heat': 0.47728294134140015, 'max_heat': 0.5254902243614197, 'x2': 87, 'y2': 207, 'aspect_ratio': 1.2307692307692308}]","unknown","0.5774999999999999","rules_constrained_taxonomy","117.0","71.0","70.0","46.0","2269.0","0.0346221923828125","0.6639100313186646","1.0","187.0","117.0","1.5217391304347827","0.21055900621118012","94.22111801242237","120.12919254658385","6.088709444441847","8.668631909530177","['no_rule_matched_confidently']","0.8442469015879968","0.7382699796192624","0.5774999999999999","0.5774999999999999","0.7457670996003773","minimum","0.5774999999999999","S3","O3","D2","High","Quarantine item or lot pending quality engineer review.","True","S3|O3|D2","True","['Fused confidence 0.577 is below operational threshold 0.600.', 'Semantic label is unknown or not confidently mapped to the taxonomy.']","outputs/risk_padim_hazelnut/artefacts/hazelnut__test__hole__013_heatmap_overlay.png","outputs/risk_padim_hazelnut/artefacts/hazelnut__test__hole__013_mask.png","outputs/risk_padim_hazelnut/artefacts/hazelnut__test__hole__013_annotated.png","simple_statistical_reference","0.42","minimum",""
"hazelnut__test__hole__014","data/mvtec_anomaly_detection/hazelnut/test/hole/014.png","15ee1d4ff9a8b09534ddaf53c85272f06352e22f2bbf96c532073da9acb96be0","2026-06-08T19:19:52.698664+00:00","anomalib_padim","0.5077477578534423","0.5","True","0.5077477578534423","0.007747757853442283","0.7609646039239624","0.0433807373046875","2","[{'x': 140, 'y': 86, 'w': 61, 'h': 59, 'area_px': 2410, 'area_ratio': 0.036773681640625, 'mean_heat': 0.5981709957122803, 'max_heat': 1.0, 'x2': 201, 'y2': 145, 'aspect_ratio': 1.0338983050847457}, {'x': 0, 'y': 79, 'w': 28, 'h': 18, 'area_px': 433, 'area_ratio': 0.0066070556640625, 'mean_heat': 0.5511026978492737, 'max_heat': 0.6823529601097107, 'x2': 28, 'y2': 97, 'aspect_ratio': 1.5555555555555556}]","unknown","0.5774999999999999","rules_constrained_taxonomy","140.0","86.0","61.0","59.0","2410.0","0.036773681640625","0.5981709957122803","1.0","201.0","145.0","1.0338983050847457","0.1775493192553487","108.41483745484857","134.59516532370102","0.7843612643723787","0.0","['no_rule_matched_confidently']","0.5077477578534423","0.7609646039239624","0.5774999999999999","0.5077477578534423","0.6011508722112378","minimum","0.5077477578534423","S3","O3","D3","Critical","Stop release or production path until authorised review is complete.","True","S3|O3|D3","True","['Fused confidence 0.508 is below operational threshold 0.600.', 'Semantic label is unknown or not confidently mapped to the taxonomy.', 'Anomaly score is close to the decision boundary; margin=0.008.', 'Critical risk class requires operator confirmation before release decision.']","outputs/risk_padim_hazelnut/artefacts/hazelnut__test__hole__014_heatmap_overlay.png","outputs/risk_padim_hazelnut/artefacts/hazelnut__test__hole__014_mask.png","outputs/risk_padim_hazelnut/artefacts/hazelnut__test__hole__014_annotated.png","simple_statistical_reference","0.42","minimum",""
"hazelnut__test__hole__015","data/mvtec_anomaly_detection/hazelnut/test/hole/015.png","e696b26ee88718c84d967e98c53684f8056c6241997d931b1bb614a83b7fcac5","2026-06-08T19:19:52.752787+00:00","anomalib_padim","0.8615096425702105","0.5","True","0.8615096425702105","0.36150964257021045","0.829721987247467","0.01800537109375","1","[{'x': 99, 'y': 94, 'w': 39, 'h': 40, 'area_px': 1180, 'area_ratio': 0.01800537109375, 'mean_heat': 0.5965969562530518, 'max_heat': 1.0, 'x2': 138, 'y2': 134, 'aspect_ratio': 1.0256410256410255}]","unknown","0.5774999999999999","rules_constrained_taxonomy","99.0","94.0","39.0","40.0","1180.0","0.01800537109375","0.5965969562530518","1.0","138.0","134.0","1.0256410256410255","0.2685897435897436","104.19551282051282","136.16602564102564","6.392474192474197","9.072610722610733","['no_rule_matched_confidently']","0.8615096425702105","0.829721987247467","0.5774999999999999","0.5774999999999999","0.7809709353308347","minimum","0.5774999999999999","S3","O3","D2","High","Quarantine item or lot pending quality engineer review.","True","S3|O3|D2","True","['Fused confidence 0.577 is below operational threshold 0.600.', 'Semantic label is unknown or not confidently mapped to the taxonomy.']","outputs/risk_padim_hazelnut/artefacts/hazelnut__test__hole__015_heatmap_overlay.png","outputs/risk_padim_hazelnut/artefacts/hazelnut__test__hole__015_mask.png","outputs/risk_padim_hazelnut/artefacts/hazelnut__test__hole__015_annotated.png","simple_statistical_reference","0.42","minimum",""
"hazelnut__test__hole__016","data/mvtec_anomaly_detection/hazelnut/test/hole/016.png","dd9c54842b3e519a6c1e629ac34fdbb3ffe4a3e4016f41cc9d2187f785758500","2026-06-08T19:19:52.810036+00:00","anomalib_padim","0.18636574413151633","0.5","True","0.18636574413151633","0.3136342558684837","0.6547064440032593","0.09234619140625","3","[{'x': 34, 'y': 109, 'w': 75, 'h': 70, 'area_px': 3533, 'area_ratio': 0.0539093017578125, 'mean_heat': 0.6587581038475037, 'max_heat': 1.0, 'x2': 109, 'y2': 179, 'aspect_ratio': 1.0714285714285714}, {'x': 147, 'y': 88, 'w': 53, 'h': 94, 'area_px': 2330, 'area_ratio': 0.035552978515625, 'mean_heat': 0.5040865540504456, 'max_heat': 0.7686274647712708, 'x2': 200, 'y2': 182, 'aspect_ratio': 1.7735849056603774}, {'x': 122, 'y': 29, 'w': 17, 'h': 15, 'area_px': 189, 'area_ratio': 0.0028839111328125, 'mean_heat': 0.49779024720191956, 'max_heat': 0.5921568870544434, 'x2': 139, 'y2': 44, 'aspect_ratio': 1.1333333333333333}]","unknown","0.5774999999999999","rules_constrained_taxonomy","34.0","109.0","75.0","70.0","3533.0","0.0539093017578125","0.6587581038475037","1.0","109.0","179.0","1.0714285714285714","0.2","78.13085714285714","102.25942857142857","0.44261589573217464","0.0","['no_rule_matched_confidently']","0.18636574413151633","0.6547064440032593","0.5774999999999999","0.18636574413151633","0.4246515180601601","minimum","0.18636574413151633","S3","O3","D3","Critical","Stop release or production path until authorised review is complete.","True","S3|O3|D3","True","['Fused confidence 0.186 is below operational threshold 0.600.', 'Semantic label is unknown or not confidently mapped to the taxonomy.', 'Critical risk class requires operator confirmation before release decision.']","outputs/risk_padim_hazelnut/artefacts/hazelnut__test__hole__016_heatmap_overlay.png","outputs/risk_padim_hazelnut/artefacts/hazelnut__test__hole__016_mask.png","outputs/risk_padim_hazelnut/artefacts/hazelnut__test__hole__016_annotated.png","simple_statistical_reference","0.42","minimum",""
"hazelnut__test__hole__017","data/mvtec_anomaly_detection/hazelnut/test/hole/017.png","2d41679785fe5b96cb59eeab6ddae326896fa6cd39f169063e3c62c905c0de2c","2026-06-08T19:19:52.871096+00:00","anomalib_padim","0.5134290127057043","0.5","True","0.5134290127057043","0.01342901270570429","0.8603274494409561","0.0498199462890625","1","[{'x': 67, 'y': 79, 'w': 78, 'h': 66, 'area_px': 3265, 'area_ratio': 0.0498199462890625, 'mean_heat': 0.6204221844673157, 'max_heat': 1.0, 'x2': 145, 'y2': 145, 'aspect_ratio': 1.1818181818181819}]","unknown","0.5774999999999999","rules_constrained_taxonomy","67.0","79.0","78.0","66.0","3265.0","0.0498199462890625","0.6204221844673157","1.0","145.0","145.0","1.1818181818181819","0.21076146076146077","101.47261072261072","144.270979020979","3.7523503567873036","0.0","['no_rule_matched_confidently']","0.5134290127057043","0.8603274494409561","0.5774999999999999","0.5134290127057043","0.6335162905498537","minimum","0.5134290127057043","S3","O3","D3","Critical","Stop release or production path until authorised review is complete.","True","S3|O3|D3","True","['Fused confidence 0.513 is below operational threshold 0.600.', 'Semantic label is unknown or not confidently mapped to the taxonomy.', 'Anomaly score is close to the decision boundary; margin=0.013.', 'Critical risk class requires operator confirmation before release decision.']","outputs/risk_padim_hazelnut/artefacts/hazelnut__test__hole__017_heatmap_overlay.png","outputs/risk_padim_hazelnut/artefacts/hazelnut__test__hole__017_mask.png","outputs/risk_padim_hazelnut/artefacts/hazelnut__test__hole__017_annotated.png","simple_statistical_reference","0.42","minimum",""
"hazelnut__test__print__000","data/mvtec_anomaly_detection/hazelnut/test/print/000.png","63245ac91c1f83c97e081bbcfde5bb9751b008a994c201d9f18dcd6db3552c87","2026-06-08T19:19:52.924466+00:00","anomalib_padim","0.6897381501384713","0.5","True","0.6897381501384713","0.18973815013847128","0.8308828890323638","0.0493316650390625","1","[{'x': 134, 'y': 77, 'w': 77, 'h': 82, 'area_px': 3233, 'area_ratio': 0.0493316650390625, 'mean_heat': 0.5556679964065552, 'max_heat': 1.0, 'x2': 211, 'y2': 159, 'aspect_ratio': 1.0649350649350648}]","unknown","0.5774999999999999","rules_constrained_taxonomy","134.0","77.0","77.0","82.0","3233.0","0.0493316650390625","0.5556679964065552","1.0","211.0","159.0","1.0649350649350648","0.22885650934431423","100.32356667722522","158.62638580931264","0.9696057380108272","0.0","['no_rule_matched_confidently']","0.6897381501384713","0.8308828890323638","0.5774999999999999","0.5774999999999999","0.7040220342720211","minimum","0.5774999999999999","S3","O3","D2","High","Quarantine item or lot pending quality engineer review.","True","S3|O3|D2","True","['Fused confidence 0.577 is below operational threshold 0.600.', 'Semantic label is unknown or not confidently mapped to the taxonomy.']","outputs/risk_padim_hazelnut/artefacts/hazelnut__test__print__000_heatmap_overlay.png","outputs/risk_padim_hazelnut/artefacts/hazelnut__test__print__000_mask.png","outputs/risk_padim_hazelnut/artefacts/hazelnut__test__print__000_annotated.png","simple_statistical_reference","0.42","minimum",""
"hazelnut__test__print__001","data/mvtec_anomaly_detection/hazelnut/test/print/001.png","c49146f7142420c920735df5b4231a8cac3dc82393769ea9017360ead5d2804a","2026-06-08T19:19:52.978087+00:00","anomalib_padim","0.3376663218931576","0.5","True","0.3376663218931576","0.1623336781068424","0.6792799859308455","0.068603515625","3","[{'x': 52, 'y': 62, 'w': 98, 'h': 48, 'area_px': 3203, 'area_ratio': 0.0488739013671875, 'mean_heat': 0.5810153484344482, 'max_heat': 1.0, 'x2': 150, 'y2': 110, 'aspect_ratio': 2.0416666666666665}, {'x': 95, 'y': 118, 'w': 60, 'h': 56, 'area_px': 1182, 'area_ratio': 0.018035888671875, 'mean_heat': 0.4892737567424774, 'max_heat': 0.6823529601097107, 'x2': 155, 'y2': 174, 'aspect_ratio': 1.0714285714285714}, {'x': 68, 'y': 115, 'w': 12, 'h': 12, 'area_px': 111, 'area_ratio': 0.0016937255859375, 'mean_heat': 0.43483492732048035, 'max_heat': 0.45098039507865906, 'x2': 80, 'y2': 127, 'aspect_ratio': 1.0}]","unknown","0.5774999999999999","rules_constrained_taxonomy","52.0","62.0","98.0","48.0","3203.0","0.0488739013671875","0.5810153484344482","1.0","150.0","110.0","2.0416666666666665","0.21598639455782312","93.35055272108843","156.4719387755102","0.30514903329752485","0.0","['no_rule_matched_confidently']","0.3376663218931576","0.6792799859308455","0.5774999999999999","0.3376663218931576","0.5001088406311744","minimum","0.3376663218931576","S3","O3","D3","Critical","Stop release or production path until authorised review is complete.","True","S3|O3|D3","True","['Fused confidence 0.338 is below operational threshold 0.600.', 'Semantic label is unknown or not confidently mapped to the taxonomy.', 'Critical risk class requires operator confirmation before release decision.']","outputs/risk_padim_hazelnut/artefacts/hazelnut__test__print__001_heatmap_overlay.png","outputs/risk_padim_hazelnut/artefacts/hazelnut__test__print__001_mask.png","outputs/risk_padim_hazelnut/artefacts/hazelnut__test__print__001_annotated.png","simple_statistical_reference","0.42","minimum",""
"hazelnut__test__print__002","data/mvtec_anomaly_detection/hazelnut/test/print/002.png","fbc640ee5beb6c36fb3097f059c3033838025b96c5924eaebbb3ef899cb27c94","2026-06-08T19:19:53.037630+00:00","anomalib_padim","0.9977753307841772","0.5","True","0.9977753307841772","0.49777533078417724","0.7386726328366938","0.0282440185546875","2","[{'x': 112, 'y': 130, 'w': 47, 'h': 45, 'area_px': 1605, 'area_ratio': 0.0244903564453125, 'mean_heat': 0.6172036528587341, 'max_heat': 1.0, 'x2': 159, 'y2': 175, 'aspect_ratio': 1.0444444444444445}, {'x': 195, 'y': 66, 'w': 13, 'h': 28, 'area_px': 246, 'area_ratio': 0.003753662109375, 'mean_heat': 0.44485896825790405, 'max_heat': 0.47843137383461, 'x2': 208, 'y2': 94, 'aspect_ratio': 2.1538461538461537}]","unknown","0.5774999999999999","rules_constrained_taxonomy","112.0","130.0","47.0","45.0","1605.0","0.0244903564453125","0.6172036528587341","1.0","159.0","175.0","1.0444444444444445","0.17115839243498818","103.95130023640662","188.35035460992907","11.458796042542119","0.0","['no_rule_matched_confidently']","0.9977753307841772","0.7386726328366938","0.5774999999999999","0.5774999999999999","0.8149756887038879","minimum","0.5774999999999999","S3","O3","D2","High","Quarantine item or lot pending quality engineer review.","True","S3|O3|D2","True","['Fused confidence 0.577 is below operational threshold 0.600.', 'Semantic label is unknown or not confidently mapped to the taxonomy.']","outputs/risk_padim_hazelnut/artefacts/hazelnut__test__print__002_heatmap_overlay.png","outputs/risk_padim_hazelnut/artefacts/hazelnut__test__print__002_mask.png","outputs/risk_padim_hazelnut/artefacts/hazelnut__test__print__002_annotated.png","simple_statistical_reference","0.42","minimum",""
"hazelnut__test__print__003","data/mvtec_anomaly_detection/hazelnut/test/print/003.png","be6e4cbb2d5168627fd643c1d7c5e5901b3906178ff3999e9b719f350d41661c","2026-06-08T19:19:53.091798+00:00","anomalib_padim","0.5247000336221296","0.5","True","0.5247000336221296","0.02470003362212958","0.8308997571468353","0.018951416015625","1","[{'x': 173, 'y': 105, 'w': 36, 'h': 54, 'area_px': 1242, 'area_ratio': 0.018951416015625, 'mean_heat': 0.5979002714157104, 'max_heat': 1.0, 'x2': 209, 'y2': 159, 'aspect_ratio': 1.5}]","unknown","0.5774999999999999","rules_constrained_taxonomy","173.0","105.0","36.0","54.0","1242.0","0.018951416015625","0.5979002714157104","1.0","209.0","159.0","1.5","0.2824074074074074","90.6877572016461","148.0077160493827","0.8682867543978574","0.0","['no_rule_matched_confidently']","0.5247000336221296","0.8308997571468353","0.5774999999999999","0.5247000336221296","0.6297599422740088","minimum","0.5247000336221296","S3","O3","D3","Critical","Stop release or production path until authorised review is complete.","True","S3|O3|D3","True","['Fused confidence 0.525 is below operational threshold 0.600.', 'Semantic label is unknown or not confidently mapped to the taxonomy.', 'Anomaly score is close to the decision boundary; margin=0.025.', 'Critical risk class requires operator confirmation before release decision.']","outputs/risk_padim_hazelnut/artefacts/hazelnut__test__print__003_heatmap_overlay.png","outputs/risk_padim_hazelnut/artefacts/hazelnut__test__print__003_mask.png","outputs/risk_padim_hazelnut/artefacts/hazelnut__test__print__003_annotated.png","simple_statistical_reference","0.42","minimum",""
"hazelnut__test__print__004","data/mvtec_anomaly_detection/hazelnut/test/print/004.png","362da9e7e778f0d495caff2e1c4f9f26db50ae91f9a1694f00035e2494c57a51","2026-06-08T19:19:53.145263+00:00","anomalib_padim","0.2981248676768819","0.5","True","0.2981248676768819","0.2018751323231181","0.8719919258356095","0.0926361083984375","1","[{'x': 64, 'y': 36, 'w': 82, 'h': 121, 'area_px': 6071, 'area_ratio': 0.0926361083984375, 'mean_heat': 0.6266487240791321, 'max_heat': 1.0, 'x2': 146, 'y2': 157, 'aspect_ratio': 1.475609756097561}]","deformation","0.779","rules_constrained_taxonomy","64.0","36.0","82.0","121.0","6071.0","0.0926361083984375","0.6266487240791321","1.0","146.0","157.0","1.475609756097561","0.24894174561580326","111.80921185244911","150.74007256601493","3.5837537860108597","0.0","['large_irregular_edge_region']","0.2981248676768819","0.8719919258356095","0.779","0.2981248676768819","0.5905037682052797","minimum","0.2981248676768819","S4","O1","D3","High","Quarantine item or lot pending quality engineer review.","True","S4|O1|D3","True","['Fused confidence 0.298 is below operational threshold 0.600.']","outputs/risk_padim_hazelnut/artefacts/hazelnut__test__print__004_heatmap_overlay.png","outputs/risk_padim_hazelnut/artefacts/hazelnut__test__print__004_mask.png","outputs/risk_padim_hazelnut/artefacts/hazelnut__test__print__004_annotated.png","simple_statistical_reference","0.42","minimum",""
"hazelnut__test__print__005","data/mvtec_anomaly_detection/hazelnut/test/print/005.png","e51fb3537a5c534276cc7ad6e76f67320ec7704c0a1e2ea9d468e3276cf727d1","2026-06-08T19:19:53.196039+00:00","anomalib_padim","0.16580045678760788","0.5","False","0.8341995432123921","0.3341995432123921","0.8341995432123921","0.0","0","[]","normal","0.8341995432123921","detector_normal_decision","","","","","","","","","","","","","","","","","","0.8341995432123921","0.8341995432123921","0.8341995432123921","0.8341995432123921","0.8341995432123921","minimum","0.8341995432123921","S1","O1","D1","Low","Continue monitoring; no immediate intervention required.","True","S1|O1|D1","False","[]","outputs/risk_padim_hazelnut/artefacts/hazelnut__test__print__005_heatmap_overlay.png","outputs/risk_padim_hazelnut/artefacts/hazelnut__test__print__005_mask.png","outputs/risk_padim_hazelnut/artefacts/hazelnut__test__print__005_annotated.png","simple_statistical_reference","0.42","minimum","Image-level anomaly score did not exceed the calibrated threshold."
"hazelnut__test__print__006","data/mvtec_anomaly_detection/hazelnut/test/print/006.png","70f237247205aa6d1e9078d0cd7cd80edbfaf444e7140dc41152b50ee040a5e2","2026-06-08T19:19:53.248455+00:00","anomalib_padim","1.0","0.5","True","1.0","0.5","0.8312789499759674","0.0224761962890625","1","[{'x': 101, 'y': 132, 'w': 33, 'h': 61, 'area_px': 1473, 'area_ratio': 0.0224761962890625, 'mean_heat': 0.593847393989563, 'max_heat': 1.0, 'x2': 134, 'y2': 193, 'aspect_ratio': 1.8484848484848484}]","unknown","0.5774999999999999","rules_constrained_taxonomy","101.0","132.0","33.0","61.0","1473.0","0.0224761962890625","0.593847393989563","1.0","134.0","193.0","1.8484848484848484","0.25136612021857924","72.72180824639841","154.44063586686536","7.948215607298906","0.0","['no_rule_matched_confidently']","1.0","0.8312789499759674","0.5774999999999999","0.5774999999999999","0.8437586849927903","minimum","0.5774999999999999","S3","O3","D2","High","Quarantine item or lot pending quality engineer review.","True","S3|O3|D2","True","['Fused confidence 0.577 is below operational threshold 0.600.', 'Semantic label is unknown or not confidently mapped to the taxonomy.']","outputs/risk_padim_hazelnut/artefacts/hazelnut__test__print__006_heatmap_overlay.png","outputs/risk_padim_hazelnut/artefacts/hazelnut__test__print__006_mask.png","outputs/risk_padim_hazelnut/artefacts/hazelnut__test__print__006_annotated.png","simple_statistical_reference","0.42","minimum",""
"hazelnut__test__print__007","data/mvtec_anomaly_detection/hazelnut/test/print/007.png","06b9863b7c08161e8a90a7f33c4b42557ae37976b9498ff179a296247559e61c","2026-06-08T19:19:53.307547+00:00","anomalib_padim","0.7426219513225948","0.5","True","0.7426219513225948","0.2426219513225948","0.8256526201963423","0.0326995849609375","1","[{'x': 105, 'y': 112, 'w': 100, 'h': 51, 'area_px': 2143, 'area_ratio': 0.0326995849609375, 'mean_heat': 0.5671452879905701, 'max_heat': 1.0, 'x2': 205, 'y2': 163, 'aspect_ratio': 1.9607843137254901}]","unknown","0.5774999999999999","rules_constrained_taxonomy","105.0","112.0","100.0","51.0","2143.0","0.0326995849609375","0.5671452879905701","1.0","205.0","163.0","1.9607843137254901","0.2168627450980392","123.72960784313726","146.58","1.2600987960804417","0.0","['no_rule_matched_confidently']","0.7426219513225948","0.8256526201963423","0.5774999999999999","0.5774999999999999","0.7262506641540702","minimum","0.5774999999999999","S3","O3","D2","High","Quarantine item or lot pending quality engineer review.","True","S3|O3|D2","True","['Fused confidence 0.577 is below operational threshold 0.600.', 'Semantic label is unknown or not confidently mapped to the taxonomy.']","outputs/risk_padim_hazelnut/artefacts/hazelnut__test__print__007_heatmap_overlay.png","outputs/risk_padim_hazelnut/artefacts/hazelnut__test__print__007_mask.png","outputs/risk_padim_hazelnut/artefacts/hazelnut__test__print__007_annotated.png","simple_statistical_reference","0.42","minimum",""
"hazelnut__test__print__008","data/mvtec_anomaly_detection/hazelnut/test/print/008.png","d857c8ec69e16b6cf78ea2a337af2830ef3b34d85f205a43ded32b318b942e30","2026-06-08T19:19:53.360820+00:00","anomalib_padim","1.0","0.5","True","1.0","0.5","0.8387278228998183","0.0330810546875","1","[{'x': 109, 'y': 89, 'w': 82, 'h': 51, 'area_px': 2168, 'area_ratio': 0.0330810546875, 'mean_heat': 0.5956714749336243, 'max_heat': 1.0, 'x2': 191, 'y2': 140, 'aspect_ratio': 1.607843137254902}]","unknown","0.5774999999999999","rules_constrained_taxonomy","109.0","89.0","82.0","51.0","2168.0","0.0330810546875","0.5956714749336243","1.0","191.0","140.0","1.607843137254902","0.1958393113342898","99.31850789096126","186.46963175514108","7.248808587869078","0.0","['no_rule_matched_confidently']","1.0","0.8387278228998183","0.5774999999999999","0.5774999999999999","0.8459933468699454","minimum","0.5774999999999999","S3","O3","D2","High","Quarantine item or lot pending quality engineer review.","True","S3|O3|D2","True","['Fused confidence 0.577 is below operational threshold 0.600.', 'Semantic label is unknown or not confidently mapped to the taxonomy.']","outputs/risk_padim_hazelnut/artefacts/hazelnut__test__print__008_heatmap_overlay.png","outputs/risk_padim_hazelnut/artefacts/hazelnut__test__print__008_mask.png","outputs/risk_padim_hazelnut/artefacts/hazelnut__test__print__008_annotated.png","simple_statistical_reference","0.42","minimum",""
"hazelnut__test__print__009","data/mvtec_anomaly_detection/hazelnut/test/print/009.png","63f127c32781ab7e0b7ddea58e2e6a379bc086d40bd8f7d0437dc11ea95c578e","2026-06-08T19:19:53.416061+00:00","anomalib_padim","0.7410366097357793","0.5","True","0.7410366097357793","0.24103660973577934","0.6637649225086362","0.0262908935546875","2","[{'x': 185, 'y': 106, 'w': 26, 'h': 44, 'area_px': 935, 'area_ratio': 0.0142669677734375, 'mean_heat': 0.6696026921272278, 'max_heat': 1.0, 'x2': 211, 'y2': 150, 'aspect_ratio': 1.6923076923076923}, {'x': 163, 'y': 176, 'w': 31, 'h': 32, 'area_px': 788, 'area_ratio': 0.01202392578125, 'mean_heat': 0.5696476697921753, 'max_heat': 0.7882353067398071, 'x2': 194, 'y2': 208, 'aspect_ratio': 1.032258064516129}]","unknown","0.5774999999999999","rules_constrained_taxonomy","185.0","106.0","26.0","44.0","935.0","0.0142669677734375","0.6696026921272278","1.0","211.0","150.0","1.6923076923076923","0.34440559440559443","75.94055944055944","170.80332167832168","10.355075480075485","0.0","['no_rule_matched_confidently']","0.7410366097357793","0.6637649225086362","0.5774999999999999","0.5774999999999999","0.6769709511336914","minimum","0.5774999999999999","S3","O3","D2","High","Quarantine item or lot pending quality engineer review.","True","S3|O3|D2","True","['Fused confidence 0.577 is below operational threshold 0.600.', 'Semantic label is unknown or not confidently mapped to the taxonomy.']","outputs/risk_padim_hazelnut/artefacts/hazelnut__test__print__009_heatmap_overlay.png","outputs/risk_padim_hazelnut/artefacts/hazelnut__test__print__009_mask.png","outputs/risk_padim_hazelnut/artefacts/hazelnut__test__print__009_annotated.png","simple_statistical_reference","0.42","minimum",""
"hazelnut__test__print__010","data/mvtec_anomaly_detection/hazelnut/test/print/010.png","8ea4b699d7ebf6be3fcf48179c6b422c136e1dd1f7cc84960c5355bb98a6d1cd","2026-06-08T19:19:53.470678+00:00","anomalib_padim","0.7797687859547208","0.5","True","0.7797687859547208","0.27976878595472077","0.824925822019577","0.0348968505859375","1","[{'x': 126, 'y': 80, 'w': 52, 'h': 77, 'area_px': 2287, 'area_ratio': 0.0348968505859375, 'mean_heat': 0.5624784231185913, 'max_heat': 1.0, 'x2': 178, 'y2': 157, 'aspect_ratio': 1.4807692307692308}]","unknown","0.5774999999999999","rules_constrained_taxonomy","126.0","80.0","52.0","77.0","2287.0","0.0348968505859375","0.5624784231185913","1.0","178.0","157.0","1.4807692307692308","0.22802197802197802","112.9005994005994","186.21053946053945","7.380551769546074","0.0","['no_rule_matched_confidently']","0.7797687859547208","0.824925822019577","0.5774999999999999","0.5774999999999999","0.7427487002854973","minimum","0.5774999999999999","S3","O3","D2","High","Quarantine item or lot pending quality engineer review.","True","S3|O3|D2","True","['Fused confidence 0.577 is below operational threshold 0.600.', 'Semantic label is unknown or not confidently mapped to the taxonomy.']","outputs/risk_padim_hazelnut/artefacts/hazelnut__test__print__010_heatmap_overlay.png","outputs/risk_padim_hazelnut/artefacts/hazelnut__test__print__010_mask.png","outputs/risk_padim_hazelnut/artefacts/hazelnut__test__print__010_annotated.png","simple_statistical_reference","0.42","minimum",""
"hazelnut__test__print__011","data/mvtec_anomaly_detection/hazelnut/test/print/011.png","0d619f50ac313bccf29aafb9b43a7c6ed188403193611742705aeed7887bd6c0","2026-06-08T19:19:53.525854+00:00","anomalib_padim","0.3308831243659802","0.5","True","0.3308831243659802","0.16911687563401978","0.8652135282754898","0.0777587890625","1","[{'x': 62, 'y': 66, 'w': 115, 'h': 92, 'area_px': 5096, 'area_ratio': 0.0777587890625, 'mean_heat': 0.5924761891365051, 'max_heat': 1.0, 'x2': 177, 'y2': 158, 'aspect_ratio': 1.25}]","unknown","0.5774999999999999","rules_constrained_taxonomy","62.0","66.0","115.0","92.0","5096.0","0.0777587890625","0.5924761891365051","1.0","177.0","158.0","1.25","0.26814744801512286","114.70302457466919","166.04272211720226","2.222815357818746","0.0","['no_rule_matched_confidently']","0.3308831243659802","0.8652135282754898","0.5774999999999999","0.3308831243659802","0.552836464447338","minimum","0.3308831243659802","S3","O3","D3","Critical","Stop release or production path until authorised review is complete.","True","S3|O3|D3","True","['Fused confidence 0.331 is below operational threshold 0.600.', 'Semantic label is unknown or not confidently mapped to the taxonomy.', 'Critical risk class requires operator confirmation before release decision.']","outputs/risk_padim_hazelnut/artefacts/hazelnut__test__print__011_heatmap_overlay.png","outputs/risk_padim_hazelnut/artefacts/hazelnut__test__print__011_mask.png","outputs/risk_padim_hazelnut/artefacts/hazelnut__test__print__011_annotated.png","simple_statistical_reference","0.42","minimum",""
"hazelnut__test__print__012","data/mvtec_anomaly_detection/hazelnut/test/print/012.png","3a8fdf5d712e7c5621946292e16e39074e79128b75e135b3fb4478ae24ac289f","2026-06-08T19:19:53.579935+00:00","anomalib_padim","0.5037033567534687","0.5","True","0.5037033567534687","0.0037033567534686673","0.7497671923898636","0.04034423828125","2","[{'x': 128, 'y': 57, 'w': 53, 'h': 59, 'area_px': 2309, 'area_ratio': 0.0352325439453125, 'mean_heat': 0.6012160778045654, 'max_heat': 1.0, 'x2': 181, 'y2': 116, 'aspect_ratio': 1.1132075471698113}, {'x': 114, 'y': 209, 'w': 22, 'h': 22, 'area_px': 335, 'area_ratio': 0.0051116943359375, 'mean_heat': 0.4669008255004883, 'max_heat': 0.529411792755127, 'x2': 136, 'y2': 231, 'aspect_ratio': 1.0}]","unknown","0.5774999999999999","rules_constrained_taxonomy","128.0","57.0","53.0","59.0","2309.0","0.0352325439453125","0.6012160778045654","1.0","181.0","116.0","1.1132075471698113","0.2858970259034218","105.1189638631276","173.10713143588103","4.64026319001249","0.0","['no_rule_matched_confidently']","0.5037033567534687","0.7497671923898636","0.5774999999999999","0.5037033567534687","0.5959716682560199","minimum","0.5037033567534687","S3","O3","D3","Critical","Stop release or production path until authorised review is complete.","True","S3|O3|D3","True","['Fused confidence 0.504 is below operational threshold 0.600.', 'Semantic label is unknown or not confidently mapped to the taxonomy.', 'Anomaly score is close to the decision boundary; margin=0.004.', 'Critical risk class requires operator confirmation before release decision.']","outputs/risk_padim_hazelnut/artefacts/hazelnut__test__print__012_heatmap_overlay.png","outputs/risk_padim_hazelnut/artefacts/hazelnut__test__print__012_mask.png","outputs/risk_padim_hazelnut/artefacts/hazelnut__test__print__012_annotated.png","simple_statistical_reference","0.42","minimum",""
"hazelnut__test__print__013","data/mvtec_anomaly_detection/hazelnut/test/print/013.png","6a5092f0c3731906207f714b981981eec63603c46c982e426ea725d697344fe4","2026-06-08T19:19:53.636471+00:00","anomalib_padim","0.2461827048998312","0.5","True","0.2461827048998312","0.2538172951001688","0.736068405953952","0.1108245849609375","2","[{'x': 146, 'y': 32, 'w': 75, 'h': 128, 'area_px': 5218, 'area_ratio': 0.079620361328125, 'mean_heat': 0.6543788909912109, 'max_heat': 1.0, 'x2': 221, 'y2': 160, 'aspect_ratio': 1.7066666666666668}, {'x': 47, 'y': 140, 'w': 80, 'h': 74, 'area_px': 2045, 'area_ratio': 0.0312042236328125, 'mean_heat': 0.5280407071113586, 'max_heat': 0.7647058963775635, 'x2': 127, 'y2': 214, 'aspect_ratio': 1.0810810810810811}]","unknown","0.5774999999999999","rules_constrained_taxonomy","146.0","32.0","75.0","128.0","5218.0","0.079620361328125","0.6543788909912109","1.0","221.0","160.0","1.7066666666666668","0.17270833333333332","91.106875","108.10427083333333","5.124121642246649","0.0","['no_rule_matched_confidently']","0.2461827048998312","0.736068405953952","0.5774999999999999","0.2461827048998312","0.4759777389911096","minimum","0.2461827048998312","S3","O3","D3","Critical","Stop release or production path until authorised review is complete.","True","S3|O3|D3","True","['Fused confidence 0.246 is below operational threshold 0.600.', 'Semantic label is unknown or not confidently mapped to the taxonomy.', 'Critical risk class requires operator confirmation before release decision.']","outputs/risk_padim_hazelnut/artefacts/hazelnut__test__print__013_heatmap_overlay.png","outputs/risk_padim_hazelnut/artefacts/hazelnut__test__print__013_mask.png","outputs/risk_padim_hazelnut/artefacts/hazelnut__test__print__013_annotated.png","simple_statistical_reference","0.42","minimum",""
"hazelnut__test__print__014","data/mvtec_anomaly_detection/hazelnut/test/print/014.png","e039ec6e3d173af70c280f12cc72946aa37077d6235d03a71ccf143830935d51","2026-06-08T19:19:53.691085+00:00","anomalib_padim","0.384057601340987","0.5","True","0.384057601340987","0.11594239865901301","0.7787209691036535","0.0493621826171875","2","[{'x': 40, 'y': 85, 'w': 79, 'h': 62, 'area_px': 3024, 'area_ratio': 0.046142578125, 'mean_heat': 0.5739716291427612, 'max_heat': 1.0, 'x2': 119, 'y2': 147, 'aspect_ratio': 1.2741935483870968}, {'x': 63, 'y': 171, 'w': 16, 'h': 18, 'area_px': 211, 'area_ratio': 0.0032196044921875, 'mean_heat': 0.5021466612815857, 'max_heat': 0.6313725709915161, 'x2': 79, 'y2': 189, 'aspect_ratio': 1.125}]","unknown","0.5774999999999999","rules_constrained_taxonomy","40.0","85.0","79.0","62.0","3024.0","0.046142578125","0.5739716291427612","1.0","119.0","147.0","1.2741935483870968","0.31114740710494077","101.13576970191914","150.96855859534503","0.5032460851849976","0.0","['no_rule_matched_confidently']","0.384057601340987","0.7787209691036535","0.5774999999999999","0.384057601340987","0.5508172113345402","minimum","0.384057601340987","S3","O3","D3","Critical","Stop release or production path until authorised review is complete.","True","S3|O3|D3","True","['Fused confidence 0.384 is below operational threshold 0.600.', 'Semantic label is unknown or not confidently mapped to the taxonomy.', 'Critical risk class requires operator confirmation before release decision.']","outputs/risk_padim_hazelnut/artefacts/hazelnut__test__print__014_heatmap_overlay.png","outputs/risk_padim_hazelnut/artefacts/hazelnut__test__print__014_mask.png","outputs/risk_padim_hazelnut/artefacts/hazelnut__test__print__014_annotated.png","simple_statistical_reference","0.42","minimum",""
"hazelnut__test__print__015","data/mvtec_anomaly_detection/hazelnut/test/print/015.png","9ebfb599870e807051d2e30d9077acc164410bcd4c37ef8053c0795c366ed75c","2026-06-08T19:19:53.745416+00:00","anomalib_padim","0.22827874684624722","0.5","True","0.22827874684624722","0.2717212531537528","0.6169951828485505","0.07989501953125","4","[{'x': 27, 'y': 67, 'w': 60, 'h': 66, 'area_px': 2631, 'area_ratio': 0.0401458740234375, 'mean_heat': 0.5927515625953674, 'max_heat': 0.9254902005195618, 'x2': 87, 'y2': 133, 'aspect_ratio': 1.1}, {'x': 194, 'y': 70, 'w': 44, 'h': 51, 'area_px': 1687, 'area_ratio': 0.0257415771484375, 'mean_heat': 0.5822076797485352, 'max_heat': 1.0, 'x2': 238, 'y2': 121, 'aspect_ratio': 1.1590909090909092}, {'x': 83, 'y': 177, 'w': 25, 'h': 42, 'area_px': 837, 'area_ratio': 0.0127716064453125, 'mean_heat': 0.5515871644020081, 'max_heat': 0.8470588326454163, 'x2': 108, 'y2': 219, 'aspect_ratio': 1.68}, {'x': 80, 'y': 147, 'w': 9, 'h': 12, 'area_px': 81, 'area_ratio': 0.0012359619140625, 'mean_heat': 0.4435245990753174, 'max_heat': 0.46666666865348816, 'x2': 89, 'y2': 159, 'aspect_ratio': 1.3333333333333333}]","unknown","0.5514215701818466","rules_constrained_taxonomy","27.0","67.0","60.0","66.0","2631.0","0.0401458740234375","0.5927515625953674","0.9254902005195618","87.0","133.0","1.1","0.2351010101010101","83.64974747474747","118.24015151515151","2.7691313001646733","0.0","['no_rule_matched_confidently']","0.22827874684624722","0.6169951828485505","0.5514215701818466","0.22827874684624722","0.425679383480838","minimum","0.22827874684624722","S3","O3","D3","Critical","Stop release or production path until authorised review is complete.","True","S3|O3|D3","True","['Fused confidence 0.228 is below operational threshold 0.600.', 'Semantic label is unknown or not confidently mapped to the taxonomy.', 'Critical risk class requires operator confirmation before release decision.']","outputs/risk_padim_hazelnut/artefacts/hazelnut__test__print__015_heatmap_overlay.png","outputs/risk_padim_hazelnut/artefacts/hazelnut__test__print__015_mask.png","outputs/risk_padim_hazelnut/artefacts/hazelnut__test__print__015_annotated.png","simple_statistical_reference","0.42","minimum",""
"hazelnut__test__print__016","data/mvtec_anomaly_detection/hazelnut/test/print/016.png","28ab7f2661418f50be7788742993cae18a65d17548ee8699decd47fe814a9835","2026-06-08T19:19:53.800399+00:00","anomalib_padim","0.2967728224997183","0.5","True","0.2967728224997183","0.20322717750028169","0.8171446795579884","0.06585693359375","2","[{'x': 70, 'y': 71, 'w': 104, 'h': 65, 'area_px': 4120, 'area_ratio': 0.0628662109375, 'mean_heat': 0.6700533032417297, 'max_heat': 1.0, 'x2': 174, 'y2': 136, 'aspect_ratio': 1.6}, {'x': 148, 'y': 205, 'w': 16, 'h': 16, 'area_px': 196, 'area_ratio': 0.00299072265625, 'mean_heat': 0.500200092792511, 'max_heat': 0.6117647290229797, 'x2': 164, 'y2': 221, 'aspect_ratio': 1.0}]","unknown","0.5774999999999999","rules_constrained_taxonomy","70.0","71.0","104.0","65.0","4120.0","0.0628662109375","0.6700533032417297","1.0","174.0","136.0","1.6","0.27559171597633136","109.86849112426036","166.27973372781065","4.420294883970087","0.0","['no_rule_matched_confidently']","0.2967728224997183","0.8171446795579884","0.5774999999999999","0.2967728224997183","0.5230661739922697","minimum","0.2967728224997183","S3","O3","D3","Critical","Stop release or production path until authorised review is complete.","True","S3|O3|D3","True","['Fused confidence 0.297 is below operational threshold 0.600.', 'Semantic label is unknown or not confidently mapped to the taxonomy.', 'Critical risk class requires operator confirmation before release decision.']","outputs/risk_padim_hazelnut/artefacts/hazelnut__test__print__016_heatmap_overlay.png","outputs/risk_padim_hazelnut/artefacts/hazelnut__test__print__016_mask.png","outputs/risk_padim_hazelnut/artefacts/hazelnut__test__print__016_annotated.png","simple_statistical_reference","0.42","minimum",""
