"image_id","image_path","image_sha256","created_utc","detection.detector_name","detection.image_score","detection.threshold","detection.is_anomalous","detection.confidence","detection.score_margin","localisation.confidence","localisation.mask_area_ratio","localisation.component_count","localisation.boxes","semantic.label","semantic.confidence","semantic.method","semantic.evidence.selected_box.x","semantic.evidence.selected_box.y","semantic.evidence.selected_box.w","semantic.evidence.selected_box.h","semantic.evidence.selected_box.area_px","semantic.evidence.selected_box.area_ratio","semantic.evidence.selected_box.mean_heat","semantic.evidence.selected_box.max_heat","semantic.evidence.selected_box.x2","semantic.evidence.selected_box.y2","semantic.evidence.selected_box.aspect_ratio","semantic.evidence.edge_density","semantic.evidence.mean_saturation","semantic.evidence.mean_value","semantic.evidence.saturation_contrast","semantic.evidence.dark_contrast","semantic.evidence.rules","confidence.components.anomaly","confidence.components.localisation","confidence.components.semantic","confidence.fusion.minimum","confidence.fusion.weighted_average","confidence.fusion.preferred_strategy","confidence.fusion.preferred","risk.severity","risk.occurrence","risk.detection","risk.risk_class","risk.action","risk.mapped","risk.rpm_lookup_key","review.requires_review","review.reasons","artefacts.heatmap_overlay","artefacts.mask","artefacts.annotated","config_summary.detector","config_summary.localisation_threshold","config_summary.fusion_preferred_strategy","semantic.evidence.reason"
"bottle__test__broken_large__000","data/mvtec_anomaly_detection/bottle/test/broken_large/000.png","11a691a06a33dd78c5fcab6a822caa48c0d72f27f660e19f5abd9b5aa392b0eb","2026-06-08T16:41:45.785634+00:00","anomalib_patchcore","0.9309709523067156","0.5","True","0.9309709523067156","0.43097095230671556","0.9005894237756729","0.2522430419921875","1","[{'x': 79, 'y': 61, 'w': 156, 'h': 185, 'area_px': 16531, 'area_ratio': 0.2522430419921875, 'mean_heat': 0.6901987195014954, 'max_heat': 1.0, 'x2': 235, 'y2': 246, 'aspect_ratio': 1.185897435897436}]","deformation","0.779","rules_constrained_taxonomy","79.0","61.0","156.0","185.0","16531.0","0.2522430419921875","0.6901987195014954","1.0","235.0","246.0","1.185897435897436","0.12817047817047816","40.30855855855856","97.65370755370755","3.428077244200118","13.063346709858337","['large_irregular_edge_region']","0.9309709523067156","0.9005894237756729","0.779","0.779","0.8838637556707238","minimum","0.779","S4","O1","D2","Medium","Reinspect item and consider rework if defect is confirmed.","True","S4|O1|D2","False","[]","outputs/risk_patchcore_bottle/artefacts/bottle__test__broken_large__000_heatmap_overlay.png","outputs/risk_patchcore_bottle/artefacts/bottle__test__broken_large__000_mask.png","outputs/risk_patchcore_bottle/artefacts/bottle__test__broken_large__000_annotated.png","simple_statistical_reference","0.42","minimum",""
"bottle__test__broken_large__001","data/mvtec_anomaly_detection/bottle/test/broken_large/001.png","b5e6fd5f3f9ac5310f4fecc37f64d42eaa3326d3d3b327369d2d789752189a0f","2026-06-08T16:41:45.835445+00:00","anomalib_patchcore","0.9078542335227239","0.5","True","0.9078542335227239","0.4078542335227239","0.8864623361825943","0.2798309326171875","1","[{'x': 28, 'y': 95, 'w': 194, 'h': 139, 'area_px': 18339, 'area_ratio': 0.2798309326171875, 'mean_heat': 0.6588051915168762, 'max_heat': 1.0, 'x2': 222, 'y2': 234, 'aspect_ratio': 1.39568345323741}]","deformation","0.779","rules_constrained_taxonomy","28.0","95.0","194.0","139.0","18339.0","0.2798309326171875","0.6588051915168762","1.0","222.0","234.0","1.39568345323741","0.14143736557146036","42.89968849662538","91.13602314025069","2.51154717558083","9.290090531024276","['large_irregular_edge_region']","0.9078542335227239","0.8864623361825943","0.779","0.779","0.869223105940004","minimum","0.779","S4","O1","D2","Medium","Reinspect item and consider rework if defect is confirmed.","True","S4|O1|D2","False","[]","outputs/risk_patchcore_bottle/artefacts/bottle__test__broken_large__001_heatmap_overlay.png","outputs/risk_patchcore_bottle/artefacts/bottle__test__broken_large__001_mask.png","outputs/risk_patchcore_bottle/artefacts/bottle__test__broken_large__001_annotated.png","simple_statistical_reference","0.42","minimum",""
"bottle__test__broken_large__002","data/mvtec_anomaly_detection/bottle/test/broken_large/002.png","249813c6bccb58b9de711a6b7248f4fd8ba4136364cfad2e0577769db91353c2","2026-06-08T16:41:45.883270+00:00","anomalib_patchcore","0.9063499606856261","0.5","True","0.9063499606856261","0.4063499606856261","0.8950651997327805","0.3960418701171875","1","[{'x': 30, 'y': 28, 'w': 207, 'h': 170, 'area_px': 25955, 'area_ratio': 0.3960418701171875, 'mean_heat': 0.6779226660728455, 'max_heat': 1.0, 'x2': 237, 'y2': 198, 'aspect_ratio': 1.2176470588235293}]","deformation","0.779","rules_constrained_taxonomy","30.0","28.0","207.0","170.0","25955.0","0.3960418701171875","0.6779226660728455","1.0","237.0","198.0","1.2176470588235293","0.12230747371412333","39.75703324808184","93.60761579994316","3.305926637348442","12.632366841457099","['large_irregular_edge_region']","0.9063499606856261","0.8950651997327805","0.779","0.779","0.8711270422283659","minimum","0.779","S4","O1","D2","Medium","Reinspect item and consider rework if defect is confirmed.","True","S4|O1|D2","False","[]","outputs/risk_patchcore_bottle/artefacts/bottle__test__broken_large__002_heatmap_overlay.png","outputs/risk_patchcore_bottle/artefacts/bottle__test__broken_large__002_mask.png","outputs/risk_patchcore_bottle/artefacts/bottle__test__broken_large__002_annotated.png","simple_statistical_reference","0.42","minimum",""
"bottle__test__broken_large__003","data/mvtec_anomaly_detection/bottle/test/broken_large/003.png","b4797ce35dd407629e29dd199cd6e497f0a706a1ddd72ace226f30858d3199c4","2026-06-08T16:41:45.931295+00:00","anomalib_patchcore","1.0","0.5","True","1.0","0.5","0.8956084007024765","0.5651397705078125","1","[{'x': 6, 'y': 19, 'w': 206, 'h': 232, 'area_px': 37037, 'area_ratio': 0.5651397705078125, 'mean_heat': 0.6791297793388367, 'max_heat': 1.0, 'x2': 212, 'y2': 251, 'aspect_ratio': 1.1262135922330097}]","deformation","0.779","rules_constrained_taxonomy","6.0","19.0","206.0","232.0","37037.0","0.5651397705078125","0.6791297793388367","1.0","212.0","251.0","1.1262135922330097","0.08304737194509541","36.41027787077335","116.117781218614","3.1439698930367967","12.34667147155298","['large_irregular_edge_region']","1.0","0.8956084007024765","0.779","0.779","0.913432520210743","minimum","0.779","S4","O1","D2","Medium","Reinspect item and consider rework if defect is confirmed.","True","S4|O1|D2","False","[]","outputs/risk_patchcore_bottle/artefacts/bottle__test__broken_large__003_heatmap_overlay.png","outputs/risk_patchcore_bottle/artefacts/bottle__test__broken_large__003_mask.png","outputs/risk_patchcore_bottle/artefacts/bottle__test__broken_large__003_annotated.png","simple_statistical_reference","0.42","minimum",""
"bottle__test__broken_large__004","data/mvtec_anomaly_detection/bottle/test/broken_large/004.png","ede2360ddfaba9c13112b6159f5fd3342226203719ba9f067c2ff16e3d4690e0","2026-06-08T16:41:45.980778+00:00","anomalib_patchcore","1.0","0.5","True","1.0","0.5","0.8781401658058166","0.1082916259765625","1","[{'x': 36, 'y': 43, 'w': 104, 'h': 114, 'area_px': 7097, 'area_ratio': 0.1082916259765625, 'mean_heat': 0.6403114795684814, 'max_heat': 1.0, 'x2': 140, 'y2': 157, 'aspect_ratio': 1.0961538461538463}]","deformation","0.779","rules_constrained_taxonomy","36.0","43.0","104.0","114.0","7097.0","0.1082916259765625","0.6403114795684814","1.0","140.0","157.0","1.0961538461538463","0.16371457489878544","49.3378036437247","87.81469298245614","1.517354925775983","2.7457557354925797","['large_irregular_edge_region']","1.0","0.8781401658058166","0.779","0.779","0.908192049741745","minimum","0.779","S4","O1","D2","Medium","Reinspect item and consider rework if defect is confirmed.","True","S4|O1|D2","False","[]","outputs/risk_patchcore_bottle/artefacts/bottle__test__broken_large__004_heatmap_overlay.png","outputs/risk_patchcore_bottle/artefacts/bottle__test__broken_large__004_mask.png","outputs/risk_patchcore_bottle/artefacts/bottle__test__broken_large__004_annotated.png","simple_statistical_reference","0.42","minimum",""
"bottle__test__broken_large__005","data/mvtec_anomaly_detection/bottle/test/broken_large/005.png","cb4dfa6e11f536aa8746834d41e27f86facf51fb8c92e421af7c6dc342a32553","2026-06-08T16:41:46.039409+00:00","anomalib_patchcore","0.7684512369077443","0.5","True","0.7684512369077443","0.2684512369077443","0.8901056343317031","0.1365966796875","1","[{'x': 128, 'y': 43, 'w': 105, 'h': 135, 'area_px': 8952, 'area_ratio': 0.1365966796875, 'mean_heat': 0.6669014096260071, 'max_heat': 1.0, 'x2': 233, 'y2': 178, 'aspect_ratio': 1.2857142857142858}]","deformation","0.779","rules_constrained_taxonomy","128.0","43.0","105.0","135.0","8952.0","0.1365966796875","0.6669014096260071","1.0","233.0","178.0","1.2857142857142858","0.1599294532627866","42.82751322751323","86.2900176366843","1.9805973498929532","8.804065883648477","['large_irregular_edge_region']","0.7684512369077443","0.8901056343317031","0.779","0.7684512369077443","0.8075847469079958","minimum","0.7684512369077443","S4","O1","D2","Medium","Reinspect item and consider rework if defect is confirmed.","True","S4|O1|D2","False","[]","outputs/risk_patchcore_bottle/artefacts/bottle__test__broken_large__005_heatmap_overlay.png","outputs/risk_patchcore_bottle/artefacts/bottle__test__broken_large__005_mask.png","outputs/risk_patchcore_bottle/artefacts/bottle__test__broken_large__005_annotated.png","simple_statistical_reference","0.42","minimum",""
"bottle__test__broken_large__006","data/mvtec_anomaly_detection/bottle/test/broken_large/006.png","7e1590d94352b6a5d9463d4b378721ac80335f512d78095c7126d3eae1799fae","2026-06-08T16:41:46.102334+00:00","anomalib_patchcore","1.0","0.5","True","1.0","0.5","0.8935705924034119","0.2962646484375","1","[{'x': 24, 'y': 17, 'w': 192, 'h': 173, 'area_px': 19416, 'area_ratio': 0.2962646484375, 'mean_heat': 0.6746013164520264, 'max_heat': 1.0, 'x2': 216, 'y2': 190, 'aspect_ratio': 1.1098265895953756}]","deformation","0.779","rules_constrained_taxonomy","24.0","17.0","192.0","173.0","19416.0","0.2962646484375","0.6746013164520264","1.0","216.0","190.0","1.1098265895953756","0.12042389210019268","40.50608140655106","92.82077914258188","3.2496711501408058","13.25314230633957","['large_irregular_edge_region']","1.0","0.8935705924034119","0.779","0.779","0.9128211777210236","minimum","0.779","S4","O1","D2","Medium","Reinspect item and consider rework if defect is confirmed.","True","S4|O1|D2","False","[]","outputs/risk_patchcore_bottle/artefacts/bottle__test__broken_large__006_heatmap_overlay.png","outputs/risk_patchcore_bottle/artefacts/bottle__test__broken_large__006_mask.png","outputs/risk_patchcore_bottle/artefacts/bottle__test__broken_large__006_annotated.png","simple_statistical_reference","0.42","minimum",""
"bottle__test__broken_large__007","data/mvtec_anomaly_detection/bottle/test/broken_large/007.png","944292b41adbdcbc22c19027f3e0b02eae1cd9defa93bb41e4f4acb84047a3f2","2026-06-08T16:41:46.149483+00:00","anomalib_patchcore","0.849604354067831","0.5","True","0.849604354067831","0.34960435406783097","0.8975262069702148","0.356903076171875","1","[{'x': 28, 'y': 65, 'w': 203, 'h': 175, 'area_px': 23390, 'area_ratio': 0.356903076171875, 'mean_heat': 0.6833915710449219, 'max_heat': 1.0, 'x2': 231, 'y2': 240, 'aspect_ratio': 1.16}]","deformation","0.779","rules_constrained_taxonomy","28.0","65.0","203.0","175.0","23390.0","0.356903076171875","0.6833915710449219","1.0","231.0","240.0","1.16","0.1435890218156228","40.519071076706545","98.59954961294862","4.029745489195491","13.340109475243779","['large_irregular_edge_region']","0.849604354067831","0.8975262069702148","0.779","0.779","0.8463298214215884","minimum","0.779","S4","O1","D2","Medium","Reinspect item and consider rework if defect is confirmed.","True","S4|O1|D2","False","[]","outputs/risk_patchcore_bottle/artefacts/bottle__test__broken_large__007_heatmap_overlay.png","outputs/risk_patchcore_bottle/artefacts/bottle__test__broken_large__007_mask.png","outputs/risk_patchcore_bottle/artefacts/bottle__test__broken_large__007_annotated.png","simple_statistical_reference","0.42","minimum",""
"bottle__test__broken_large__008","data/mvtec_anomaly_detection/bottle/test/broken_large/008.png","0ded17a988dd56d1027d90402e0eff6030727b541c7c263bd77287a62a49b334","2026-06-08T16:41:46.198629+00:00","anomalib_patchcore","0.9583463525005782","0.5","True","0.9583463525005782","0.4583463525005782","0.9003517800569534","0.297454833984375","1","[{'x': 43, 'y': 73, 'w': 193, 'h': 168, 'area_px': 19494, 'area_ratio': 0.297454833984375, 'mean_heat': 0.6896706223487854, 'max_heat': 1.0, 'x2': 236, 'y2': 241, 'aspect_ratio': 1.1488095238095237}]","deformation","0.779","rules_constrained_taxonomy","43.0","73.0","193.0","168.0","19494.0","0.297454833984375","0.6896706223487854","1.0","236.0","241.0","1.1488095238095237","0.13533185294843325","41.55335553910683","97.68470885763632","3.7066996206545753","13.441149265933475","['large_irregular_edge_region']","0.9583463525005782","0.9003517800569534","0.779","0.779","0.8961113926423462","minimum","0.779","S4","O1","D2","Medium","Reinspect item and consider rework if defect is confirmed.","True","S4|O1|D2","False","[]","outputs/risk_patchcore_bottle/artefacts/bottle__test__broken_large__008_heatmap_overlay.png","outputs/risk_patchcore_bottle/artefacts/bottle__test__broken_large__008_mask.png","outputs/risk_patchcore_bottle/artefacts/bottle__test__broken_large__008_annotated.png","simple_statistical_reference","0.42","minimum",""
"bottle__test__broken_large__009","data/mvtec_anomaly_detection/bottle/test/broken_large/009.png","eb6b625a6b86299dbf335512cb3fee553f337892023560c7a5652fcbbb63d1e0","2026-06-08T16:41:46.246234+00:00","anomalib_patchcore","0.8414727060227315","0.5","True","0.8414727060227315","0.3414727060227315","0.8795116329193116","0.18743896484375","1","[{'x': 84, 'y': 32, 'w': 147, 'h': 159, 'area_px': 12284, 'area_ratio': 0.18743896484375, 'mean_heat': 0.6433591842651367, 'max_heat': 1.0, 'x2': 231, 'y2': 191, 'aspect_ratio': 1.0816326530612246}]","deformation","0.779","rules_constrained_taxonomy","84.0","32.0","147.0","159.0","12284.0","0.18743896484375","0.6433591842651367","1.0","231.0","191.0","1.0816326530612246","0.11769991015274034","48.093398365635565","79.33953707269072","3.2314877609028727","8.441181595144513","['large_irregular_edge_region']","0.8414727060227315","0.8795116329193116","0.779","0.779","0.8372662075860227","minimum","0.779","S4","O1","D2","Medium","Reinspect item and consider rework if defect is confirmed.","True","S4|O1|D2","False","[]","outputs/risk_patchcore_bottle/artefacts/bottle__test__broken_large__009_heatmap_overlay.png","outputs/risk_patchcore_bottle/artefacts/bottle__test__broken_large__009_mask.png","outputs/risk_patchcore_bottle/artefacts/bottle__test__broken_large__009_annotated.png","simple_statistical_reference","0.42","minimum",""
"bottle__test__broken_large__010","data/mvtec_anomaly_detection/bottle/test/broken_large/010.png","cac8b9cc86de2513a673453689e927a2c70a86b2f4961df2e70d795aad9fc0c6","2026-06-08T16:41:46.294074+00:00","anomalib_patchcore","0.9699818104954779","0.5","True","0.9699818104954779","0.46998181049547794","0.8844901078939438","0.270904541015625","1","[{'x': 23, 'y': 34, 'w': 142, 'h': 193, 'area_px': 17754, 'area_ratio': 0.270904541015625, 'mean_heat': 0.6544224619865417, 'max_heat': 1.0, 'x2': 165, 'y2': 227, 'aspect_ratio': 1.3591549295774648}]","deformation","0.779","rules_constrained_taxonomy","23.0","34.0","142.0","193.0","17754.0","0.270904541015625","0.6544224619865417","1.0","165.0","227.0","1.3591549295774648","0.12041158870320368","41.785740348828725","90.77760344450121","2.8422481315190495","10.038216312024744","['large_irregular_edge_region']","0.9699818104954779","0.8844901078939438","0.779","0.779","0.8965888470911482","minimum","0.779","S4","O1","D2","Medium","Reinspect item and consider rework if defect is confirmed.","True","S4|O1|D2","False","[]","outputs/risk_patchcore_bottle/artefacts/bottle__test__broken_large__010_heatmap_overlay.png","outputs/risk_patchcore_bottle/artefacts/bottle__test__broken_large__010_mask.png","outputs/risk_patchcore_bottle/artefacts/bottle__test__broken_large__010_annotated.png","simple_statistical_reference","0.42","minimum",""
"bottle__test__broken_large__011","data/mvtec_anomaly_detection/bottle/test/broken_large/011.png","d1819a2167952638c4826a78d3d081fdf26e5a923f3868713af122f5b1d8eddb","2026-06-08T16:41:46.340626+00:00","anomalib_patchcore","0.7242460174284238","0.5","True","0.7242460174284238","0.22424601742842376","0.8961959654092788","0.16845703125","1","[{'x': 51, 'y': 115, 'w': 171, 'h': 113, 'area_px': 11040, 'area_ratio': 0.16845703125, 'mean_heat': 0.6804354786872864, 'max_heat': 1.0, 'x2': 222, 'y2': 228, 'aspect_ratio': 1.5132743362831858}]","deformation","0.779","rules_constrained_taxonomy","51.0","115.0","171.0","113.0","11040.0","0.16845703125","0.6804354786872864","1.0","222.0","228.0","1.5132743362831858","0.17264399937897842","47.40899446255757","87.67370491124566","3.1245771015328216","9.057505966340045","['large_irregular_edge_region']","0.7242460174284238","0.8961959654092788","0.779","0.7242460174284238","0.7895194974655744","minimum","0.7242460174284238","S4","O1","D2","Medium","Reinspect item and consider rework if defect is confirmed.","True","S4|O1|D2","False","[]","outputs/risk_patchcore_bottle/artefacts/bottle__test__broken_large__011_heatmap_overlay.png","outputs/risk_patchcore_bottle/artefacts/bottle__test__broken_large__011_mask.png","outputs/risk_patchcore_bottle/artefacts/bottle__test__broken_large__011_annotated.png","simple_statistical_reference","0.42","minimum",""
"bottle__test__broken_large__012","data/mvtec_anomaly_detection/bottle/test/broken_large/012.png","d531152578b689d196411359c7e8db8f06ba865916e62d0bd7d4f9a81869b6db","2026-06-08T16:41:46.392735+00:00","anomalib_patchcore","0.9763059656947438","0.5","True","0.9763059656947438","0.4763059656947438","0.8699013584852218","0.163787841796875","1","[{'x': 107, 'y': 36, 'w': 126, 'h': 159, 'area_px': 10734, 'area_ratio': 0.163787841796875, 'mean_heat': 0.6220030188560486, 'max_heat': 1.0, 'x2': 233, 'y2': 195, 'aspect_ratio': 1.2619047619047619}]","deformation","0.779","rules_constrained_taxonomy","107.0","36.0","126.0","159.0","10734.0","0.163787841796875","0.6220030188560486","1.0","233.0","195.0","1.2619047619047619","0.12858141160027953","41.39203354297694","84.91504442447838","2.415413824667077","8.157028010129267","['large_irregular_edge_region']","0.9763059656947438","0.8699013584852218","0.779","0.779","0.8950580921082012","minimum","0.779","S4","O1","D2","Medium","Reinspect item and consider rework if defect is confirmed.","True","S4|O1|D2","False","[]","outputs/risk_patchcore_bottle/artefacts/bottle__test__broken_large__012_heatmap_overlay.png","outputs/risk_patchcore_bottle/artefacts/bottle__test__broken_large__012_mask.png","outputs/risk_patchcore_bottle/artefacts/bottle__test__broken_large__012_annotated.png","simple_statistical_reference","0.42","minimum",""
"bottle__test__broken_large__013","data/mvtec_anomaly_detection/bottle/test/broken_large/013.png","cdb49dee73c2b02e2e062fe890ad5b6babc6aa5d95c84ba35486631a105f8373","2026-06-08T16:41:46.445986+00:00","anomalib_patchcore","0.8877958825206527","0.5","True","0.8877958825206527","0.38779588252065267","0.8926334017515183","0.33453369140625","1","[{'x': 57, 'y': 28, 'w': 181, 'h': 190, 'area_px': 21924, 'area_ratio': 0.33453369140625, 'mean_heat': 0.6725186705589294, 'max_heat': 1.0, 'x2': 238, 'y2': 218, 'aspect_ratio': 1.0497237569060773}]","deformation","0.779","rules_constrained_taxonomy","57.0","28.0","181.0","190.0","21924.0","0.33453369140625","0.6725186705589294","1.0","238.0","218.0","1.0497237569060773","0.15821459726664727","36.42820587380052","97.7578656586217","2.7061616177264014","12.233115564580714","['large_irregular_edge_region']","0.8877958825206527","0.8926334017515183","0.779","0.779","0.8620481676597491","minimum","0.779","S4","O1","D2","Medium","Reinspect item and consider rework if defect is confirmed.","True","S4|O1|D2","False","[]","outputs/risk_patchcore_bottle/artefacts/bottle__test__broken_large__013_heatmap_overlay.png","outputs/risk_patchcore_bottle/artefacts/bottle__test__broken_large__013_mask.png","outputs/risk_patchcore_bottle/artefacts/bottle__test__broken_large__013_annotated.png","simple_statistical_reference","0.42","minimum",""
"bottle__test__broken_large__014","data/mvtec_anomaly_detection/bottle/test/broken_large/014.png","e32c92da6a4689dfb9aa8e627da233b154d3f141c171aa6abfd32be4ac0589f8","2026-06-08T16:41:46.507413+00:00","anomalib_patchcore","0.9394451458224348","0.5","True","0.9394451458224348","0.43944514582243477","0.8652610296010972","0.1196136474609375","1","[{'x': 40, 'y': 107, 'w': 105, 'h': 112, 'area_px': 7839, 'area_ratio': 0.1196136474609375, 'mean_heat': 0.6116911768913269, 'max_heat': 1.0, 'x2': 145, 'y2': 219, 'aspect_ratio': 1.0666666666666667}]","deformation","0.779","rules_constrained_taxonomy","40.0","107.0","105.0","112.0","7839.0","0.1196136474609375","0.6116911768913269","1.0","145.0","219.0","1.0666666666666667","0.17312925170068028","44.772448979591836","84.18979591836735","1.8332056944678712","4.327766065103717","['large_irregular_edge_region']","0.9394451458224348","0.8652610296010972","0.779","0.779","0.8770786245004247","minimum","0.779","S4","O1","D2","Medium","Reinspect item and consider rework if defect is confirmed.","True","S4|O1|D2","False","[]","outputs/risk_patchcore_bottle/artefacts/bottle__test__broken_large__014_heatmap_overlay.png","outputs/risk_patchcore_bottle/artefacts/bottle__test__broken_large__014_mask.png","outputs/risk_patchcore_bottle/artefacts/bottle__test__broken_large__014_annotated.png","simple_statistical_reference","0.42","minimum",""
"bottle__test__broken_large__015","data/mvtec_anomaly_detection/bottle/test/broken_large/015.png","3237744b81d8c38e32188bd5b0ae5cabedf37560f721466bd4a8db9851fb10cc","2026-06-08T16:41:46.555902+00:00","anomalib_patchcore","0.9474180136191762","0.5","True","0.9474180136191762","0.4474180136191762","0.7889217878797932","0.201812744140625","2","[{'x': 103, 'y': 61, 'w': 128, 'h': 170, 'area_px': 12226, 'area_ratio': 0.186553955078125, 'mean_heat': 0.6588581800460815, 'max_heat': 1.0, 'x2': 231, 'y2': 231, 'aspect_ratio': 1.328125}, {'x': 92, 'y': 99, 'w': 41, 'h': 37, 'area_px': 1000, 'area_ratio': 0.0152587890625, 'mean_heat': 0.4380902051925659, 'max_heat': 0.45490196347236633, 'x2': 133, 'y2': 136, 'aspect_ratio': 1.1081081081081081}]","deformation","0.779","rules_constrained_taxonomy","103.0","61.0","128.0","170.0","12226.0","0.186553955078125","0.6588581800460815","1.0","231.0","231.0","1.328125","0.1283547794117647","39.64921875","89.22081801470588","2.1223370295698984","8.127748293537849","['large_irregular_edge_region']","0.9474180136191762","0.7889217878797932","0.779","0.779","0.8577646424925672","minimum","0.779","S4","O1","D2","Medium","Reinspect item and consider rework if defect is confirmed.","True","S4|O1|D2","False","[]","outputs/risk_patchcore_bottle/artefacts/bottle__test__broken_large__015_heatmap_overlay.png","outputs/risk_patchcore_bottle/artefacts/bottle__test__broken_large__015_mask.png","outputs/risk_patchcore_bottle/artefacts/bottle__test__broken_large__015_annotated.png","simple_statistical_reference","0.42","minimum",""
"bottle__test__broken_large__016","data/mvtec_anomaly_detection/bottle/test/broken_large/016.png","8b5b47f25ebec3e88c3a09b8f20e14e2413252c82737009ff6f8f20d61a2b779","2026-06-08T16:41:46.608792+00:00","anomalib_patchcore","0.8604912977261974","0.5","True","0.8604912977261974","0.36049129772619737","0.9018195116519927","0.345123291015625","1","[{'x': 49, 'y': 39, 'w': 190, 'h': 190, 'area_px': 22618, 'area_ratio': 0.345123291015625, 'mean_heat': 0.6929322481155396, 'max_heat': 1.0, 'x2': 239, 'y2': 229, 'aspect_ratio': 1.0}]","deformation","0.779","rules_constrained_taxonomy","49.0","39.0","190.0","190.0","22618.0","0.345123291015625","0.6929322481155396","1.0","239.0","229.0","1.0","0.14922437673130193","40.94335180055402","97.18473684210527","3.426125860314599","12.376225548317962","['large_irregular_edge_region']","0.8604912977261974","0.9018195116519927","0.779","0.779","0.8525169374723867","minimum","0.779","S4","O1","D2","Medium","Reinspect item and consider rework if defect is confirmed.","True","S4|O1|D2","False","[]","outputs/risk_patchcore_bottle/artefacts/bottle__test__broken_large__016_heatmap_overlay.png","outputs/risk_patchcore_bottle/artefacts/bottle__test__broken_large__016_mask.png","outputs/risk_patchcore_bottle/artefacts/bottle__test__broken_large__016_annotated.png","simple_statistical_reference","0.42","minimum",""
"bottle__test__broken_large__017","data/mvtec_anomaly_detection/bottle/test/broken_large/017.png","32a2c9cf43301567ccbb7c2e9a4eccff5a8e464de8a9c545885d6bfb28ab0315","2026-06-08T16:41:46.658195+00:00","anomalib_patchcore","0.9352629716551385","0.5","True","0.9352629716551385","0.4352629716551385","0.887376862168312","0.3024444580078125","1","[{'x': 23, 'y': 31, 'w': 189, 'h': 176, 'area_px': 19821, 'area_ratio': 0.3024444580078125, 'mean_heat': 0.6608374714851379, 'max_heat': 1.0, 'x2': 212, 'y2': 207, 'aspect_ratio': 1.0738636363636365}]","deformation","0.779","rules_constrained_taxonomy","23.0","31.0","189.0","176.0","19821.0","0.3024444580078125","0.6608374714851379","1.0","212.0","207.0","1.0738636363636365","0.142015392015392","40.46849446849447","90.3568722943723","2.635364387193654","11.300571811318761","['large_irregular_edge_region']","0.9352629716551385","0.887376862168312","0.779","0.779","0.8818313958953059","minimum","0.779","S4","O1","D2","Medium","Reinspect item and consider rework if defect is confirmed.","True","S4|O1|D2","False","[]","outputs/risk_patchcore_bottle/artefacts/bottle__test__broken_large__017_heatmap_overlay.png","outputs/risk_patchcore_bottle/artefacts/bottle__test__broken_large__017_mask.png","outputs/risk_patchcore_bottle/artefacts/bottle__test__broken_large__017_annotated.png","simple_statistical_reference","0.42","minimum",""
"bottle__test__broken_large__018","data/mvtec_anomaly_detection/bottle/test/broken_large/018.png","ced7c9391abb29b26e126885a1dde2310f3fd1e2cfdf997cd463221e7664e57e","2026-06-08T16:41:46.719570+00:00","anomalib_patchcore","0.975726358652204","0.5","True","0.975726358652204","0.47572635865220403","0.886742895245552","0.332366943359375","1","[{'x': 28, 'y': 37, 'w': 158, 'h': 198, 'area_px': 21782, 'area_ratio': 0.332366943359375, 'mean_heat': 0.6594286561012268, 'max_heat': 1.0, 'x2': 186, 'y2': 235, 'aspect_ratio': 1.2531645569620253}]","deformation","0.779","rules_constrained_taxonomy","28.0","37.0","158.0","198.0","21782.0","0.332366943359375","0.6594286561012268","1.0","186.0","235.0","1.2531645569620253","0.15426416059327452","44.14416315049226","90.08058432425521","3.377781154574329","10.17301434370053","['large_irregular_edge_region']","0.975726358652204","0.886742895245552","0.779","0.779","0.8998497299671574","minimum","0.779","S4","O1","D2","Medium","Reinspect item and consider rework if defect is confirmed.","True","S4|O1|D2","False","[]","outputs/risk_patchcore_bottle/artefacts/bottle__test__broken_large__018_heatmap_overlay.png","outputs/risk_patchcore_bottle/artefacts/bottle__test__broken_large__018_mask.png","outputs/risk_patchcore_bottle/artefacts/bottle__test__broken_large__018_annotated.png","simple_statistical_reference","0.42","minimum",""
"bottle__test__broken_large__019","data/mvtec_anomaly_detection/bottle/test/broken_large/019.png","6807074bef09e3257c3bb516167264a9003ca666e1ddb65d7e306025a9cee695","2026-06-08T16:41:46.766603+00:00","anomalib_patchcore","0.8973292023857545","0.5","True","0.8973292023857545","0.39732920238575453","0.8702095443010329","0.362548828125","1","[{'x': 66, 'y': 42, 'w': 173, 'h': 191, 'area_px': 23760, 'area_ratio': 0.362548828125, 'mean_heat': 0.6226878762245178, 'max_heat': 1.0, 'x2': 239, 'y2': 233, 'aspect_ratio': 1.1040462427745665}]","deformation","0.779","rules_constrained_taxonomy","66.0","42.0","173.0","191.0","23760.0","0.362548828125","0.6226878762245178","1.0","239.0","233.0","1.1040462427745665","0.15216536028810942","36.75743727869745","96.6973337771994","2.6495979003266754","11.735864085950155","['large_irregular_edge_region']","0.8973292023857545","0.8702095443010329","0.779","0.779","0.8596110043638994","minimum","0.779","S4","O1","D2","Medium","Reinspect item and consider rework if defect is confirmed.","True","S4|O1|D2","False","[]","outputs/risk_patchcore_bottle/artefacts/bottle__test__broken_large__019_heatmap_overlay.png","outputs/risk_patchcore_bottle/artefacts/bottle__test__broken_large__019_mask.png","outputs/risk_patchcore_bottle/artefacts/bottle__test__broken_large__019_annotated.png","simple_statistical_reference","0.42","minimum",""
"bottle__test__broken_small__000","data/mvtec_anomaly_detection/bottle/test/broken_small/000.png","05b96e1102fba8cc19bf60e17d33a0830247df2bbba56cae3df100336392941e","2026-06-08T16:41:46.814904+00:00","anomalib_patchcore","0.566737415538037","0.5","True","0.566737415538037","0.06673741553803703","0.7389526283026091","0.0811920166015625","3","[{'x': 41, 'y': 107, 'w': 74, 'h': 104, 'area_px': 4858, 'area_ratio': 0.074127197265625, 'mean_heat': 0.5812260508537292, 'max_heat': 1.0, 'x2': 115, 'y2': 211, 'aspect_ratio': 1.4054054054054055}, {'x': 89, 'y': 53, 'w': 21, 'h': 24, 'area_px': 376, 'area_ratio': 0.0057373046875, 'mean_heat': 0.44606801867485046, 'max_heat': 0.47843137383461, 'x2': 110, 'y2': 77, 'aspect_ratio': 1.1428571428571428}, {'x': 166, 'y': 58, 'w': 9, 'h': 13, 'area_px': 87, 'area_ratio': 0.0013275146484375, 'mean_heat': 0.42681998014450073, 'max_heat': 0.43529412150382996, 'x2': 175, 'y2': 71, 'aspect_ratio': 1.4444444444444444}]","unknown","0.5774999999999999","rules_constrained_taxonomy","41.0","107.0","74.0","104.0","4858.0","0.074127197265625","0.5812260508537292","1.0","115.0","211.0","1.4054054054054055","0.22414241164241164","46.56029106029106","85.6554054054054","1.7116799491799455","4.914316816816822","['no_rule_matched_confidently']","0.566737415538037","0.7389526283026091","0.5774999999999999","0.566737415538037","0.6210926254828995","minimum","0.566737415538037","S3","O3","D2","High","Quarantine item or lot pending quality engineer review.","True","S3|O3|D2","True","['Fused confidence 0.567 is below operational threshold 0.600.', 'Semantic label is unknown or not confidently mapped to the taxonomy.', 'Anomaly score is close to the decision boundary; margin=0.067.']","outputs/risk_patchcore_bottle/artefacts/bottle__test__broken_small__000_heatmap_overlay.png","outputs/risk_patchcore_bottle/artefacts/bottle__test__broken_small__000_mask.png","outputs/risk_patchcore_bottle/artefacts/bottle__test__broken_small__000_annotated.png","simple_statistical_reference","0.42","minimum",""
"bottle__test__broken_small__001","data/mvtec_anomaly_detection/bottle/test/broken_small/001.png","bc60260af053f2f84f71550dda6f2d88c9c8e427109a56249f0dc60e30bc9759","2026-06-08T16:41:46.860548+00:00","anomalib_patchcore","0.8651164007799748","0.5","True","0.8651164007799748","0.36511640077997476","0.7794601919013502","0.076171875","2","[{'x': 43, 'y': 61, 'w': 66, 'h': 87, 'area_px': 4370, 'area_ratio': 0.066680908203125, 'mean_heat': 0.6450083255767822, 'max_heat': 1.0, 'x2': 109, 'y2': 148, 'aspect_ratio': 1.3181818181818181}, {'x': 63, 'y': 160, 'w': 32, 'h': 26, 'area_px': 622, 'area_ratio': 0.009490966796875, 'mean_heat': 0.4522855281829834, 'max_heat': 0.4941176474094391, 'x2': 95, 'y2': 186, 'aspect_ratio': 1.2307692307692308}]","unknown","0.5774999999999999","rules_constrained_taxonomy","43.0","61.0","66.0","87.0","4370.0","0.066680908203125","0.6450083255767822","1.0","109.0","148.0","1.3181818181818181","0.1980146290491118","50.43277603622431","89.01097178683385","1.8034840636929346","0.5624357433579519","['no_rule_matched_confidently']","0.8651164007799748","0.7794601919013502","0.5774999999999999","0.5774999999999999","0.7675154379213935","minimum","0.5774999999999999","S3","O3","D2","High","Quarantine item or lot pending quality engineer review.","True","S3|O3|D2","True","['Fused confidence 0.577 is below operational threshold 0.600.', 'Semantic label is unknown or not confidently mapped to the taxonomy.']","outputs/risk_patchcore_bottle/artefacts/bottle__test__broken_small__001_heatmap_overlay.png","outputs/risk_patchcore_bottle/artefacts/bottle__test__broken_small__001_mask.png","outputs/risk_patchcore_bottle/artefacts/bottle__test__broken_small__001_annotated.png","simple_statistical_reference","0.42","minimum",""
"bottle__test__broken_small__002","data/mvtec_anomaly_detection/bottle/test/broken_small/002.png","e605efdbf20478f09084f3026eaa96b91d9d1e7bc113cbe8fb700f2bbcc2763e","2026-06-08T16:41:46.919382+00:00","anomalib_patchcore","0.9085127132491547","0.5","True","0.9085127132491547","0.4085127132491547","0.7916160447889237","0.107391357421875","2","[{'x': 136, 'y': 49, 'w': 88, 'h': 128, 'area_px': 6778, 'area_ratio': 0.103424072265625, 'mean_heat': 0.6242653727531433, 'max_heat': 1.0, 'x2': 224, 'y2': 177, 'aspect_ratio': 1.4545454545454546}, {'x': 64, 'y': 103, 'w': 16, 'h': 22, 'area_px': 260, 'area_ratio': 0.00396728515625, 'mean_heat': 0.42450985312461853, 'max_heat': 0.4313725531101227, 'x2': 80, 'y2': 125, 'aspect_ratio': 1.375}]","deformation","0.779","rules_constrained_taxonomy","136.0","49.0","88.0","128.0","6778.0","0.103424072265625","0.6242653727531433","1.0","224.0","177.0","1.4545454545454546","0.20241477272727273","45.28240411931818","85.71715198863636","2.175967153506214","4.684357092560219","['large_irregular_edge_region']","0.9085127132491547","0.7916160447889237","0.779","0.779","0.8410655343987967","minimum","0.779","S4","O1","D2","Medium","Reinspect item and consider rework if defect is confirmed.","True","S4|O1|D2","False","[]","outputs/risk_patchcore_bottle/artefacts/bottle__test__broken_small__002_heatmap_overlay.png","outputs/risk_patchcore_bottle/artefacts/bottle__test__broken_small__002_mask.png","outputs/risk_patchcore_bottle/artefacts/bottle__test__broken_small__002_annotated.png","simple_statistical_reference","0.42","minimum",""
"bottle__test__broken_small__003","data/mvtec_anomaly_detection/bottle/test/broken_small/003.png","c97b387cdafd8df6d1834dcd4bb284cb784969a5416dc067f6f2476592c1ee57","2026-06-08T16:41:46.980992+00:00","anomalib_patchcore","0.8656210529008035","0.5","True","0.8656210529008035","0.3656210529008035","0.8772385680675507","0.1803436279296875","1","[{'x': 40, 'y': 103, 'w': 174, 'h': 125, 'area_px': 11819, 'area_ratio': 0.1803436279296875, 'mean_heat': 0.6383079290390015, 'max_heat': 1.0, 'x2': 214, 'y2': 228, 'aspect_ratio': 1.392}]","deformation","0.779","rules_constrained_taxonomy","40.0","103.0","174.0","125.0","11819.0","0.1803436279296875","0.6383079290390015","1.0","214.0","228.0","1.392","0.16570114942528735","45.278942528735634","90.0207816091954","2.309849583606855","9.020539779382432","['large_irregular_edge_region']","0.8656210529008035","0.8772385680675507","0.779","0.779","0.8474510442256268","minimum","0.779","S4","O1","D2","Medium","Reinspect item and consider rework if defect is confirmed.","True","S4|O1|D2","False","[]","outputs/risk_patchcore_bottle/artefacts/bottle__test__broken_small__003_heatmap_overlay.png","outputs/risk_patchcore_bottle/artefacts/bottle__test__broken_small__003_mask.png","outputs/risk_patchcore_bottle/artefacts/bottle__test__broken_small__003_annotated.png","simple_statistical_reference","0.42","minimum",""
"bottle__test__broken_small__004","data/mvtec_anomaly_detection/bottle/test/broken_small/004.png","6f57501c4ae23aac51f06c7ea4916d8977cf84664832cc7c542447624bd9c142","2026-06-08T16:41:47.028368+00:00","anomalib_patchcore","1.0","0.5","True","1.0","0.5","0.8000095091448391","0.0949554443359375","2","[{'x': 46, 'y': 126, 'w': 95, 'h': 94, 'area_px': 6125, 'area_ratio': 0.0934600830078125, 'mean_heat': 0.6223782896995544, 'max_heat': 1.0, 'x2': 141, 'y2': 220, 'aspect_ratio': 1.0106382978723405}, {'x': 89, 'y': 60, 'w': 11, 'h': 12, 'area_px': 98, 'area_ratio': 0.001495361328125, 'mean_heat': 0.4307323396205902, 'max_heat': 0.43921568989753723, 'x2': 100, 'y2': 72, 'aspect_ratio': 1.0909090909090908}]","deformation","0.779","rules_constrained_taxonomy","46.0","126.0","95.0","94.0","6125.0","0.0934600830078125","0.6223782896995544","1.0","141.0","220.0","1.0106382978723405","0.1937290033594625","46.383874580067186","92.77648376259799","2.725807422000031","4.538667752553522","['large_irregular_edge_region']","1.0","0.8000095091448391","0.779","0.779","0.8847528527434517","minimum","0.779","S4","O1","D2","Medium","Reinspect item and consider rework if defect is confirmed.","True","S4|O1|D2","False","[]","outputs/risk_patchcore_bottle/artefacts/bottle__test__broken_small__004_heatmap_overlay.png","outputs/risk_patchcore_bottle/artefacts/bottle__test__broken_small__004_mask.png","outputs/risk_patchcore_bottle/artefacts/bottle__test__broken_small__004_annotated.png","simple_statistical_reference","0.42","minimum",""
"bottle__test__broken_small__005","data/mvtec_anomaly_detection/bottle/test/broken_small/005.png","1dcaf0ee6666df4b793de50d2371b400e468f5c3b39456f8af66e6a9593f7950","2026-06-08T16:41:47.076967+00:00","anomalib_patchcore","0.6683813898608758","0.5","True","0.6683813898608758","0.1683813898608758","0.6316353293560468","0.120880126953125","3","[{'x': 53, 'y': 144, 'w': 86, 'h': 79, 'area_px': 4569, 'area_ratio': 0.0697174072265625, 'mean_heat': 0.6361867785453796, 'max_heat': 1.0, 'x2': 139, 'y2': 223, 'aspect_ratio': 1.0886075949367089}, {'x': 133, 'y': 55, 'w': 73, 'h': 81, 'area_px': 3035, 'area_ratio': 0.0463104248046875, 'mean_heat': 0.4578441083431244, 'max_heat': 0.5137255191802979, 'x2': 206, 'y2': 136, 'aspect_ratio': 1.1095890410958904}, {'x': 60, 'y': 71, 'w': 22, 'h': 24, 'area_px': 318, 'area_ratio': 0.004852294921875, 'mean_heat': 0.4291898012161255, 'max_heat': 0.43921568989753723, 'x2': 82, 'y2': 95, 'aspect_ratio': 1.0909090909090908}]","unknown","0.5774999999999999","rules_constrained_taxonomy","53.0","144.0","86.0","79.0","4569.0","0.0697174072265625","0.6361867785453796","1.0","139.0","223.0","1.0886075949367089","0.2123932881954666","49.12525758021784","87.40241389461289","2.9693236276894623","5.348772895892779","['no_rule_matched_confidently']","0.6683813898608758","0.6316353293560468","0.5774999999999999","0.5774999999999999","0.6346372242442082","minimum","0.5774999999999999","S3","O3","D2","High","Quarantine item or lot pending quality engineer review.","True","S3|O3|D2","True","['Fused confidence 0.577 is below operational threshold 0.600.', 'Semantic label is unknown or not confidently mapped to the taxonomy.']","outputs/risk_patchcore_bottle/artefacts/bottle__test__broken_small__005_heatmap_overlay.png","outputs/risk_patchcore_bottle/artefacts/bottle__test__broken_small__005_mask.png","outputs/risk_patchcore_bottle/artefacts/bottle__test__broken_small__005_annotated.png","simple_statistical_reference","0.42","minimum",""
"bottle__test__broken_small__006","data/mvtec_anomaly_detection/bottle/test/broken_small/006.png","3663a963886304bb1fc308bb63bdd63edb58904980662d034136f53af3124d54","2026-06-08T16:41:47.123280+00:00","anomalib_patchcore","0.9158424766880214","0.5","True","0.9158424766880214","0.41584247668802143","0.7932563590296172","0.0835418701171875","2","[{'x': 87, 'y': 35, 'w': 105, 'h': 65, 'area_px': 5182, 'area_ratio': 0.079071044921875, 'mean_heat': 0.640248715877533, 'max_heat': 1.0, 'x2': 192, 'y2': 100, 'aspect_ratio': 1.6153846153846154}, {'x': 95, 'y': 129, 'w': 23, 'h': 17, 'area_px': 293, 'area_ratio': 0.0044708251953125, 'mean_heat': 0.4415980577468872, 'max_heat': 0.4627451002597809, 'x2': 118, 'y2': 146, 'aspect_ratio': 1.3529411764705883}]","unknown","0.5774999999999999","rules_constrained_taxonomy","87.0","35.0","105.0","65.0","5182.0","0.079071044921875","0.640248715877533","1.0","192.0","100.0","1.6153846153846154","0.20014652014652015","49.78901098901099","83.57538461538462","1.6212730030911828","0.6263294954203928","['no_rule_matched_confidently']","0.9158424766880214","0.7932563590296172","0.5774999999999999","0.5774999999999999","0.7944810222184948","minimum","0.5774999999999999","S3","O3","D2","High","Quarantine item or lot pending quality engineer review.","True","S3|O3|D2","True","['Fused confidence 0.577 is below operational threshold 0.600.', 'Semantic label is unknown or not confidently mapped to the taxonomy.']","outputs/risk_patchcore_bottle/artefacts/bottle__test__broken_small__006_heatmap_overlay.png","outputs/risk_patchcore_bottle/artefacts/bottle__test__broken_small__006_mask.png","outputs/risk_patchcore_bottle/artefacts/bottle__test__broken_small__006_annotated.png","simple_statistical_reference","0.42","minimum",""
"bottle__test__broken_small__007","data/mvtec_anomaly_detection/bottle/test/broken_small/007.png","648a8cb8babfa35f2574ae0dbff581db740cc6ff6ecb14806de29d5e4facb4a6","2026-06-08T16:41:47.169823+00:00","anomalib_patchcore","0.7511243792656945","0.5","True","0.7511243792656945","0.25112437926569453","0.8865308821201323","0.078460693359375","1","[{'x': 162, 'y': 78, 'w': 68, 'h': 98, 'area_px': 5142, 'area_ratio': 0.078460693359375, 'mean_heat': 0.6388732194900513, 'max_heat': 1.0, 'x2': 230, 'y2': 176, 'aspect_ratio': 1.4411764705882353}]","unknown","0.5774999999999999","rules_constrained_taxonomy","162.0","78.0","68.0","98.0","5142.0","0.078460693359375","0.6388732194900513","1.0","230.0","176.0","1.4411764705882353","0.21383553421368548","44.4312725090036","88.65831332533013","1.35430926756667","3.41060898043429","['no_rule_matched_confidently']","0.7511243792656945","0.8865308821201323","0.5774999999999999","0.5774999999999999","0.7483402353056021","minimum","0.5774999999999999","S3","O3","D2","High","Quarantine item or lot pending quality engineer review.","True","S3|O3|D2","True","['Fused confidence 0.577 is below operational threshold 0.600.', 'Semantic label is unknown or not confidently mapped to the taxonomy.']","outputs/risk_patchcore_bottle/artefacts/bottle__test__broken_small__007_heatmap_overlay.png","outputs/risk_patchcore_bottle/artefacts/bottle__test__broken_small__007_mask.png","outputs/risk_patchcore_bottle/artefacts/bottle__test__broken_small__007_annotated.png","simple_statistical_reference","0.42","minimum",""
"bottle__test__broken_small__008","data/mvtec_anomaly_detection/bottle/test/broken_small/008.png","26af850d4eee499c803f372e17ac9297ebe8edc04695dea8d288ac93711325e3","2026-06-08T16:41:47.222398+00:00","anomalib_patchcore","0.7295450494972291","0.5","True","0.7295450494972291","0.2295450494972291","0.8395622754096985","0.29962158203125","1","[{'x': 33, 'y': 65, 'w': 175, 'h': 166, 'area_px': 19636, 'area_ratio': 0.29962158203125, 'mean_heat': 0.5545828342437744, 'max_heat': 1.0, 'x2': 208, 'y2': 231, 'aspect_ratio': 1.0542168674698795}]","deformation","0.779","rules_constrained_taxonomy","33.0","65.0","175.0","166.0","19636.0","0.29962158203125","0.5545828342437744","1.0","208.0","231.0","1.0542168674698795","0.19507745266781412","44.56282271944922","87.83022375215147","2.507503692926008","8.43538236947559","['large_irregular_edge_region']","0.7295450494972291","0.8395622754096985","0.779","0.7295450494972291","0.7749139548966626","minimum","0.7295450494972291","S4","O1","D2","Medium","Reinspect item and consider rework if defect is confirmed.","True","S4|O1|D2","False","[]","outputs/risk_patchcore_bottle/artefacts/bottle__test__broken_small__008_heatmap_overlay.png","outputs/risk_patchcore_bottle/artefacts/bottle__test__broken_small__008_mask.png","outputs/risk_patchcore_bottle/artefacts/bottle__test__broken_small__008_annotated.png","simple_statistical_reference","0.42","minimum",""
"bottle__test__broken_small__009","data/mvtec_anomaly_detection/bottle/test/broken_small/009.png","d83afc9847c680e6b9f5c36f49ca19e1b1f275fc0358e4864ec1809d42df32c7","2026-06-08T16:41:47.267907+00:00","anomalib_patchcore","0.8730996913025162","0.5","True","0.8730996913025162","0.3730996913025162","0.8846150100231169","0.07464599609375","1","[{'x': 51, 'y': 153, 'w': 99, 'h': 70, 'area_px': 4892, 'area_ratio': 0.07464599609375, 'mean_heat': 0.6399139165878296, 'max_heat': 1.0, 'x2': 150, 'y2': 223, 'aspect_ratio': 1.4142857142857144}]","unknown","0.5774999999999999","rules_constrained_taxonomy","51.0","153.0","99.0","70.0","4892.0","0.07464599609375","0.6399139165878296","1.0","150.0","223.0","1.4142857142857144","0.23953823953823955","47.641702741702744","91.0010101010101","2.226738130984849","4.205764418706792","['no_rule_matched_confidently']","0.8730996913025162","0.8846150100231169","0.5774999999999999","0.5774999999999999","0.8026543640930672","minimum","0.5774999999999999","S3","O3","D2","High","Quarantine item or lot pending quality engineer review.","True","S3|O3|D2","True","['Fused confidence 0.577 is below operational threshold 0.600.', 'Semantic label is unknown or not confidently mapped to the taxonomy.']","outputs/risk_patchcore_bottle/artefacts/bottle__test__broken_small__009_heatmap_overlay.png","outputs/risk_patchcore_bottle/artefacts/bottle__test__broken_small__009_mask.png","outputs/risk_patchcore_bottle/artefacts/bottle__test__broken_small__009_annotated.png","simple_statistical_reference","0.42","minimum",""
"bottle__test__broken_small__010","data/mvtec_anomaly_detection/bottle/test/broken_small/010.png","21cd62dad2af2a7841c2ed469ab0909385805fa67d4ee7ba4b8dd6417c6ea95c","2026-06-08T16:41:47.313762+00:00","anomalib_patchcore","0.9870405601483309","0.5","True","0.9870405601483309","0.48704056014833086","0.8746601068973541","0.111541748046875","1","[{'x': 115, 'y': 42, 'w': 108, 'h': 120, 'area_px': 7310, 'area_ratio': 0.111541748046875, 'mean_heat': 0.6325780153274536, 'max_heat': 1.0, 'x2': 223, 'y2': 162, 'aspect_ratio': 1.1111111111111112}]","deformation","0.779","rules_constrained_taxonomy","115.0","42.0","108.0","120.0","7310.0","0.111541748046875","0.6325780153274536","1.0","223.0","162.0","1.1111111111111112","0.14868827160493828","47.16350308641975","83.08387345679013","1.5175116253191803","4.71759713144516","['large_irregular_edge_region']","0.9870405601483309","0.8746601068973541","0.779","0.779","0.901316284135955","minimum","0.779","S4","O1","D2","Medium","Reinspect item and consider rework if defect is confirmed.","True","S4|O1|D2","False","[]","outputs/risk_patchcore_bottle/artefacts/bottle__test__broken_small__010_heatmap_overlay.png","outputs/risk_patchcore_bottle/artefacts/bottle__test__broken_small__010_mask.png","outputs/risk_patchcore_bottle/artefacts/bottle__test__broken_small__010_annotated.png","simple_statistical_reference","0.42","minimum",""
"bottle__test__broken_small__011","data/mvtec_anomaly_detection/bottle/test/broken_small/011.png","0b864bfc835768c65992b235c435e397480cfadeed57ea3884e234a2b473a9c9","2026-06-08T16:41:47.361050+00:00","anomalib_patchcore","0.7264927431586817","0.5","True","0.7264927431586817","0.22649274315868173","0.8900020450353623","0.0773162841796875","1","[{'x': 33, 'y': 94, 'w': 67, 'h': 100, 'area_px': 5067, 'area_ratio': 0.0773162841796875, 'mean_heat': 0.648176372051239, 'max_heat': 1.0, 'x2': 100, 'y2': 194, 'aspect_ratio': 1.492537313432836}]","unknown","0.5774999999999999","rules_constrained_taxonomy","33.0","94.0","67.0","100.0","5067.0","0.0773162841796875","0.648176372051239","1.0","100.0","194.0","1.492537313432836","0.2153731343283582","47.31044776119403","89.75641791044777","2.0171365854565977","1.965746609701796","['no_rule_matched_confidently']","0.7264927431586817","0.8900020450353623","0.5774999999999999","0.5774999999999999","0.7382973479320154","minimum","0.5774999999999999","S3","O3","D2","High","Quarantine item or lot pending quality engineer review.","True","S3|O3|D2","True","['Fused confidence 0.577 is below operational threshold 0.600.', 'Semantic label is unknown or not confidently mapped to the taxonomy.']","outputs/risk_patchcore_bottle/artefacts/bottle__test__broken_small__011_heatmap_overlay.png","outputs/risk_patchcore_bottle/artefacts/bottle__test__broken_small__011_mask.png","outputs/risk_patchcore_bottle/artefacts/bottle__test__broken_small__011_annotated.png","simple_statistical_reference","0.42","minimum",""
"bottle__test__broken_small__012","data/mvtec_anomaly_detection/bottle/test/broken_small/012.png","945cf8614874e85e7d81ebf0ea69340600eec2df6b3d8cdbe0019b27f0a006dc","2026-06-08T16:41:47.407329+00:00","anomalib_patchcore","0.9121369389459638","0.5","True","0.9121369389459638","0.4121369389459638","0.8771844410896301","0.1780548095703125","1","[{'x': 47, 'y': 124, 'w': 175, 'h': 106, 'area_px': 11669, 'area_ratio': 0.1780548095703125, 'mean_heat': 0.6381876468658447, 'max_heat': 1.0, 'x2': 222, 'y2': 230, 'aspect_ratio': 1.650943396226415}]","deformation","0.779","rules_constrained_taxonomy","47.0","124.0","175.0","106.0","11669.0","0.1780548095703125","0.6381876468658447","1.0","222.0","230.0","1.650943396226415","0.1952021563342318","41.61293800539084","95.41040431266846","2.1792413269941306","7.972695850407675","['large_irregular_edge_region']","0.9121369389459638","0.8771844410896301","0.779","0.779","0.8683669548525728","minimum","0.779","S4","O1","D2","Medium","Reinspect item and consider rework if defect is confirmed.","True","S4|O1|D2","False","[]","outputs/risk_patchcore_bottle/artefacts/bottle__test__broken_small__012_heatmap_overlay.png","outputs/risk_patchcore_bottle/artefacts/bottle__test__broken_small__012_mask.png","outputs/risk_patchcore_bottle/artefacts/bottle__test__broken_small__012_annotated.png","simple_statistical_reference","0.42","minimum",""
"bottle__test__broken_small__013","data/mvtec_anomaly_detection/bottle/test/broken_small/013.png","b32208859b9262fa19ad2f01043ed13aac2cebaa4c85936ad489d68c719a2ea1","2026-06-08T16:41:47.452766+00:00","anomalib_patchcore","0.8084209858701102","0.5","True","0.8084209858701102","0.30842098587011024","0.878189572095871","0.104827880859375","1","[{'x': 109, 'y': 31, 'w': 115, 'h': 90, 'area_px': 6870, 'area_ratio': 0.104827880859375, 'mean_heat': 0.6404212713241577, 'max_heat': 1.0, 'x2': 224, 'y2': 121, 'aspect_ratio': 1.2777777777777777}]","deformation","0.779","rules_constrained_taxonomy","109.0","31.0","115.0","90.0","6870.0","0.104827880859375","0.6404212713241577","1.0","224.0","121.0","1.2777777777777777","0.15198067632850243","42.822028985507245","91.31536231884058","2.492488441074002","7.415157629308624","['large_irregular_edge_region']","0.8084209858701102","0.878189572095871","0.779","0.779","0.8219963152703109","minimum","0.779","S4","O1","D2","Medium","Reinspect item and consider rework if defect is confirmed.","True","S4|O1|D2","False","[]","outputs/risk_patchcore_bottle/artefacts/bottle__test__broken_small__013_heatmap_overlay.png","outputs/risk_patchcore_bottle/artefacts/bottle__test__broken_small__013_mask.png","outputs/risk_patchcore_bottle/artefacts/bottle__test__broken_small__013_annotated.png","simple_statistical_reference","0.42","minimum",""
"bottle__test__broken_small__014","data/mvtec_anomaly_detection/bottle/test/broken_small/014.png","c74fb6a0cfc32692175c6f97f337fa49a0146a2ccb66ffa308e90b8b95ce50d8","2026-06-08T16:41:47.507063+00:00","anomalib_patchcore","0.6394532252829308","0.5","True","0.6394532252829308","0.1394532252829308","0.8647076094150543","0.08355712890625","1","[{'x': 35, 'y': 72, 'w': 66, 'h': 119, 'area_px': 5476, 'area_ratio': 0.08355712890625, 'mean_heat': 0.6104613542556763, 'max_heat': 1.0, 'x2': 101, 'y2': 191, 'aspect_ratio': 1.803030303030303}]","deformation","0.779","rules_constrained_taxonomy","35.0","72.0","66.0","119.0","5476.0","0.08355712890625","0.6104613542556763","1.0","101.0","191.0","1.803030303030303","0.2256175197351668","43.85625159154571","88.47300738477209","1.3495668580317073","1.3112744580463414","['large_irregular_edge_region']","0.6394532252829308","0.8647076094150543","0.779","0.6394532252829308","0.7419162342018351","minimum","0.6394532252829308","S4","O1","D2","Medium","Reinspect item and consider rework if defect is confirmed.","True","S4|O1|D2","False","[]","outputs/risk_patchcore_bottle/artefacts/bottle__test__broken_small__014_heatmap_overlay.png","outputs/risk_patchcore_bottle/artefacts/bottle__test__broken_small__014_mask.png","outputs/risk_patchcore_bottle/artefacts/bottle__test__broken_small__014_annotated.png","simple_statistical_reference","0.42","minimum",""
"bottle__test__broken_small__015","data/mvtec_anomaly_detection/bottle/test/broken_small/015.png","ef423951e8f0bed66ab053c28ad709e68ef24af62b4650254c3d39aaa2bb48da","2026-06-08T16:41:47.555266+00:00","anomalib_patchcore","0.8097297401984058","0.5","True","0.8097297401984058","0.3097297401984058","0.6235836346871563","0.177581787109375","4","[{'x': 121, 'y': 44, 'w': 99, 'h': 104, 'area_px': 7013, 'area_ratio': 0.1070098876953125, 'mean_heat': 0.6255273818969727, 'max_heat': 1.0, 'x2': 220, 'y2': 148, 'aspect_ratio': 1.0505050505050506}, {'x': 38, 'y': 78, 'w': 57, 'h': 74, 'area_px': 3143, 'area_ratio': 0.0479583740234375, 'mean_heat': 0.5000705122947693, 'max_heat': 0.6117647290229797, 'x2': 95, 'y2': 152, 'aspect_ratio': 1.2982456140350878}, {'x': 130, 'y': 159, 'w': 51, 'h': 45, 'area_px': 1280, 'area_ratio': 0.01953125, 'mean_heat': 0.4559651017189026, 'max_heat': 0.5215686559677124, 'x2': 181, 'y2': 204, 'aspect_ratio': 1.1333333333333333}, {'x': 92, 'y': 166, 'w': 19, 'h': 19, 'area_px': 202, 'area_ratio': 0.003082275390625, 'mean_heat': 0.4239177107810974, 'max_heat': 0.4274509847164154, 'x2': 111, 'y2': 185, 'aspect_ratio': 1.0}]","deformation","0.779","rules_constrained_taxonomy","121.0","44.0","99.0","104.0","7013.0","0.1070098876953125","0.6255273818969727","1.0","220.0","148.0","1.0505050505050506","0.16083916083916083","47.71853146853147","78.91977466977467","2.1659952366474116","5.958993446167355","['large_irregular_edge_region']","0.8097297401984058","0.6235836346871563","0.779","0.6235836346871563","0.7462034734954295","minimum","0.6235836346871563","S4","O1","D2","Medium","Reinspect item and consider rework if defect is confirmed.","True","S4|O1|D2","False","[]","outputs/risk_patchcore_bottle/artefacts/bottle__test__broken_small__015_heatmap_overlay.png","outputs/risk_patchcore_bottle/artefacts/bottle__test__broken_small__015_mask.png","outputs/risk_patchcore_bottle/artefacts/bottle__test__broken_small__015_annotated.png","simple_statistical_reference","0.42","minimum",""
"bottle__test__broken_small__016","data/mvtec_anomaly_detection/bottle/test/broken_small/016.png","72e0dfb0da261ee3b349dc34235f65c23bf6b2cbb8928a055348980c1f428bba","2026-06-08T16:41:47.606084+00:00","anomalib_patchcore","0.8589842159275365","0.5","True","0.8589842159275365","0.3589842159275365","0.8834896743297576","0.0688629150390625","1","[{'x': 147, 'y': 53, 'w': 74, 'h': 87, 'area_px': 4513, 'area_ratio': 0.0688629150390625, 'mean_heat': 0.6454452276229858, 'max_heat': 1.0, 'x2': 221, 'y2': 140, 'aspect_ratio': 1.1756756756756757}]","unknown","0.5774999999999999","rules_constrained_taxonomy","147.0","53.0","74.0","87.0","4513.0","0.0688629150390625","0.6454452276229858","1.0","221.0","140.0","1.1756756756756757","0.19260639950295122","45.74417520969245","87.7224293258776","1.8069583812134837","3.5742265533025517","['no_rule_matched_confidently']","0.8589842159275365","0.8834896743297576","0.5774999999999999","0.5774999999999999","0.7959647994663186","minimum","0.5774999999999999","S3","O3","D2","High","Quarantine item or lot pending quality engineer review.","True","S3|O3|D2","True","['Fused confidence 0.577 is below operational threshold 0.600.', 'Semantic label is unknown or not confidently mapped to the taxonomy.']","outputs/risk_patchcore_bottle/artefacts/bottle__test__broken_small__016_heatmap_overlay.png","outputs/risk_patchcore_bottle/artefacts/bottle__test__broken_small__016_mask.png","outputs/risk_patchcore_bottle/artefacts/bottle__test__broken_small__016_annotated.png","simple_statistical_reference","0.42","minimum",""
"bottle__test__broken_small__017","data/mvtec_anomaly_detection/bottle/test/broken_small/017.png","437b1c2b5f0c055ee250ba1c4266725eae7c4e21293b0b13141e672f42a2d55b","2026-06-08T16:41:47.658175+00:00","anomalib_patchcore","0.9933576929436889","0.5","True","0.9933576929436889","0.4933576929436889","0.8717919135093688","0.081787109375","1","[{'x': 33, 'y': 63, 'w': 67, 'h': 115, 'area_px': 5360, 'area_ratio': 0.081787109375, 'mean_heat': 0.626204252243042, 'max_heat': 1.0, 'x2': 100, 'y2': 178, 'aspect_ratio': 1.7164179104477613}]","deformation","0.779","rules_constrained_taxonomy","33.0","63.0","67.0","115.0","5360.0","0.081787109375","0.626204252243042","1.0","100.0","178.0","1.7164179104477613","0.24127190136275145","47.02232316677482","94.20986372485399","1.894667505963632","2.0964914669054195","['large_irregular_edge_region']","0.9933576929436889","0.8717919135093688","0.779","0.779","0.9032985358774707","minimum","0.779","S4","O1","D2","Medium","Reinspect item and consider rework if defect is confirmed.","True","S4|O1|D2","False","[]","outputs/risk_patchcore_bottle/artefacts/bottle__test__broken_small__017_heatmap_overlay.png","outputs/risk_patchcore_bottle/artefacts/bottle__test__broken_small__017_mask.png","outputs/risk_patchcore_bottle/artefacts/bottle__test__broken_small__017_annotated.png","simple_statistical_reference","0.42","minimum",""
"bottle__test__broken_small__018","data/mvtec_anomaly_detection/bottle/test/broken_small/018.png","b145d2c83ef34456539118e18ba0a197277a9625320ed7248492b308856170af","2026-06-08T16:41:47.707571+00:00","anomalib_patchcore","1.0","0.5","True","1.0","0.5","0.8843901419639588","0.1194000244140625","1","[{'x': 40, 'y': 105, 'w': 117, 'h': 118, 'area_px': 7825, 'area_ratio': 0.1194000244140625, 'mean_heat': 0.6542003154754639, 'max_heat': 1.0, 'x2': 157, 'y2': 223, 'aspect_ratio': 1.0085470085470085}]","deformation","0.779","rules_constrained_taxonomy","40.0","105.0","117.0","118.0","7825.0","0.1194000244140625","0.6542003154754639","1.0","157.0","223.0","1.0085470085470085","0.1657250470809793","46.86563812834999","91.56750688106621","2.0413198700175954","3.7538936351497085","['large_irregular_edge_region']","1.0","0.8843901419639588","0.779","0.779","0.9100670425891877","minimum","0.779","S4","O1","D2","Medium","Reinspect item and consider rework if defect is confirmed.","True","S4|O1|D2","False","[]","outputs/risk_patchcore_bottle/artefacts/bottle__test__broken_small__018_heatmap_overlay.png","outputs/risk_patchcore_bottle/artefacts/bottle__test__broken_small__018_mask.png","outputs/risk_patchcore_bottle/artefacts/bottle__test__broken_small__018_annotated.png","simple_statistical_reference","0.42","minimum",""
"bottle__test__broken_small__019","data/mvtec_anomaly_detection/bottle/test/broken_small/019.png","a6e0b07c9402eb7ce810955032a54d5b05cc60f30579b397e83eba6957390c34","2026-06-08T16:41:47.757278+00:00","anomalib_patchcore","0.9866283080789209","0.5","True","0.9866283080789209","0.4866283080789209","0.8769020581245421","0.091552734375","1","[{'x': 38, 'y': 107, 'w': 82, 'h': 108, 'area_px': 6000, 'area_ratio': 0.091552734375, 'mean_heat': 0.6375601291656494, 'max_heat': 1.0, 'x2': 120, 'y2': 215, 'aspect_ratio': 1.3170731707317074}]","deformation","0.779","rules_constrained_taxonomy","38.0","107.0","82.0","108.0","6000.0","0.091552734375","0.6375601291656494","1.0","120.0","215.0","1.3170731707317074","0.1911698283649503","46.083333333333336","85.54618337850046","1.6734419574281318","3.9689581619867056","['large_irregular_edge_region']","0.9866283080789209","0.8769020581245421","0.779","0.779","0.9018033560728771","minimum","0.779","S4","O1","D2","Medium","Reinspect item and consider rework if defect is confirmed.","True","S4|O1|D2","False","[]","outputs/risk_patchcore_bottle/artefacts/bottle__test__broken_small__019_heatmap_overlay.png","outputs/risk_patchcore_bottle/artefacts/bottle__test__broken_small__019_mask.png","outputs/risk_patchcore_bottle/artefacts/bottle__test__broken_small__019_annotated.png","simple_statistical_reference","0.42","minimum",""
"bottle__test__broken_small__020","data/mvtec_anomaly_detection/bottle/test/broken_small/020.png","266ed29aeada42b0ff5160b41a754887301cef8a5aeec278af64e68a736b105a","2026-06-08T16:41:47.807267+00:00","anomalib_patchcore","1.0","0.5","True","1.0","0.5","0.8744824105501174","0.1024627685546875","1","[{'x': 131, 'y': 106, 'w': 94, 'h': 110, 'area_px': 6715, 'area_ratio': 0.1024627685546875, 'mean_heat': 0.6321831345558167, 'max_heat': 1.0, 'x2': 225, 'y2': 216, 'aspect_ratio': 1.1702127659574468}]","deformation","0.779","rules_constrained_taxonomy","131.0","106.0","94.0","110.0","6715.0","0.1024627685546875","0.6321831345558167","1.0","225.0","216.0","1.1702127659574468","0.18742746615087041","39.72021276595745","92.71450676982592","1.1091738049184912","5.3529535476343995","['large_irregular_edge_region']","1.0","0.8744824105501174","0.779","0.779","0.9070947231650353","minimum","0.779","S4","O1","D2","Medium","Reinspect item and consider rework if defect is confirmed.","True","S4|O1|D2","False","[]","outputs/risk_patchcore_bottle/artefacts/bottle__test__broken_small__020_heatmap_overlay.png","outputs/risk_patchcore_bottle/artefacts/bottle__test__broken_small__020_mask.png","outputs/risk_patchcore_bottle/artefacts/bottle__test__broken_small__020_annotated.png","simple_statistical_reference","0.42","minimum",""
"bottle__test__broken_small__021","data/mvtec_anomaly_detection/bottle/test/broken_small/021.png","8fd65fc5519cf685764d5f87f3ad1cfe088e7c54e3a54ad68b5ab3df120a084d","2026-06-08T16:41:47.855818+00:00","anomalib_patchcore","0.8551242592195478","0.5","True","0.8551242592195478","0.3551242592195478","0.7902974501159961","0.0727386474609375","2","[{'x': 160, 'y': 106, 'w': 63, 'h': 92, 'area_px': 4363, 'area_ratio': 0.0665740966796875, 'mean_heat': 0.6443758606910706, 'max_heat': 1.0, 'x2': 223, 'y2': 198, 'aspect_ratio': 1.4603174603174602}, {'x': 26, 'y': 115, 'w': 22, 'h': 23, 'area_px': 404, 'area_ratio': 0.00616455078125, 'mean_heat': 0.4486313760280609, 'max_heat': 0.48627451062202454, 'x2': 48, 'y2': 138, 'aspect_ratio': 1.0454545454545454}]","unknown","0.5774999999999999","rules_constrained_taxonomy","160.0","106.0","63.0","92.0","4363.0","0.0665740966796875","0.6443758606910706","1.0","223.0","198.0","1.4603174603174602","0.2427536231884058","42.53071083505866","99.12612146307798","1.515474079315581","1.5665648941653387","['no_rule_matched_confidently']","0.8551242592195478","0.7902974501159961","0.5774999999999999","0.5774999999999999","0.7662701516835952","minimum","0.5774999999999999","S3","O3","D2","High","Quarantine item or lot pending quality engineer review.","True","S3|O3|D2","True","['Fused confidence 0.577 is below operational threshold 0.600.', 'Semantic label is unknown or not confidently mapped to the taxonomy.']","outputs/risk_patchcore_bottle/artefacts/bottle__test__broken_small__021_heatmap_overlay.png","outputs/risk_patchcore_bottle/artefacts/bottle__test__broken_small__021_mask.png","outputs/risk_patchcore_bottle/artefacts/bottle__test__broken_small__021_annotated.png","simple_statistical_reference","0.42","minimum",""
"bottle__test__contamination__000","data/mvtec_anomaly_detection/bottle/test/contamination/000.png","fe2e96a8cba624ace02985481197ee8ab112d2a2faa4b79f137ace2c452eb4ea","2026-06-08T16:41:47.908105+00:00","anomalib_patchcore","0.7729165987526289","0.5","True","0.7729165987526289","0.27291659875262886","0.7951021645977814","0.3323516845703125","2","[{'x': 38, 'y': 46, 'w': 218, 'h': 174, 'area_px': 21558, 'area_ratio': 0.328948974609375, 'mean_heat': 0.5940474271774292, 'max_heat': 1.0, 'x2': 256, 'y2': 220, 'aspect_ratio': 1.2528735632183907}, {'x': 192, 'y': 172, 'w': 15, 'h': 19, 'area_px': 223, 'area_ratio': 0.0034027099609375, 'mean_heat': 0.4286820590496063, 'max_heat': 0.43921568989753723, 'x2': 207, 'y2': 191, 'aspect_ratio': 1.2666666666666666}]","deformation","0.779","rules_constrained_taxonomy","38.0","46.0","218.0","174.0","21558.0","0.328948974609375","0.5940474271774292","1.0","256.0","220.0","1.2528735632183907","0.1819571865443425","34.11602341031319","106.68630707581988","1.562041109428236","5.392593715982628","['large_irregular_edge_region']","0.7729165987526289","0.7951021645977814","0.779","0.7729165987526289","0.7810931188180174","minimum","0.7729165987526289","S4","O1","D2","Medium","Reinspect item and consider rework if defect is confirmed.","True","S4|O1|D2","False","[]","outputs/risk_patchcore_bottle/artefacts/bottle__test__contamination__000_heatmap_overlay.png","outputs/risk_patchcore_bottle/artefacts/bottle__test__contamination__000_mask.png","outputs/risk_patchcore_bottle/artefacts/bottle__test__contamination__000_annotated.png","simple_statistical_reference","0.42","minimum",""
"bottle__test__contamination__001","data/mvtec_anomaly_detection/bottle/test/contamination/001.png","2ddf5d0d53b2dc3d13286af69d668e9b572a360a87309bb91a4682dde8f2311a","2026-06-08T16:41:47.960080+00:00","anomalib_patchcore","0.5076673193067098","0.5","True","0.5076673193067098","0.00766731930670983","0.8827532970905303","0.3978729248046875","1","[{'x': 40, 'y': 41, 'w': 196, 'h': 190, 'area_px': 26075, 'area_ratio': 0.3978729248046875, 'mean_heat': 0.6505628824234009, 'max_heat': 1.0, 'x2': 236, 'y2': 231, 'aspect_ratio': 1.0315789473684212}]","deformation","0.779","rules_constrained_taxonomy","40.0","41.0","196.0","190.0","26075.0","0.3978729248046875","0.6505628824234009","1.0","236.0","231.0","1.0315789473684212","0.1910580021482277","32.725563909774436","97.61138560687432","2.4705721530424327","11.656795378654166","['large_irregular_edge_region']","0.5076673193067098","0.8827532970905303","0.779","0.5076673193067098","0.6880262828151785","minimum","0.5076673193067098","S4","O1","D3","High","Quarantine item or lot pending quality engineer review.","True","S4|O1|D3","True","['Fused confidence 0.508 is below operational threshold 0.600.', 'Anomaly score is close to the decision boundary; margin=0.008.']","outputs/risk_patchcore_bottle/artefacts/bottle__test__contamination__001_heatmap_overlay.png","outputs/risk_patchcore_bottle/artefacts/bottle__test__contamination__001_mask.png","outputs/risk_patchcore_bottle/artefacts/bottle__test__contamination__001_annotated.png","simple_statistical_reference","0.42","minimum",""
"bottle__test__contamination__002","data/mvtec_anomaly_detection/bottle/test/contamination/002.png","905880d6f1f7c33cce414116beae1bda241efff97ba78647e7c2b5d25a94dd05","2026-06-08T16:41:48.011003+00:00","anomalib_patchcore","0.6961394001876534","0.5","True","0.6961394001876534","0.1961394001876534","0.8273907864093781","0.20928955078125","1","[{'x': 55, 'y': 40, 'w': 173, 'h': 185, 'area_px': 13716, 'area_ratio': 0.20928955078125, 'mean_heat': 0.527535080909729, 'max_heat': 1.0, 'x2': 228, 'y2': 225, 'aspect_ratio': 1.069364161849711}]","deformation","0.779","rules_constrained_taxonomy","55.0","40.0","173.0","185.0","13716.0","0.20928955078125","0.527535080909729","1.0","228.0","225.0","1.069364161849711","0.19356350570223402","45.649461021715354","86.06274019684425","3.8617856420001715","9.924861477324598","['large_irregular_edge_region']","0.6961394001876534","0.8273907864093781","0.779","0.6961394001876534","0.7562299660072574","minimum","0.6961394001876534","S4","O1","D2","Medium","Reinspect item and consider rework if defect is confirmed.","True","S4|O1|D2","False","[]","outputs/risk_patchcore_bottle/artefacts/bottle__test__contamination__002_heatmap_overlay.png","outputs/risk_patchcore_bottle/artefacts/bottle__test__contamination__002_mask.png","outputs/risk_patchcore_bottle/artefacts/bottle__test__contamination__002_annotated.png","simple_statistical_reference","0.42","minimum",""
"bottle__test__contamination__003","data/mvtec_anomaly_detection/bottle/test/contamination/003.png","023c4e62fbe0b7f408245e85b8fc60259d826dedee67fdc5a41655b7fa494e4a","2026-06-08T16:41:48.057475+00:00","anomalib_patchcore","0.3799137515744045","0.5","False","0.6200862484255956","0.12008624842559551","0.6200862484255956","0.0","0","[]","normal","0.6200862484255956","detector_normal_decision","","","","","","","","","","","","","","","","","","0.6200862484255956","0.6200862484255956","0.6200862484255956","0.6200862484255956","0.6200862484255956","minimum","0.6200862484255956","S1","O1","D1","Low","Continue monitoring; no immediate intervention required.","True","S1|O1|D1","False","[]","outputs/risk_patchcore_bottle/artefacts/bottle__test__contamination__003_heatmap_overlay.png","outputs/risk_patchcore_bottle/artefacts/bottle__test__contamination__003_mask.png","outputs/risk_patchcore_bottle/artefacts/bottle__test__contamination__003_annotated.png","simple_statistical_reference","0.42","minimum","Image-level anomaly score did not exceed the calibrated threshold."
"bottle__test__contamination__004","data/mvtec_anomaly_detection/bottle/test/contamination/004.png","8def2401278eb433c1a2fa0a78c79abfeea7a4d0b363e637e51c39cef34c073c","2026-06-08T16:41:48.108059+00:00","anomalib_patchcore","0.5160805287884926","0.5","True","0.5160805287884926","0.016080528788492643","0.7115705699867848","0.19976806640625","4","[{'x': 33, 'y': 106, 'w': 153, 'h': 131, 'area_px': 11473, 'area_ratio': 0.1750640869140625, 'mean_heat': 0.6307108402252197, 'max_heat': 1.0, 'x2': 186, 'y2': 237, 'aspect_ratio': 1.16793893129771}, {'x': 103, 'y': 39, 'w': 36, 'h': 35, 'area_px': 796, 'area_ratio': 0.01214599609375, 'mean_heat': 0.43893980979919434, 'max_heat': 0.4588235318660736, 'x2': 139, 'y2': 74, 'aspect_ratio': 1.0285714285714285}, {'x': 201, 'y': 119, 'w': 20, 'h': 42, 'area_px': 496, 'area_ratio': 0.007568359375, 'mean_heat': 0.43884411454200745, 'max_heat': 0.47058823704719543, 'x2': 221, 'y2': 161, 'aspect_ratio': 2.1}, {'x': 73, 'y': 72, 'w': 28, 'h': 23, 'area_px': 327, 'area_ratio': 0.0049896240234375, 'mean_heat': 0.4274510443210602, 'max_heat': 0.43529412150382996, 'x2': 101, 'y2': 95, 'aspect_ratio': 1.2173913043478262}]","deformation","0.779","rules_constrained_taxonomy","33.0","106.0","153.0","131.0","11473.0","0.1750640869140625","0.6307108402252197","1.0","186.0","237.0","1.16793893129771","0.14773237539290526","43.80751384523275","88.87302300054883","3.0998698408854466","10.5984578995035","['large_irregular_edge_region']","0.5160805287884926","0.7115705699867848","0.779","0.5160805287884926","0.6404574089508571","minimum","0.5160805287884926","S4","O1","D3","High","Quarantine item or lot pending quality engineer review.","True","S4|O1|D3","True","['Fused confidence 0.516 is below operational threshold 0.600.', 'Anomaly score is close to the decision boundary; margin=0.016.']","outputs/risk_patchcore_bottle/artefacts/bottle__test__contamination__004_heatmap_overlay.png","outputs/risk_patchcore_bottle/artefacts/bottle__test__contamination__004_mask.png","outputs/risk_patchcore_bottle/artefacts/bottle__test__contamination__004_annotated.png","simple_statistical_reference","0.42","minimum",""
"bottle__test__contamination__005","data/mvtec_anomaly_detection/bottle/test/contamination/005.png","606d939e295c39be7097829e33f82b1fea32006379817b5de2a0e0548a10b50e","2026-06-08T16:41:48.158208+00:00","anomalib_patchcore","0.9863391328780007","0.5","True","0.9863391328780007","0.4863391328780007","0.900182210803032","0.17095947265625","1","[{'x': 71, 'y': 66, 'w': 118, 'h': 123, 'area_px': 11204, 'area_ratio': 0.17095947265625, 'mean_heat': 0.6892938017845154, 'max_heat': 1.0, 'x2': 189, 'y2': 189, 'aspect_ratio': 1.0423728813559323}]","deformation","0.779","rules_constrained_taxonomy","71.0","66.0","118.0","123.0","11204.0","0.17095947265625","0.6892938017845154","1.0","189.0","189.0","1.0423728813559323","0.1777594047126912","49.77945431996693","85.94143585503652","1.9205474156396463","0.4742196802367573","['large_irregular_edge_region']","0.9863391328780007","0.900182210803032","0.779","0.779","0.9086572730360098","minimum","0.779","S4","O1","D2","Medium","Reinspect item and consider rework if defect is confirmed.","True","S4|O1|D2","False","[]","outputs/risk_patchcore_bottle/artefacts/bottle__test__contamination__005_heatmap_overlay.png","outputs/risk_patchcore_bottle/artefacts/bottle__test__contamination__005_mask.png","outputs/risk_patchcore_bottle/artefacts/bottle__test__contamination__005_annotated.png","simple_statistical_reference","0.42","minimum",""
"bottle__test__contamination__006","data/mvtec_anomaly_detection/bottle/test/contamination/006.png","d458db2da3744fd2fc797bd7568ed8282fe1583e05d427ffa8e41d67f7e14b03","2026-06-08T16:41:48.208064+00:00","anomalib_patchcore","0.8600310715500907","0.5","True","0.8600310715500907","0.36003107155009073","0.8848662608861924","0.2315216064453125","1","[{'x': 62, 'y': 67, 'w': 139, 'h': 140, 'area_px': 15173, 'area_ratio': 0.2315216064453125, 'mean_heat': 0.6552583575248718, 'max_heat': 1.0, 'x2': 201, 'y2': 207, 'aspect_ratio': 1.0071942446043165}]","deformation","0.779","rules_constrained_taxonomy","62.0","67.0","139.0","140.0","15173.0","0.2315216064453125","0.6552583575248718","1.0","201.0","207.0","1.0071942446043165","0.20308324768756422","60.677852004110996","113.76068859198355","4.613129092613889","0.0","['large_irregular_edge_region']","0.8600310715500907","0.8848662608861924","0.779","0.779","0.8472238604633986","minimum","0.779","S4","O1","D2","Medium","Reinspect item and consider rework if defect is confirmed.","True","S4|O1|D2","False","[]","outputs/risk_patchcore_bottle/artefacts/bottle__test__contamination__006_heatmap_overlay.png","outputs/risk_patchcore_bottle/artefacts/bottle__test__contamination__006_mask.png","outputs/risk_patchcore_bottle/artefacts/bottle__test__contamination__006_annotated.png","simple_statistical_reference","0.42","minimum",""
"bottle__test__contamination__007","data/mvtec_anomaly_detection/bottle/test/contamination/007.png","a3918b94553a8922b3c16d064ef73e9062710b35639a949c56d926037e4c0d0a","2026-06-08T16:41:48.254114+00:00","anomalib_patchcore","1.0","0.5","True","1.0","0.5","0.894667964577675","0.1978607177734375","1","[{'x': 112, 'y': 79, 'w': 130, 'h': 177, 'area_px': 12967, 'area_ratio': 0.1978607177734375, 'mean_heat': 0.6770399212837219, 'max_heat': 1.0, 'x2': 242, 'y2': 256, 'aspect_ratio': 1.3615384615384616}]","deformation","0.779","rules_constrained_taxonomy","112.0","79.0","130.0","177.0","12967.0","0.1978607177734375","0.6770399212837219","1.0","242.0","256.0","1.3615384615384616","0.17318557149065625","38.69813124728379","118.65645371577575","1.8949472413600574","4.7548013749313895","['large_irregular_edge_region']","1.0","0.894667964577675","0.779","0.779","0.9131503893733024","minimum","0.779","S4","O1","D2","Medium","Reinspect item and consider rework if defect is confirmed.","True","S4|O1|D2","False","[]","outputs/risk_patchcore_bottle/artefacts/bottle__test__contamination__007_heatmap_overlay.png","outputs/risk_patchcore_bottle/artefacts/bottle__test__contamination__007_mask.png","outputs/risk_patchcore_bottle/artefacts/bottle__test__contamination__007_annotated.png","simple_statistical_reference","0.42","minimum",""
"bottle__test__contamination__008","data/mvtec_anomaly_detection/bottle/test/contamination/008.png","35b9af10eaa1fe5525d6fb54ed3ddb069391d7dff93e8c6a6140272431115b00","2026-06-08T16:41:48.301434+00:00","anomalib_patchcore","0.835267562089693","0.5","True","0.835267562089693","0.335267562089693","0.7989138783641409","0.262603759765625","2","[{'x': 41, 'y': 39, 'w': 180, 'h': 151, 'area_px': 17147, 'area_ratio': 0.2616424560546875, 'mean_heat': 0.6048510670661926, 'max_heat': 1.0, 'x2': 221, 'y2': 190, 'aspect_ratio': 1.1920529801324504}, {'x': 50, 'y': 161, 'w': 9, 'h': 9, 'area_px': 63, 'area_ratio': 0.0009613037109375, 'mean_heat': 0.42458751797676086, 'max_heat': 0.4274509847164154, 'x2': 59, 'y2': 170, 'aspect_ratio': 1.0}]","deformation","0.779","rules_constrained_taxonomy","41.0","39.0","180.0","151.0","17147.0","0.2616424560546875","0.6048510670661926","1.0","221.0","190.0","1.1920529801324504","0.2147167034584253","35.49874908020603","88.32829286239883","1.3790802545919547","5.915780215934305","['large_irregular_edge_region']","0.835267562089693","0.7989138783641409","0.779","0.779","0.8102945664496041","minimum","0.779","S4","O1","D2","Medium","Reinspect item and consider rework if defect is confirmed.","True","S4|O1|D2","False","[]","outputs/risk_patchcore_bottle/artefacts/bottle__test__contamination__008_heatmap_overlay.png","outputs/risk_patchcore_bottle/artefacts/bottle__test__contamination__008_mask.png","outputs/risk_patchcore_bottle/artefacts/bottle__test__contamination__008_annotated.png","simple_statistical_reference","0.42","minimum",""
"bottle__test__contamination__009","data/mvtec_anomaly_detection/bottle/test/contamination/009.png","ee3e214406dac4a5334c37423f86495f6f4440569a8b9c4b4d778f7c015e35fc","2026-06-08T16:41:48.347346+00:00","anomalib_patchcore","0.972096662872351","0.5","True","0.972096662872351","0.47209666287235097","0.8756747061014176","0.1189117431640625","1","[{'x': 83, 'y': 77, 'w': 100, 'h': 99, 'area_px': 7793, 'area_ratio': 0.1189117431640625, 'mean_heat': 0.6348326802253723, 'max_heat': 1.0, 'x2': 183, 'y2': 176, 'aspect_ratio': 1.0101010101010102}]","deformation","0.779","rules_constrained_taxonomy","83.0","77.0","100.0","99.0","7793.0","0.1189117431640625","0.6348326802253723","1.0","183.0","176.0","1.0101010101010102","0.11040404040404041","50.847373737373736","66.93010101010101","1.7458744869989218","1.7803187800039382","['large_irregular_edge_region']","0.972096662872351","0.8756747061014176","0.779","0.779","0.8948959101229832","minimum","0.779","S4","O1","D2","Medium","Reinspect item and consider rework if defect is confirmed.","True","S4|O1|D2","False","[]","outputs/risk_patchcore_bottle/artefacts/bottle__test__contamination__009_heatmap_overlay.png","outputs/risk_patchcore_bottle/artefacts/bottle__test__contamination__009_mask.png","outputs/risk_patchcore_bottle/artefacts/bottle__test__contamination__009_annotated.png","simple_statistical_reference","0.42","minimum",""
"bottle__test__contamination__010","data/mvtec_anomaly_detection/bottle/test/contamination/010.png","9cabee2946258e61422d092acdf82bdc9946d7b881dd8bfa4ed032b674be49fe","2026-06-08T16:41:48.395550+00:00","anomalib_patchcore","0.9938548791403632","0.5","True","0.9938548791403632","0.4938548791403632","0.8577280724048615","0.1646728515625","1","[{'x': 65, 'y': 72, 'w': 127, 'h': 120, 'area_px': 10792, 'area_ratio': 0.1646728515625, 'mean_heat': 0.5949512720108032, 'max_heat': 1.0, 'x2': 192, 'y2': 192, 'aspect_ratio': 1.0583333333333333}]","deformation","0.779","rules_constrained_taxonomy","65.0","72.0","127.0","120.0","10792.0","0.1646728515625","0.5949512720108032","1.0","192.0","192.0","1.0583333333333333","0.2129265091863517","40.87119422572179","77.81187664041995","1.8555113791565887","3.516640430744175","['large_irregular_edge_region']","0.9938548791403632","0.8577280724048615","0.779","0.779","0.8993031173346218","minimum","0.779","S4","O1","D2","Medium","Reinspect item and consider rework if defect is confirmed.","True","S4|O1|D2","False","[]","outputs/risk_patchcore_bottle/artefacts/bottle__test__contamination__010_heatmap_overlay.png","outputs/risk_patchcore_bottle/artefacts/bottle__test__contamination__010_mask.png","outputs/risk_patchcore_bottle/artefacts/bottle__test__contamination__010_annotated.png","simple_statistical_reference","0.42","minimum",""
"bottle__test__contamination__011","data/mvtec_anomaly_detection/bottle/test/contamination/011.png","29b03be4b7ff17a2e32446c60ea7d7c6dbffc2ffe091f17455fdc528fb337317","2026-06-08T16:41:48.443150+00:00","anomalib_patchcore","0.5771108366706383","0.5","True","0.5771108366706383","0.07711083667063834","0.8938356751203538","0.2945404052734375","1","[{'x': 60, 'y': 43, 'w': 165, 'h': 164, 'area_px': 19303, 'area_ratio': 0.2945404052734375, 'mean_heat': 0.6751903891563416, 'max_heat': 1.0, 'x2': 225, 'y2': 207, 'aspect_ratio': 1.0060975609756098}]","deformation","0.779","rules_constrained_taxonomy","60.0","43.0","165.0","164.0","19303.0","0.2945404052734375","0.6751903891563416","1.0","225.0","207.0","1.0060975609756098","0.19560236511456022","40.852771618625276","99.0820029563932","2.378032514880644","5.35326407859759","['large_irregular_edge_region']","0.5771108366706383","0.8938356751203538","0.779","0.5771108366706383","0.7226005790378933","minimum","0.5771108366706383","S4","O1","D2","Medium","Reinspect item and consider rework if defect is confirmed.","True","S4|O1|D2","True","['Fused confidence 0.577 is below operational threshold 0.600.']","outputs/risk_patchcore_bottle/artefacts/bottle__test__contamination__011_heatmap_overlay.png","outputs/risk_patchcore_bottle/artefacts/bottle__test__contamination__011_mask.png","outputs/risk_patchcore_bottle/artefacts/bottle__test__contamination__011_annotated.png","simple_statistical_reference","0.42","minimum",""
"bottle__test__contamination__012","data/mvtec_anomaly_detection/bottle/test/contamination/012.png","e3fbaab9071bb10ba574e33bd244f3ff61c5f7f8c50a6f13c714b1bde5a32e2c","2026-06-08T16:41:48.490549+00:00","anomalib_patchcore","0.4815814542304476","0.5","True","0.4815814542304476","0.018418545769552375","0.8803241008520126","0.3523406982421875","1","[{'x': 52, 'y': 37, 'w': 182, 'h': 195, 'area_px': 23091, 'area_ratio': 0.3523406982421875, 'mean_heat': 0.6451646685600281, 'max_heat': 1.0, 'x2': 234, 'y2': 232, 'aspect_ratio': 1.0714285714285714}]","deformation","0.779","rules_constrained_taxonomy","52.0","37.0","182.0","195.0","23091.0","0.3523406982421875","0.6451646685600281","1.0","234.0","232.0","1.0714285714285714","0.199549168779938","41.726965342349956","114.63282614821077","3.536841353647766","8.502675790608706","['large_irregular_edge_region']","0.4815814542304476","0.8803241008520126","0.779","0.4815814542304476","0.6755588846593052","minimum","0.4815814542304476","S4","O1","D3","High","Quarantine item or lot pending quality engineer review.","True","S4|O1|D3","True","['Fused confidence 0.482 is below operational threshold 0.600.', 'Anomaly score is close to the decision boundary; margin=0.018.']","outputs/risk_patchcore_bottle/artefacts/bottle__test__contamination__012_heatmap_overlay.png","outputs/risk_patchcore_bottle/artefacts/bottle__test__contamination__012_mask.png","outputs/risk_patchcore_bottle/artefacts/bottle__test__contamination__012_annotated.png","simple_statistical_reference","0.42","minimum",""
"bottle__test__contamination__013","data/mvtec_anomaly_detection/bottle/test/contamination/013.png","a8a05f265d400831973ae361c2773d5719f9469cc798bab1ec883274723d3165","2026-06-08T16:41:48.541689+00:00","anomalib_patchcore","1.0","0.5","True","1.0","0.5","0.9055864596366883","0.17816162109375","1","[{'x': 0, 'y': 72, 'w': 148, 'h': 103, 'area_px': 11676, 'area_ratio': 0.17816162109375, 'mean_heat': 0.701303243637085, 'max_heat': 1.0, 'x2': 148, 'y2': 175, 'aspect_ratio': 1.4368932038834952}]","deformation","0.779","rules_constrained_taxonomy","0.0","72.0","148.0","103.0","11676.0","0.17816162109375","0.701303243637085","1.0","148.0","175.0","1.4368932038834952","0.12017843085804251","44.02433744424036","93.16590133823144","0.16339149348857518","0.9479211138263111","['large_irregular_edge_region']","1.0","0.9055864596366883","0.779","0.779","0.9164259378910065","minimum","0.779","S4","O1","D2","Medium","Reinspect item and consider rework if defect is confirmed.","True","S4|O1|D2","False","[]","outputs/risk_patchcore_bottle/artefacts/bottle__test__contamination__013_heatmap_overlay.png","outputs/risk_patchcore_bottle/artefacts/bottle__test__contamination__013_mask.png","outputs/risk_patchcore_bottle/artefacts/bottle__test__contamination__013_annotated.png","simple_statistical_reference","0.42","minimum",""
"bottle__test__contamination__014","data/mvtec_anomaly_detection/bottle/test/contamination/014.png","503a4011f035f9a703bd435917d14118cb47ed4c4712b8f77f1f2dbb119c0d0a","2026-06-08T16:41:48.591624+00:00","anomalib_patchcore","1.0","0.5","True","1.0","0.5","0.8539614731073379","0.1066741943359375","1","[{'x': 81, 'y': 111, 'w': 68, 'h': 145, 'area_px': 6991, 'area_ratio': 0.1066741943359375, 'mean_heat': 0.5865810513496399, 'max_heat': 1.0, 'x2': 149, 'y2': 256, 'aspect_ratio': 2.1323529411764706}]","deformation","0.779","rules_constrained_taxonomy","81.0","111.0","68.0","145.0","6991.0","0.1066741943359375","0.5865810513496399","1.0","149.0","256.0","2.1323529411764706","0.14107505070993914","45.114807302231235","95.56521298174442","0.5689773227298645","0.0","['large_irregular_edge_region']","1.0","0.8539614731073379","0.779","0.779","0.9009384419322013","minimum","0.779","S4","O1","D2","Medium","Reinspect item and consider rework if defect is confirmed.","True","S4|O1|D2","False","[]","outputs/risk_patchcore_bottle/artefacts/bottle__test__contamination__014_heatmap_overlay.png","outputs/risk_patchcore_bottle/artefacts/bottle__test__contamination__014_mask.png","outputs/risk_patchcore_bottle/artefacts/bottle__test__contamination__014_annotated.png","simple_statistical_reference","0.42","minimum",""
"bottle__test__contamination__015","data/mvtec_anomaly_detection/bottle/test/contamination/015.png","1e8ba471a607de42e71890f010c0e7a620522f5c55abc8f64d52b290438c31be","2026-06-08T16:41:48.639492+00:00","anomalib_patchcore","0.8773205995713672","0.5","True","0.8773205995713672","0.3773205995713672","0.8659530931711197","0.1696624755859375","1","[{'x': 52, 'y': 50, 'w': 137, 'h': 124, 'area_px': 11119, 'area_ratio': 0.1696624755859375, 'mean_heat': 0.6132290959358215, 'max_heat': 1.0, 'x2': 189, 'y2': 174, 'aspect_ratio': 1.1048387096774193}]","deformation","0.779","rules_constrained_taxonomy","52.0","50.0","137.0","124.0","11119.0","0.1696624755859375","0.6132290959358215","1.0","189.0","174.0","1.1048387096774193","0.1555804097009654","47.949729220626324","70.04361902519426","2.527833795789725","4.301292272658216","['large_irregular_edge_region']","0.8773205995713672","0.8659530931711197","0.779","0.779","0.8493301977584511","minimum","0.779","S4","O1","D2","Medium","Reinspect item and consider rework if defect is confirmed.","True","S4|O1|D2","False","[]","outputs/risk_patchcore_bottle/artefacts/bottle__test__contamination__015_heatmap_overlay.png","outputs/risk_patchcore_bottle/artefacts/bottle__test__contamination__015_mask.png","outputs/risk_patchcore_bottle/artefacts/bottle__test__contamination__015_annotated.png","simple_statistical_reference","0.42","minimum",""
"bottle__test__contamination__016","data/mvtec_anomaly_detection/bottle/test/contamination/016.png","9693bc441d758ca05db5602c66243681697a4d273a9468508f4a9a9b3205c0c1","2026-06-08T16:41:48.688948+00:00","anomalib_patchcore","0.46638142401193483","0.5","True","0.46638142401193483","0.03361857598806517","0.88008227288723","0.3740997314453125","1","[{'x': 53, 'y': 45, 'w': 163, 'h': 198, 'area_px': 24517, 'area_ratio': 0.3740997314453125, 'mean_heat': 0.6446272730827332, 'max_heat': 1.0, 'x2': 216, 'y2': 243, 'aspect_ratio': 1.2147239263803682}]","deformation","0.779","rules_constrained_taxonomy","53.0","45.0","163.0","198.0","24517.0","0.3740997314453125","0.6446272730827332","1.0","216.0","243.0","1.2147239263803682","0.18888269195017662","40.94819359236537","103.34634690462912","3.334138352977284","10.528633516192684","['large_irregular_edge_region']","0.46638142401193483","0.88008227288723","0.779","0.46638142401193483","0.6686463226715397","minimum","0.46638142401193483","S4","O1","D3","High","Quarantine item or lot pending quality engineer review.","True","S4|O1|D3","True","['Fused confidence 0.466 is below operational threshold 0.600.', 'Anomaly score is close to the decision boundary; margin=0.034.']","outputs/risk_patchcore_bottle/artefacts/bottle__test__contamination__016_heatmap_overlay.png","outputs/risk_patchcore_bottle/artefacts/bottle__test__contamination__016_mask.png","outputs/risk_patchcore_bottle/artefacts/bottle__test__contamination__016_annotated.png","simple_statistical_reference","0.42","minimum",""
"bottle__test__contamination__017","data/mvtec_anomaly_detection/bottle/test/contamination/017.png","39353cd83649e95260e53e0ec2ac3985cc5d42732f721cc26f7027db616695c8","2026-06-08T16:41:48.737425+00:00","anomalib_patchcore","1.0","0.5","True","1.0","0.5","0.8973195427656173","0.2238922119140625","1","[{'x': 0, 'y': 10, 'w': 168, 'h': 138, 'area_px': 14673, 'area_ratio': 0.2238922119140625, 'mean_heat': 0.6829323172569275, 'max_heat': 1.0, 'x2': 168, 'y2': 148, 'aspect_ratio': 1.2173913043478262}]","deformation","0.779","rules_constrained_taxonomy","0.0","10.0","168.0","138.0","14673.0","0.2238922119140625","0.6829323172569275","1.0","168.0","148.0","1.2173913043478262","0.15148378191856451","30.13375603864734","119.78364389233954","0.19544435033565222","4.091319212737204","['large_irregular_edge_region']","1.0","0.8973195427656173","0.779","0.779","0.9139458628296852","minimum","0.779","S4","O1","D2","Medium","Reinspect item and consider rework if defect is confirmed.","True","S4|O1|D2","False","[]","outputs/risk_patchcore_bottle/artefacts/bottle__test__contamination__017_heatmap_overlay.png","outputs/risk_patchcore_bottle/artefacts/bottle__test__contamination__017_mask.png","outputs/risk_patchcore_bottle/artefacts/bottle__test__contamination__017_annotated.png","simple_statistical_reference","0.42","minimum",""
"bottle__test__contamination__018","data/mvtec_anomaly_detection/bottle/test/contamination/018.png","71c18397def5e402077a127a882dc3c871053b2796cf158aad1ff1a149a465dc","2026-06-08T16:41:48.783852+00:00","anomalib_patchcore","1.0","0.5","True","1.0","0.5","0.8879324012994767","0.0853424072265625","1","[{'x': 152, 'y': 73, 'w': 88, 'h': 85, 'area_px': 5593, 'area_ratio': 0.0853424072265625, 'mean_heat': 0.6620720028877258, 'max_heat': 1.0, 'x2': 240, 'y2': 158, 'aspect_ratio': 1.035294117647059}]","deformation","0.779","rules_constrained_taxonomy","152.0","73.0","88.0","85.0","5593.0","0.0853424072265625","0.6620720028877258","1.0","240.0","158.0","1.035294117647059","0.19157754010695188","39.26283422459893","94.16885026737968","2.2973924881175947","10.749276160647739","['large_irregular_edge_region']","1.0","0.8879324012994767","0.779","0.779","0.911129720389843","minimum","0.779","S4","O1","D2","Medium","Reinspect item and consider rework if defect is confirmed.","True","S4|O1|D2","False","[]","outputs/risk_patchcore_bottle/artefacts/bottle__test__contamination__018_heatmap_overlay.png","outputs/risk_patchcore_bottle/artefacts/bottle__test__contamination__018_mask.png","outputs/risk_patchcore_bottle/artefacts/bottle__test__contamination__018_annotated.png","simple_statistical_reference","0.42","minimum",""
"bottle__test__contamination__019","data/mvtec_anomaly_detection/bottle/test/contamination/019.png","883de514d58337d56397cd06cccf12e3954bdf3e2293833726c255d8f9071a3c","2026-06-08T16:41:48.829530+00:00","anomalib_patchcore","0.44127278187947766","0.5","True","0.44127278187947766","0.05872721812052234","0.6613692454099737","0.2286834716796875","3","[{'x': 124, 'y': 73, 'w': 109, 'h': 148, 'area_px': 10030, 'area_ratio': 0.153045654296875, 'mean_heat': 0.6088287830352783, 'max_heat': 1.0, 'x2': 233, 'y2': 221, 'aspect_ratio': 1.3577981651376148}, {'x': 37, 'y': 29, 'w': 123, 'h': 120, 'area_px': 4826, 'area_ratio': 0.073638916015625, 'mean_heat': 0.4678107798099518, 'max_heat': 0.5607843399047852, 'x2': 160, 'y2': 149, 'aspect_ratio': 1.025}, {'x': 55, 'y': 167, 'w': 14, 'h': 12, 'area_px': 131, 'area_ratio': 0.0019989013671875, 'mean_heat': 0.4289776682853699, 'max_heat': 0.43921568989753723, 'x2': 69, 'y2': 179, 'aspect_ratio': 1.1666666666666667}]","deformation","0.779","rules_constrained_taxonomy","124.0","73.0","109.0","148.0","10030.0","0.153045654296875","0.6088287830352783","1.0","233.0","221.0","1.3577981651376148","0.1725762459707414","42.77095214480536","91.50737664269775","3.1150497057809687","9.213940430472988","['large_irregular_edge_region']","0.44127278187947766","0.6613692454099737","0.779","0.44127278187947766","0.591733525468757","minimum","0.44127278187947766","S4","O1","D3","High","Quarantine item or lot pending quality engineer review.","True","S4|O1|D3","True","['Fused confidence 0.441 is below operational threshold 0.600.', 'Anomaly score is close to the decision boundary; margin=0.059.']","outputs/risk_patchcore_bottle/artefacts/bottle__test__contamination__019_heatmap_overlay.png","outputs/risk_patchcore_bottle/artefacts/bottle__test__contamination__019_mask.png","outputs/risk_patchcore_bottle/artefacts/bottle__test__contamination__019_annotated.png","simple_statistical_reference","0.42","minimum",""
"bottle__test__contamination__020","data/mvtec_anomaly_detection/bottle/test/contamination/020.png","19dd90eb49a90512b56e9174da1fdd6e8a2ef40e590bfb8d76b1ca854c82f16b","2026-06-08T16:41:48.875876+00:00","anomalib_patchcore","0.4634226265254232","0.5","True","0.4634226265254232","0.03657737347457679","0.8697921657562255","0.3977813720703125","1","[{'x': 39, 'y': 28, 'w': 184, 'h': 203, 'area_px': 26069, 'area_ratio': 0.3977813720703125, 'mean_heat': 0.621760368347168, 'max_heat': 1.0, 'x2': 223, 'y2': 231, 'aspect_ratio': 1.1032608695652173}]","deformation","0.779","rules_constrained_taxonomy","39.0","28.0","184.0","203.0","26069.0","0.3977813720703125","0.621760368347168","1.0","223.0","231.0","1.1032608695652173","0.20025701434996787","40.61801242236025","109.0288070250589","3.457395984004087","9.584526308274434","['large_irregular_edge_region']","0.4634226265254232","0.8697921657562255","0.779","0.4634226265254232","0.6642278316633081","minimum","0.4634226265254232","S4","O1","D3","High","Quarantine item or lot pending quality engineer review.","True","S4|O1|D3","True","['Fused confidence 0.463 is below operational threshold 0.600.', 'Anomaly score is close to the decision boundary; margin=0.037.']","outputs/risk_patchcore_bottle/artefacts/bottle__test__contamination__020_heatmap_overlay.png","outputs/risk_patchcore_bottle/artefacts/bottle__test__contamination__020_mask.png","outputs/risk_patchcore_bottle/artefacts/bottle__test__contamination__020_annotated.png","simple_statistical_reference","0.42","minimum",""
"bottle__test__good__000","data/mvtec_anomaly_detection/bottle/test/good/000.png","9e7bfe658efe9b6db2607a96405b4ac6880936eaf93b89c85bcd311122ceb57b","2026-06-08T16:41:48.922097+00:00","anomalib_patchcore","0.024512735720847174","0.5","False","0.9754872642791528","0.47548726427915283","0.9754872642791528","0.0","0","[]","normal","0.9754872642791528","detector_normal_decision","","","","","","","","","","","","","","","","","","0.9754872642791528","0.9754872642791528","0.9754872642791528","0.9754872642791528","0.9754872642791528","minimum","0.9754872642791528","S1","O1","D1","Low","Continue monitoring; no immediate intervention required.","True","S1|O1|D1","False","[]","outputs/risk_patchcore_bottle/artefacts/bottle__test__good__000_heatmap_overlay.png","outputs/risk_patchcore_bottle/artefacts/bottle__test__good__000_mask.png","outputs/risk_patchcore_bottle/artefacts/bottle__test__good__000_annotated.png","simple_statistical_reference","0.42","minimum","Image-level anomaly score did not exceed the calibrated threshold."
"bottle__test__good__001","data/mvtec_anomaly_detection/bottle/test/good/001.png","a45aba86ef3e1ef8dbd95ca56abeb63f576fcd2bbd040ba748a1410bb70d6d78","2026-06-08T16:41:48.969875+00:00","anomalib_patchcore","0.1575196159765159","0.5","False","0.8424803840234841","0.34248038402348413","0.8424803840234841","0.0","0","[]","normal","0.8424803840234841","detector_normal_decision","","","","","","","","","","","","","","","","","","0.8424803840234841","0.8424803840234841","0.8424803840234841","0.8424803840234841","0.8424803840234841","minimum","0.8424803840234841","S1","O1","D1","Low","Continue monitoring; no immediate intervention required.","True","S1|O1|D1","False","[]","outputs/risk_patchcore_bottle/artefacts/bottle__test__good__001_heatmap_overlay.png","outputs/risk_patchcore_bottle/artefacts/bottle__test__good__001_mask.png","outputs/risk_patchcore_bottle/artefacts/bottle__test__good__001_annotated.png","simple_statistical_reference","0.42","minimum","Image-level anomaly score did not exceed the calibrated threshold."
"bottle__test__good__002","data/mvtec_anomaly_detection/bottle/test/good/002.png","281e0b0dada22effec4fee5b09bef9a54feaef9d8d717aeb7947aa499ab9a1f8","2026-06-08T16:41:49.029022+00:00","anomalib_patchcore","0.06301990274931549","0.5","False","0.9369800972506845","0.43698009725068454","0.9369800972506845","0.0","0","[]","normal","0.9369800972506845","detector_normal_decision","","","","","","","","","","","","","","","","","","0.9369800972506845","0.9369800972506845","0.9369800972506845","0.9369800972506845","0.9369800972506845","minimum","0.9369800972506845","S1","O1","D1","Low","Continue monitoring; no immediate intervention required.","True","S1|O1|D1","False","[]","outputs/risk_patchcore_bottle/artefacts/bottle__test__good__002_heatmap_overlay.png","outputs/risk_patchcore_bottle/artefacts/bottle__test__good__002_mask.png","outputs/risk_patchcore_bottle/artefacts/bottle__test__good__002_annotated.png","simple_statistical_reference","0.42","minimum","Image-level anomaly score did not exceed the calibrated threshold."
"bottle__test__good__003","data/mvtec_anomaly_detection/bottle/test/good/003.png","08c6a6cbeecb25f84c1a8a6fbc1437228980076075058550eedd2f7e1d172978","2026-06-08T16:41:49.073308+00:00","anomalib_patchcore","0.010975573787687301","0.5","False","0.9890244262123127","0.4890244262123127","0.9890244262123127","0.0","0","[]","normal","0.9890244262123127","detector_normal_decision","","","","","","","","","","","","","","","","","","0.9890244262123127","0.9890244262123127","0.9890244262123127","0.9890244262123127","0.9890244262123127","minimum","0.9890244262123127","S1","O1","D1","Low","Continue monitoring; no immediate intervention required.","True","S1|O1|D1","False","[]","outputs/risk_patchcore_bottle/artefacts/bottle__test__good__003_heatmap_overlay.png","outputs/risk_patchcore_bottle/artefacts/bottle__test__good__003_mask.png","outputs/risk_patchcore_bottle/artefacts/bottle__test__good__003_annotated.png","simple_statistical_reference","0.42","minimum","Image-level anomaly score did not exceed the calibrated threshold."
"bottle__test__good__004","data/mvtec_anomaly_detection/bottle/test/good/004.png","22e8a84b84435aa6e67266529d6a2f3b7a29f89e4701fd0a969031e517a12dea","2026-06-08T16:41:49.117272+00:00","anomalib_patchcore","0.022872560888122683","0.5","False","0.9771274391118773","0.4771274391118773","0.9771274391118773","0.0","0","[]","normal","0.9771274391118773","detector_normal_decision","","","","","","","","","","","","","","","","","","0.9771274391118773","0.9771274391118773","0.9771274391118773","0.9771274391118773","0.9771274391118773","minimum","0.9771274391118773","S1","O1","D1","Low","Continue monitoring; no immediate intervention required.","True","S1|O1|D1","False","[]","outputs/risk_patchcore_bottle/artefacts/bottle__test__good__004_heatmap_overlay.png","outputs/risk_patchcore_bottle/artefacts/bottle__test__good__004_mask.png","outputs/risk_patchcore_bottle/artefacts/bottle__test__good__004_annotated.png","simple_statistical_reference","0.42","minimum","Image-level anomaly score did not exceed the calibrated threshold."
"bottle__test__good__005","data/mvtec_anomaly_detection/bottle/test/good/005.png","fa1fb2fa7dbdebe55fa61b1aec5563c769d10ceaa96e8a822fd544a748429807","2026-06-08T16:41:49.161663+00:00","anomalib_patchcore","0.0","0.5","False","1.0","0.5","1.0","0.0","0","[]","normal","1.0","detector_normal_decision","","","","","","","","","","","","","","","","","","1.0","1.0","1.0","1.0","1.0","minimum","1.0","S1","O1","D1","Low","Continue monitoring; no immediate intervention required.","True","S1|O1|D1","False","[]","outputs/risk_patchcore_bottle/artefacts/bottle__test__good__005_heatmap_overlay.png","outputs/risk_patchcore_bottle/artefacts/bottle__test__good__005_mask.png","outputs/risk_patchcore_bottle/artefacts/bottle__test__good__005_annotated.png","simple_statistical_reference","0.42","minimum","Image-level anomaly score did not exceed the calibrated threshold."
"bottle__test__good__006","data/mvtec_anomaly_detection/bottle/test/good/006.png","cb8b1201fa027fada3209cde87514b778231e5d0923c5517d40e78b2e0423e35","2026-06-08T16:41:49.206931+00:00","anomalib_patchcore","0.09411011765039827","0.5","False","0.9058898823496018","0.4058898823496017","0.9058898823496018","0.0","0","[]","normal","0.9058898823496018","detector_normal_decision","","","","","","","","","","","","","","","","","","0.9058898823496018","0.9058898823496018","0.9058898823496018","0.9058898823496018","0.9058898823496018","minimum","0.9058898823496018","S1","O1","D1","Low","Continue monitoring; no immediate intervention required.","True","S1|O1|D1","False","[]","outputs/risk_patchcore_bottle/artefacts/bottle__test__good__006_heatmap_overlay.png","outputs/risk_patchcore_bottle/artefacts/bottle__test__good__006_mask.png","outputs/risk_patchcore_bottle/artefacts/bottle__test__good__006_annotated.png","simple_statistical_reference","0.42","minimum","Image-level anomaly score did not exceed the calibrated threshold."
"bottle__test__good__007","data/mvtec_anomaly_detection/bottle/test/good/007.png","7d3036445dcce53d746e8e1804eca5e2acaa2646c85eb574782c74a940a72921","2026-06-08T16:41:49.251853+00:00","anomalib_patchcore","0.11628502119028859","0.5","False","0.8837149788097114","0.3837149788097114","0.8837149788097114","0.0","0","[]","normal","0.8837149788097114","detector_normal_decision","","","","","","","","","","","","","","","","","","0.8837149788097114","0.8837149788097114","0.8837149788097114","0.8837149788097114","0.8837149788097114","minimum","0.8837149788097114","S1","O1","D1","Low","Continue monitoring; no immediate intervention required.","True","S1|O1|D1","False","[]","outputs/risk_patchcore_bottle/artefacts/bottle__test__good__007_heatmap_overlay.png","outputs/risk_patchcore_bottle/artefacts/bottle__test__good__007_mask.png","outputs/risk_patchcore_bottle/artefacts/bottle__test__good__007_annotated.png","simple_statistical_reference","0.42","minimum","Image-level anomaly score did not exceed the calibrated threshold."
"bottle__test__good__008","data/mvtec_anomaly_detection/bottle/test/good/008.png","c87eba626d55a28bcf5d046f8c1f5abf543d9eb9dd6c647181a26a29a58582b7","2026-06-08T16:41:49.294792+00:00","anomalib_patchcore","0.042982360238823826","0.5","False","0.9570176397611762","0.45701763976117615","0.9570176397611762","0.0","0","[]","normal","0.9570176397611762","detector_normal_decision","","","","","","","","","","","","","","","","","","0.9570176397611762","0.9570176397611762","0.9570176397611762","0.9570176397611762","0.957017639761176","minimum","0.9570176397611762","S1","O1","D1","Low","Continue monitoring; no immediate intervention required.","True","S1|O1|D1","False","[]","outputs/risk_patchcore_bottle/artefacts/bottle__test__good__008_heatmap_overlay.png","outputs/risk_patchcore_bottle/artefacts/bottle__test__good__008_mask.png","outputs/risk_patchcore_bottle/artefacts/bottle__test__good__008_annotated.png","simple_statistical_reference","0.42","minimum","Image-level anomaly score did not exceed the calibrated threshold."
"bottle__test__good__009","data/mvtec_anomaly_detection/bottle/test/good/009.png","b093faf3767345a4a75ed355d62e8461590fe94778df733e6acbeff2353f9f6b","2026-06-08T16:41:49.338052+00:00","anomalib_patchcore","0.16132431745375617","0.5","False","0.8386756825462438","0.3386756825462438","0.8386756825462438","0.0","0","[]","normal","0.8386756825462438","detector_normal_decision","","","","","","","","","","","","","","","","","","0.8386756825462438","0.8386756825462438","0.8386756825462438","0.8386756825462438","0.8386756825462438","minimum","0.8386756825462438","S1","O1","D1","Low","Continue monitoring; no immediate intervention required.","True","S1|O1|D1","False","[]","outputs/risk_patchcore_bottle/artefacts/bottle__test__good__009_heatmap_overlay.png","outputs/risk_patchcore_bottle/artefacts/bottle__test__good__009_mask.png","outputs/risk_patchcore_bottle/artefacts/bottle__test__good__009_annotated.png","simple_statistical_reference","0.42","minimum","Image-level anomaly score did not exceed the calibrated threshold."
"bottle__test__good__010","data/mvtec_anomaly_detection/bottle/test/good/010.png","b31ddd1a297e85ad505f8d8b1b2df94452ab22a5d5482f500db920635356f963","2026-06-08T16:41:49.381928+00:00","anomalib_patchcore","0.06636452589053136","0.5","False","0.9336354741094687","0.4336354741094686","0.9336354741094687","0.0","0","[]","normal","0.9336354741094687","detector_normal_decision","","","","","","","","","","","","","","","","","","0.9336354741094687","0.9336354741094687","0.9336354741094687","0.9336354741094687","0.9336354741094687","minimum","0.9336354741094687","S1","O1","D1","Low","Continue monitoring; no immediate intervention required.","True","S1|O1|D1","False","[]","outputs/risk_patchcore_bottle/artefacts/bottle__test__good__010_heatmap_overlay.png","outputs/risk_patchcore_bottle/artefacts/bottle__test__good__010_mask.png","outputs/risk_patchcore_bottle/artefacts/bottle__test__good__010_annotated.png","simple_statistical_reference","0.42","minimum","Image-level anomaly score did not exceed the calibrated threshold."
"bottle__test__good__011","data/mvtec_anomaly_detection/bottle/test/good/011.png","17033f7fb5f93eee444224d7dd9482a6444c526e0f68591a21b12b4d356cbb8a","2026-06-08T16:41:49.425544+00:00","anomalib_patchcore","6.427347576690379e-05","0.5","False","0.9999357265242331","0.49993572652423307","0.9999357265242331","0.0","0","[]","normal","0.9999357265242331","detector_normal_decision","","","","","","","","","","","","","","","","","","0.9999357265242331","0.9999357265242331","0.9999357265242331","0.9999357265242331","0.9999357265242331","minimum","0.9999357265242331","S1","O1","D1","Low","Continue monitoring; no immediate intervention required.","True","S1|O1|D1","False","[]","outputs/risk_patchcore_bottle/artefacts/bottle__test__good__011_heatmap_overlay.png","outputs/risk_patchcore_bottle/artefacts/bottle__test__good__011_mask.png","outputs/risk_patchcore_bottle/artefacts/bottle__test__good__011_annotated.png","simple_statistical_reference","0.42","minimum","Image-level anomaly score did not exceed the calibrated threshold."
"bottle__test__good__012","data/mvtec_anomaly_detection/bottle/test/good/012.png","12b90fbbb65590d8b1f48d1a5ffff440c45af785b26f23cebd20ad0b86d4ad50","2026-06-08T16:41:49.484773+00:00","anomalib_patchcore","0.03934667693563878","0.5","False","0.9606533230643612","0.46065332306436124","0.9606533230643612","0.0","0","[]","normal","0.9606533230643612","detector_normal_decision","","","","","","","","","","","","","","","","","","0.9606533230643612","0.9606533230643612","0.9606533230643612","0.9606533230643612","0.9606533230643612","minimum","0.9606533230643612","S1","O1","D1","Low","Continue monitoring; no immediate intervention required.","True","S1|O1|D1","False","[]","outputs/risk_patchcore_bottle/artefacts/bottle__test__good__012_heatmap_overlay.png","outputs/risk_patchcore_bottle/artefacts/bottle__test__good__012_mask.png","outputs/risk_patchcore_bottle/artefacts/bottle__test__good__012_annotated.png","simple_statistical_reference","0.42","minimum","Image-level anomaly score did not exceed the calibrated threshold."
"bottle__test__good__013","data/mvtec_anomaly_detection/bottle/test/good/013.png","f1b83b016bd73e9490a17f052da9eae96797d6dfb11c328b6ddea5eb9af7ba73","2026-06-08T16:41:49.533116+00:00","anomalib_patchcore","0.002103173010373717","0.5","False","0.9978968269896262","0.4978968269896263","0.9978968269896262","0.0","0","[]","normal","0.9978968269896262","detector_normal_decision","","","","","","","","","","","","","","","","","","0.9978968269896262","0.9978968269896262","0.9978968269896262","0.9978968269896262","0.9978968269896262","minimum","0.9978968269896262","S1","O1","D1","Low","Continue monitoring; no immediate intervention required.","True","S1|O1|D1","False","[]","outputs/risk_patchcore_bottle/artefacts/bottle__test__good__013_heatmap_overlay.png","outputs/risk_patchcore_bottle/artefacts/bottle__test__good__013_mask.png","outputs/risk_patchcore_bottle/artefacts/bottle__test__good__013_annotated.png","simple_statistical_reference","0.42","minimum","Image-level anomaly score did not exceed the calibrated threshold."
"bottle__test__good__014","data/mvtec_anomaly_detection/bottle/test/good/014.png","a71581c613032a4db9ac7fc3e5f1b73cf0015015ee6f5a08b2f92495e4c3e3e8","2026-06-08T16:41:49.577480+00:00","anomalib_patchcore","0.01930551234313151","0.5","False","0.9806944876568685","0.4806944876568685","0.9806944876568685","0.0","0","[]","normal","0.9806944876568685","detector_normal_decision","","","","","","","","","","","","","","","","","","0.9806944876568685","0.9806944876568685","0.9806944876568685","0.9806944876568685","0.9806944876568685","minimum","0.9806944876568685","S1","O1","D1","Low","Continue monitoring; no immediate intervention required.","True","S1|O1|D1","False","[]","outputs/risk_patchcore_bottle/artefacts/bottle__test__good__014_heatmap_overlay.png","outputs/risk_patchcore_bottle/artefacts/bottle__test__good__014_mask.png","outputs/risk_patchcore_bottle/artefacts/bottle__test__good__014_annotated.png","simple_statistical_reference","0.42","minimum","Image-level anomaly score did not exceed the calibrated threshold."
"bottle__test__good__015","data/mvtec_anomaly_detection/bottle/test/good/015.png","179aecaca86a1964bdc3075782bb36dcd1c7b25266077711a157d2dd565cfffc","2026-06-08T16:41:49.621285+00:00","anomalib_patchcore","0.11611921853802273","0.5","False","0.8838807814619772","0.38388078146197724","0.8838807814619772","0.0","0","[]","normal","0.8838807814619772","detector_normal_decision","","","","","","","","","","","","","","","","","","0.8838807814619772","0.8838807814619772","0.8838807814619772","0.8838807814619772","0.8838807814619772","minimum","0.8838807814619772","S1","O1","D1","Low","Continue monitoring; no immediate intervention required.","True","S1|O1|D1","False","[]","outputs/risk_patchcore_bottle/artefacts/bottle__test__good__015_heatmap_overlay.png","outputs/risk_patchcore_bottle/artefacts/bottle__test__good__015_mask.png","outputs/risk_patchcore_bottle/artefacts/bottle__test__good__015_annotated.png","simple_statistical_reference","0.42","minimum","Image-level anomaly score did not exceed the calibrated threshold."
"bottle__test__good__016","data/mvtec_anomaly_detection/bottle/test/good/016.png","5ff7596e9a7fec2b34166dba196022c09282d9b45df671aac6759bbc2995e561","2026-06-08T16:41:49.664120+00:00","anomalib_patchcore","0.11096299998869023","0.5","False","0.8890370000113098","0.38903700001130975","0.8890370000113098","0.0","0","[]","normal","0.8890370000113098","detector_normal_decision","","","","","","","","","","","","","","","","","","0.8890370000113098","0.8890370000113098","0.8890370000113098","0.8890370000113098","0.8890370000113098","minimum","0.8890370000113098","S1","O1","D1","Low","Continue monitoring; no immediate intervention required.","True","S1|O1|D1","False","[]","outputs/risk_patchcore_bottle/artefacts/bottle__test__good__016_heatmap_overlay.png","outputs/risk_patchcore_bottle/artefacts/bottle__test__good__016_mask.png","outputs/risk_patchcore_bottle/artefacts/bottle__test__good__016_annotated.png","simple_statistical_reference","0.42","minimum","Image-level anomaly score did not exceed the calibrated threshold."
"bottle__test__good__017","data/mvtec_anomaly_detection/bottle/test/good/017.png","ac516a2650e86145083c3a5c5b6c13b44062b4ec8daec52ee7fc81fe2fec6d4d","2026-06-08T16:41:49.708770+00:00","anomalib_patchcore","0.05008012562858831","0.5","False","0.9499198743714117","0.4499198743714117","0.9499198743714117","0.0","0","[]","normal","0.9499198743714117","detector_normal_decision","","","","","","","","","","","","","","","","","","0.9499198743714117","0.9499198743714117","0.9499198743714117","0.9499198743714117","0.9499198743714117","minimum","0.9499198743714117","S1","O1","D1","Low","Continue monitoring; no immediate intervention required.","True","S1|O1|D1","False","[]","outputs/risk_patchcore_bottle/artefacts/bottle__test__good__017_heatmap_overlay.png","outputs/risk_patchcore_bottle/artefacts/bottle__test__good__017_mask.png","outputs/risk_patchcore_bottle/artefacts/bottle__test__good__017_annotated.png","simple_statistical_reference","0.42","minimum","Image-level anomaly score did not exceed the calibrated threshold."
"bottle__test__good__018","data/mvtec_anomaly_detection/bottle/test/good/018.png","4f0c476b10508c8f163cba4a93f6272126e4b55b59df9d7ace36247ab72709df","2026-06-08T16:41:49.754708+00:00","anomalib_patchcore","0.042500401570623465","0.5","False","0.9574995984293765","0.45749959842937654","0.9574995984293765","0.0","0","[]","normal","0.9574995984293765","detector_normal_decision","","","","","","","","","","","","","","","","","","0.9574995984293765","0.9574995984293765","0.9574995984293765","0.9574995984293765","0.9574995984293765","minimum","0.9574995984293765","S1","O1","D1","Low","Continue monitoring; no immediate intervention required.","True","S1|O1|D1","False","[]","outputs/risk_patchcore_bottle/artefacts/bottle__test__good__018_heatmap_overlay.png","outputs/risk_patchcore_bottle/artefacts/bottle__test__good__018_mask.png","outputs/risk_patchcore_bottle/artefacts/bottle__test__good__018_annotated.png","simple_statistical_reference","0.42","minimum","Image-level anomaly score did not exceed the calibrated threshold."
"bottle__test__good__019","data/mvtec_anomaly_detection/bottle/test/good/019.png","44ef90ec530671e4c8125bf67b05b5f6b25a7bf24ee0d4d29dffc9af06f162dd","2026-06-08T16:41:49.798820+00:00","anomalib_patchcore","0.09801856590537156","0.5","False","0.9019814340946284","0.40198143409462844","0.9019814340946284","0.0","0","[]","normal","0.9019814340946284","detector_normal_decision","","","","","","","","","","","","","","","","","","0.9019814340946284","0.9019814340946284","0.9019814340946284","0.9019814340946284","0.9019814340946284","minimum","0.9019814340946284","S1","O1","D1","Low","Continue monitoring; no immediate intervention required.","True","S1|O1|D1","False","[]","outputs/risk_patchcore_bottle/artefacts/bottle__test__good__019_heatmap_overlay.png","outputs/risk_patchcore_bottle/artefacts/bottle__test__good__019_mask.png","outputs/risk_patchcore_bottle/artefacts/bottle__test__good__019_annotated.png","simple_statistical_reference","0.42","minimum","Image-level anomaly score did not exceed the calibrated threshold."
