"image_id","image_path","image_sha256","created_utc","detection.detector_name","detection.image_score","detection.threshold","detection.is_anomalous","detection.confidence","detection.score_margin","localisation.confidence","localisation.mask_area_ratio","localisation.component_count","localisation.boxes","semantic.label","semantic.confidence","semantic.method","semantic.evidence.selected_box.x","semantic.evidence.selected_box.y","semantic.evidence.selected_box.w","semantic.evidence.selected_box.h","semantic.evidence.selected_box.area_px","semantic.evidence.selected_box.area_ratio","semantic.evidence.selected_box.mean_heat","semantic.evidence.selected_box.max_heat","semantic.evidence.selected_box.x2","semantic.evidence.selected_box.y2","semantic.evidence.selected_box.aspect_ratio","semantic.evidence.edge_density","semantic.evidence.mean_saturation","semantic.evidence.mean_value","semantic.evidence.saturation_contrast","semantic.evidence.dark_contrast","semantic.evidence.rules","confidence.components.anomaly","confidence.components.localisation","confidence.components.semantic","confidence.fusion.minimum","confidence.fusion.weighted_average","confidence.fusion.preferred_strategy","confidence.fusion.preferred","risk.severity","risk.occurrence","risk.detection","risk.risk_class","risk.action","risk.mapped","risk.rpm_lookup_key","review.requires_review","review.reasons","artefacts.heatmap_overlay","artefacts.mask","artefacts.annotated","config_summary.detector","config_summary.localisation_threshold","config_summary.fusion_preferred_strategy","semantic.evidence.reason"
"capsule__test__crack__000","data/mvtec_anomaly_detection/capsule/test/crack/000.png","6462a533da731a19e4df05fc1815719b94603aee341a2ac620add75ec2334ef4","2026-06-08T23:17:36.391805+00:00","anomalib_padim","0.5562802432222254","0.5","True","0.5562802432222254","0.05628024322222536","0.6626177502809988","0.0119476318359375","2","[{'x': 85, 'y': 53, 'w': 24, 'h': 25, 'area_px': 482, 'area_ratio': 0.007354736328125, 'mean_heat': 0.6308600306510925, 'max_heat': 1.0, 'x2': 109, 'y2': 78, 'aspect_ratio': 1.0416666666666667}, {'x': 197, 'y': 149, 'w': 29, 'h': 13, 'area_px': 301, 'area_ratio': 0.0045928955078125, 'mean_heat': 0.5296984910964966, 'max_heat': 0.6705882549285889, 'x2': 226, 'y2': 162, 'aspect_ratio': 2.230769230769231}]","unknown","0.5774999999999999","rules_constrained_taxonomy","85.0","53.0","24.0","25.0","482.0","0.007354736328125","0.6308600306510925","1.0","109.0","78.0","1.0416666666666667","0.045","6.023333333333333","200.65333333333334","0.8102032520325206","0.0","['features|aspect=1.042|area=0.0074|dark_contrast=0.00|sat_contrast=0.81|edge_density=0.0450|flags=elongated:0_thin:1_dark:0_saturated:0_large:0_edge:0', 'no_rule_matched_confidently']","0.5562802432222254","0.6626177502809988","0.5774999999999999","0.5562802432222254","0.593486434534301","minimum","0.5562802432222254","S3","O3","D2","High","Quarantine item or lot pending quality engineer review.","True","S3|O3|D2","True","['Fused confidence 0.556 is below operational threshold 0.600.', 'Semantic label is unknown or not confidently mapped to the taxonomy.', 'Anomaly score is close to the decision boundary; margin=0.056.']","outputs/risk_padim_capsule_semantic_v3/artefacts/capsule__test__crack__000_heatmap_overlay.png","outputs/risk_padim_capsule_semantic_v3/artefacts/capsule__test__crack__000_mask.png","outputs/risk_padim_capsule_semantic_v3/artefacts/capsule__test__crack__000_annotated.png","simple_statistical_reference","0.42","minimum",""
"capsule__test__crack__001","data/mvtec_anomaly_detection/capsule/test/crack/001.png","dd07c258e465acf0dc3770da851f3671fb4721df60bc460e053a95b9b21acccb","2026-06-08T23:17:36.443518+00:00","anomalib_padim","1.0","0.5","True","1.0","0.5","0.736507846516445","0.0465240478515625","3","[{'x': 19, 'y': 103, 'w': 63, 'h': 64, 'area_px': 2648, 'area_ratio': 0.0404052734375, 'mean_heat': 0.6581615209579468, 'max_heat': 1.0, 'x2': 82, 'y2': 167, 'aspect_ratio': 1.0158730158730158}, {'x': 100, 'y': 138, 'w': 21, 'h': 18, 'area_px': 286, 'area_ratio': 0.004364013671875, 'mean_heat': 0.4466474950313568, 'max_heat': 0.47843137383461, 'x2': 121, 'y2': 156, 'aspect_ratio': 1.1666666666666667}, {'x': 126, 'y': 61, 'w': 12, 'h': 12, 'area_px': 115, 'area_ratio': 0.0017547607421875, 'mean_heat': 0.5096675157546997, 'max_heat': 0.6078431606292725, 'x2': 138, 'y2': 73, 'aspect_ratio': 1.0}]","surface_defect","0.753","rules_constrained_taxonomy","19.0","103.0","63.0","64.0","2648.0","0.0404052734375","0.6581615209579468","1.0","82.0","167.0","1.0158730158730158","0.13194444444444445","33.461309523809526","90.25","5.167480409885474","9.717879746835436","['features|aspect=1.016|area=0.0404|dark_contrast=9.72|sat_contrast=5.17|edge_density=0.1319|flags=elongated:0_thin:0_dark:0_saturated:0_large:0_edge:1', 'high_heat_moderate_area_surface_defect_fallback']","1.0","0.736507846516445","0.753","0.736507846516445","0.8592023539549335","minimum","0.736507846516445","S3","O2","D2","High","Quarantine item or lot pending quality engineer review.","True","S3|O2|D2","False","[]","outputs/risk_padim_capsule_semantic_v3/artefacts/capsule__test__crack__001_heatmap_overlay.png","outputs/risk_padim_capsule_semantic_v3/artefacts/capsule__test__crack__001_mask.png","outputs/risk_padim_capsule_semantic_v3/artefacts/capsule__test__crack__001_annotated.png","simple_statistical_reference","0.42","minimum",""
"capsule__test__crack__002","data/mvtec_anomaly_detection/capsule/test/crack/002.png","d7ff9e57c30e59fb1d5ec8885de04b14e6ebb20321e7a68398389dc7e28f2e2e","2026-06-08T23:17:36.494020+00:00","anomalib_padim","0.5320340205468417","0.5","True","0.5320340205468417","0.03203402054684168","0.5582357773056699","0.0268402099609375","5","[{'x': 19, 'y': 106, 'w': 35, 'h': 30, 'area_px': 796, 'area_ratio': 0.01214599609375, 'mean_heat': 0.6565967202186584, 'max_heat': 0.9960784316062927, 'x2': 54, 'y2': 136, 'aspect_ratio': 1.1666666666666667}, {'x': 102, 'y': 55, 'w': 24, 'h': 23, 'area_px': 428, 'area_ratio': 0.00653076171875, 'mean_heat': 0.6292193531990051, 'max_heat': 1.0, 'x2': 126, 'y2': 78, 'aspect_ratio': 1.0434782608695652}, {'x': 71, 'y': 106, 'w': 48, 'h': 12, 'area_px': 366, 'area_ratio': 0.005584716796875, 'mean_heat': 0.44028720259666443, 'max_heat': 0.4588235318660736, 'x2': 119, 'y2': 118, 'aspect_ratio': 4.0}, {'x': 229, 'y': 155, 'w': 12, 'h': 14, 'area_px': 128, 'area_ratio': 0.001953125, 'mean_heat': 0.5569546222686768, 'max_heat': 0.7254902124404907, 'x2': 241, 'y2': 169, 'aspect_ratio': 1.1666666666666667}, {'x': 146, 'y': 95, 'w': 7, 'h': 7, 'area_px': 41, 'area_ratio': 0.0006256103515625, 'mean_heat': 0.47183170914649963, 'max_heat': 0.5137255191802979, 'x2': 153, 'y2': 102, 'aspect_ratio': 1.0}]","unknown","0.5761274510622024","rules_constrained_taxonomy","19.0","106.0","35.0","30.0","796.0","0.01214599609375","0.6565967202186584","0.9960784316062927","54.0","136.0","1.1666666666666667","0.08857142857142856","22.88190476190476","58.55047619047619","1.467156253805868","17.23042747533796","['features|aspect=1.167|area=0.0121|dark_contrast=17.23|sat_contrast=1.47|edge_density=0.0886|flags=elongated:0_thin:1_dark:0_saturated:0_large:0_edge:1', 'no_rule_matched_confidently']","0.5320340205468417","0.5582357773056699","0.5761274510622024","0.5320340205468417","0.5509179052033303","minimum","0.5320340205468417","S3","O3","D3","Critical","Stop release or production path until authorised review is complete.","True","S3|O3|D3","True","['Fused confidence 0.532 is below operational threshold 0.600.', 'Semantic label is unknown or not confidently mapped to the taxonomy.', 'Anomaly score is close to the decision boundary; margin=0.032.', 'Critical risk class requires operator confirmation before release decision.']","outputs/risk_padim_capsule_semantic_v3/artefacts/capsule__test__crack__002_heatmap_overlay.png","outputs/risk_padim_capsule_semantic_v3/artefacts/capsule__test__crack__002_mask.png","outputs/risk_padim_capsule_semantic_v3/artefacts/capsule__test__crack__002_annotated.png","simple_statistical_reference","0.42","minimum",""
"capsule__test__crack__003","data/mvtec_anomaly_detection/capsule/test/crack/003.png","c53205f6aba7f10cf1302155ec173c4b5fc04a85cec9d5cf32bb464443f8bab3","2026-06-08T23:17:36.545744+00:00","anomalib_padim","0.9514691427930888","0.5","True","0.9514691427930888","0.4514691427930888","0.6840245874216838","0.007720947265625","2","[{'x': 217, 'y': 119, 'w': 21, 'h': 21, 'area_px': 352, 'area_ratio': 0.00537109375, 'mean_heat': 0.6413324475288391, 'max_heat': 1.0, 'x2': 238, 'y2': 140, 'aspect_ratio': 1.0}, {'x': 115, 'y': 58, 'w': 14, 'h': 15, 'area_px': 154, 'area_ratio': 0.002349853515625, 'mean_heat': 0.5015533566474915, 'max_heat': 0.6000000238418579, 'x2': 129, 'y2': 73, 'aspect_ratio': 1.0714285714285714}]","unknown","0.5774999999999999","rules_constrained_taxonomy","217.0","119.0","21.0","21.0","352.0","0.00537109375","0.6413324475288391","1.0","238.0","140.0","1.0","0.17006802721088435","141.53514739229024","117.41950113378685","16.10490634042756","4.553471839186116","['features|aspect=1.000|area=0.0054|dark_contrast=4.55|sat_contrast=16.10|edge_density=0.1701|flags=elongated:0_thin:1_dark:0_saturated:0_large:0_edge:1', 'no_rule_matched_confidently']","0.9514691427930888","0.6840245874216838","0.5774999999999999","0.5774999999999999","0.7777434904833951","minimum","0.5774999999999999","S3","O3","D2","High","Quarantine item or lot pending quality engineer review.","True","S3|O3|D2","True","['Fused confidence 0.577 is below operational threshold 0.600.', 'Semantic label is unknown or not confidently mapped to the taxonomy.']","outputs/risk_padim_capsule_semantic_v3/artefacts/capsule__test__crack__003_heatmap_overlay.png","outputs/risk_padim_capsule_semantic_v3/artefacts/capsule__test__crack__003_mask.png","outputs/risk_padim_capsule_semantic_v3/artefacts/capsule__test__crack__003_annotated.png","simple_statistical_reference","0.42","minimum",""
"capsule__test__crack__004","data/mvtec_anomaly_detection/capsule/test/crack/004.png","5f9a15491b9b942276e72deeaf4f89a5fe9be28a797177eaf6e09cceaed83cce","2026-06-08T23:17:36.617049+00:00","anomalib_padim","1.0","0.5","True","1.0","0.5","0.635813870668118","0.0276031494140625","3","[{'x': 229, 'y': 162, 'w': 27, 'h': 39, 'area_px': 852, 'area_ratio': 0.01300048828125, 'mean_heat': 0.7265764474868774, 'max_heat': 1.0, 'x2': 256, 'y2': 201, 'aspect_ratio': 1.4444444444444444}, {'x': 142, 'y': 88, 'w': 36, 'h': 21, 'area_px': 588, 'area_ratio': 0.00897216796875, 'mean_heat': 0.5835334658622742, 'max_heat': 0.8117647171020508, 'x2': 178, 'y2': 109, 'aspect_ratio': 1.7142857142857142}, {'x': 92, 'y': 187, 'w': 21, 'h': 22, 'area_px': 369, 'area_ratio': 0.0056304931640625, 'mean_heat': 0.6394175887107849, 'max_heat': 0.929411768913269, 'x2': 113, 'y2': 209, 'aspect_ratio': 1.0476190476190477}]","unknown","0.5774999999999999","rules_constrained_taxonomy","229.0","162.0","27.0","39.0","852.0","0.01300048828125","0.7265764474868774","1.0","256.0","201.0","1.4444444444444444","0.032288698955365625","9.27065527065527","205.01709401709402","1.926227846227846","0.0","['features|aspect=1.444|area=0.0130|dark_contrast=0.00|sat_contrast=1.93|edge_density=0.0323|flags=elongated:0_thin:1_dark:0_saturated:0_large:0_edge:0', 'no_rule_matched_confidently']","1.0","0.635813870668118","0.5774999999999999","0.5774999999999999","0.7851191612004353","minimum","0.5774999999999999","S3","O3","D2","High","Quarantine item or lot pending quality engineer review.","True","S3|O3|D2","True","['Fused confidence 0.577 is below operational threshold 0.600.', 'Semantic label is unknown or not confidently mapped to the taxonomy.']","outputs/risk_padim_capsule_semantic_v3/artefacts/capsule__test__crack__004_heatmap_overlay.png","outputs/risk_padim_capsule_semantic_v3/artefacts/capsule__test__crack__004_mask.png","outputs/risk_padim_capsule_semantic_v3/artefacts/capsule__test__crack__004_annotated.png","simple_statistical_reference","0.42","minimum",""
"capsule__test__crack__005","data/mvtec_anomaly_detection/capsule/test/crack/005.png","0b4b50fbd5d7a91d41ca2b30ecafc34a2877f3543456f3b9c0fafadc075fa9a7","2026-06-08T23:17:36.693829+00:00","anomalib_padim","0.25300762001632554","0.5","True","0.25300762001632554","0.24699237998367446","0.7493439217269797","0.0128021240234375","2","[{'x': 29, 'y': 95, 'w': 28, 'h': 34, 'area_px': 720, 'area_ratio': 0.010986328125, 'mean_heat': 0.6339378952980042, 'max_heat': 1.0, 'x2': 57, 'y2': 129, 'aspect_ratio': 1.2142857142857142}, {'x': 55, 'y': 137, 'w': 10, 'h': 14, 'area_px': 119, 'area_ratio': 0.0018157958984375, 'mean_heat': 0.5323447585105896, 'max_heat': 0.6470588445663452, 'x2': 65, 'y2': 151, 'aspect_ratio': 1.4}]","crack","0.883","rules_constrained_taxonomy","29.0","95.0","28.0","34.0","720.0","0.010986328125","0.6339378952980042","1.0","57.0","129.0","1.2142857142857142","0.08823529411764706","25.967436974789916","52.95168067226891","3.9269824293353714","19.161046600458363","['features|aspect=1.214|area=0.0110|dark_contrast=19.16|sat_contrast=3.93|edge_density=0.0882|flags=elongated:0_thin:1_dark:1_saturated:0_large:0_edge:1', 'dark_edge_rich_crack_like_region']","0.25300762001632554","0.7493439217269797","0.883","0.25300762001632554","0.5594066055254404","minimum","0.25300762001632554","S4","O2","D3","Critical","Stop release or production path until authorised review is complete.","True","S4|O2|D3","True","['Fused confidence 0.253 is below operational threshold 0.600.', 'Critical risk class requires operator confirmation before release decision.']","outputs/risk_padim_capsule_semantic_v3/artefacts/capsule__test__crack__005_heatmap_overlay.png","outputs/risk_padim_capsule_semantic_v3/artefacts/capsule__test__crack__005_mask.png","outputs/risk_padim_capsule_semantic_v3/artefacts/capsule__test__crack__005_annotated.png","simple_statistical_reference","0.42","minimum",""
"capsule__test__crack__006","data/mvtec_anomaly_detection/capsule/test/crack/006.png","d63295f7073046911ab3d84d5d38ca12adbb0de33951a05d03578da9e0163904","2026-06-08T23:17:36.753763+00:00","anomalib_padim","0.5359995040442381","0.5","True","0.5359995040442381","0.03599950404423813","0.8489507257938385","0.0154876708984375","1","[{'x': 150, 'y': 146, 'w': 53, 'h': 25, 'area_px': 1015, 'area_ratio': 0.0154876708984375, 'mean_heat': 0.6428242921829224, 'max_heat': 1.0, 'x2': 203, 'y2': 171, 'aspect_ratio': 2.12}]","unknown","0.5774999999999999","rules_constrained_taxonomy","150.0","146.0","53.0","25.0","1015.0","0.0154876708984375","0.6428242921829224","1.0","203.0","171.0","2.12","0.11622641509433962","93.09056603773585","121.22641509433963","5.299473778987178","8.719855672715866","['features|aspect=2.120|area=0.0155|dark_contrast=8.72|sat_contrast=5.30|edge_density=0.1162|flags=elongated:0_thin:1_dark:0_saturated:0_large:0_edge:1', 'no_rule_matched_confidently']","0.5359995040442381","0.8489507257938385","0.5774999999999999","0.5359995040442381","0.6402599945580587","minimum","0.5359995040442381","S3","O3","D3","Critical","Stop release or production path until authorised review is complete.","True","S3|O3|D3","True","['Fused confidence 0.536 is below operational threshold 0.600.', 'Semantic label is unknown or not confidently mapped to the taxonomy.', 'Anomaly score is close to the decision boundary; margin=0.036.', 'Critical risk class requires operator confirmation before release decision.']","outputs/risk_padim_capsule_semantic_v3/artefacts/capsule__test__crack__006_heatmap_overlay.png","outputs/risk_padim_capsule_semantic_v3/artefacts/capsule__test__crack__006_mask.png","outputs/risk_padim_capsule_semantic_v3/artefacts/capsule__test__crack__006_annotated.png","simple_statistical_reference","0.42","minimum",""
"capsule__test__crack__007","data/mvtec_anomaly_detection/capsule/test/crack/007.png","de3bf8155e2b6e153688ef71bbb5bdcc0f390e20e48dd60aa36cedad5b37717d","2026-06-08T23:17:36.807956+00:00","anomalib_padim","0.7655929351431257","0.5","True","0.7655929351431257","0.26559293514312565","0.7164693614709723","0.014007568359375","2","[{'x': 217, 'y': 130, 'w': 28, 'h': 33, 'area_px': 672, 'area_ratio': 0.01025390625, 'mean_heat': 0.6636379957199097, 'max_heat': 1.0, 'x2': 245, 'y2': 163, 'aspect_ratio': 1.1785714285714286}, {'x': 161, 'y': 226, 'w': 17, 'h': 18, 'area_px': 246, 'area_ratio': 0.003753662109375, 'mean_heat': 0.5494022369384766, 'max_heat': 0.7254902124404907, 'x2': 178, 'y2': 244, 'aspect_ratio': 1.0588235294117647}]","unknown","0.5774999999999999","rules_constrained_taxonomy","217.0","130.0","28.0","33.0","672.0","0.01025390625","0.6636379957199097","1.0","245.0","163.0","1.1785714285714286","0.14393939393939395","74.69913419913419","133.732683982684","3.952844774273345","10.914347557204678","['features|aspect=1.179|area=0.0103|dark_contrast=10.91|sat_contrast=3.95|edge_density=0.1439|flags=elongated:0_thin:1_dark:0_saturated:0_large:0_edge:1', 'no_rule_matched_confidently']","0.7655929351431257","0.7164693614709723","0.5774999999999999","0.5774999999999999","0.7038326292556982","minimum","0.5774999999999999","S3","O3","D2","High","Quarantine item or lot pending quality engineer review.","True","S3|O3|D2","True","['Fused confidence 0.577 is below operational threshold 0.600.', 'Semantic label is unknown or not confidently mapped to the taxonomy.']","outputs/risk_padim_capsule_semantic_v3/artefacts/capsule__test__crack__007_heatmap_overlay.png","outputs/risk_padim_capsule_semantic_v3/artefacts/capsule__test__crack__007_mask.png","outputs/risk_padim_capsule_semantic_v3/artefacts/capsule__test__crack__007_annotated.png","simple_statistical_reference","0.42","minimum",""
"capsule__test__crack__008","data/mvtec_anomaly_detection/capsule/test/crack/008.png","b53477da88bffb2f380a5616b50020f98db5fc1040ff26bbe3d5e25490f5e2e1","2026-06-08T23:17:36.857965+00:00","anomalib_padim","0.3351373174941238","0.5","True","0.3351373174941238","0.1648626825058762","0.7280505219365319","0.00848388671875","2","[{'x': 203, 'y': 209, 'w': 21, 'h': 29, 'area_px': 465, 'area_ratio': 0.0070953369140625, 'mean_heat': 0.6302087306976318, 'max_heat': 1.0, 'x2': 224, 'y2': 238, 'aspect_ratio': 1.380952380952381}, {'x': 70, 'y': 198, 'w': 10, 'h': 12, 'area_px': 91, 'area_ratio': 0.0013885498046875, 'mean_heat': 0.4873949885368347, 'max_heat': 0.5647059082984924, 'x2': 80, 'y2': 210, 'aspect_ratio': 1.2}]","unknown","0.5774999999999999","rules_constrained_taxonomy","203.0","209.0","21.0","29.0","465.0","0.0070953369140625","0.6302087306976318","1.0","224.0","238.0","1.380952380952381","0.014778325123152709","6.58128078817734","209.6847290640394","0.08758709448364588","0.0","['features|aspect=1.381|area=0.0071|dark_contrast=0.00|sat_contrast=0.09|edge_density=0.0148|flags=elongated:0_thin:1_dark:0_saturated:0_large:0_edge:0', 'no_rule_matched_confidently']","0.3351373174941238","0.7280505219365319","0.5774999999999999","0.3351373174941238","0.5136019494533153","minimum","0.3351373174941238","S3","O3","D3","Critical","Stop release or production path until authorised review is complete.","True","S3|O3|D3","True","['Fused confidence 0.335 is below operational threshold 0.600.', 'Semantic label is unknown or not confidently mapped to the taxonomy.', 'Critical risk class requires operator confirmation before release decision.']","outputs/risk_padim_capsule_semantic_v3/artefacts/capsule__test__crack__008_heatmap_overlay.png","outputs/risk_padim_capsule_semantic_v3/artefacts/capsule__test__crack__008_mask.png","outputs/risk_padim_capsule_semantic_v3/artefacts/capsule__test__crack__008_annotated.png","simple_statistical_reference","0.42","minimum",""
"capsule__test__crack__009","data/mvtec_anomaly_detection/capsule/test/crack/009.png","782833236292a0ea278d42fd87265dae63be3aed5f8649e76dfa95a5616fd755","2026-06-08T23:17:36.909280+00:00","anomalib_padim","0.3274057214202274","0.5","True","0.3274057214202274","0.1725942785797726","0.7053830257964666","0.0338897705078125","3","[{'x': 94, 'y': 80, 'w': 67, 'h': 34, 'area_px': 1611, 'area_ratio': 0.0245819091796875, 'mean_heat': 0.6640279293060303, 'max_heat': 1.0, 'x2': 161, 'y2': 114, 'aspect_ratio': 1.9705882352941178}, {'x': 212, 'y': 201, 'w': 29, 'h': 26, 'area_px': 563, 'area_ratio': 0.0085906982421875, 'mean_heat': 0.6687424182891846, 'max_heat': 0.9764705896377563, 'x2': 241, 'y2': 227, 'aspect_ratio': 1.1153846153846154}, {'x': 79, 'y': 198, 'w': 7, 'h': 9, 'area_px': 47, 'area_ratio': 0.0007171630859375, 'mean_heat': 0.4608260989189148, 'max_heat': 0.4941176474094391, 'x2': 86, 'y2': 207, 'aspect_ratio': 1.2857142857142858}]","surface_defect","0.753","rules_constrained_taxonomy","94.0","80.0","67.0","34.0","1611.0","0.0245819091796875","0.6640279293060303","1.0","161.0","114.0","1.9705882352941178","0.07901668129938542","48.56496927129061","115.88147497805092","1.855812644784585","11.106476829177993","['features|aspect=1.971|area=0.0246|dark_contrast=11.11|sat_contrast=1.86|edge_density=0.0790|flags=elongated:0_thin:1_dark:0_saturated:0_large:0_edge:1', 'high_heat_moderate_area_surface_defect_fallback']","0.3274057214202274","0.7053830257964666","0.753","0.3274057214202274","0.5471974823780423","minimum","0.3274057214202274","S3","O2","D3","High","Quarantine item or lot pending quality engineer review.","True","S3|O2|D3","True","['Fused confidence 0.327 is below operational threshold 0.600.']","outputs/risk_padim_capsule_semantic_v3/artefacts/capsule__test__crack__009_heatmap_overlay.png","outputs/risk_padim_capsule_semantic_v3/artefacts/capsule__test__crack__009_mask.png","outputs/risk_padim_capsule_semantic_v3/artefacts/capsule__test__crack__009_annotated.png","simple_statistical_reference","0.42","minimum",""
"capsule__test__crack__010","data/mvtec_anomaly_detection/capsule/test/crack/010.png","e6b6bf744e2d563ce02319699a30fa25e2a23dae26fd09901b9f3c3cf74cdce6","2026-06-08T23:17:36.958681+00:00","anomalib_padim","1.0","0.5","True","1.0","0.5","0.8771890729665757","0.0448455810546875","1","[{'x': 86, 'y': 82, 'w': 59, 'h': 74, 'area_px': 2939, 'area_ratio': 0.0448455810546875, 'mean_heat': 0.664801299571991, 'max_heat': 1.0, 'x2': 145, 'y2': 156, 'aspect_ratio': 1.2542372881355932}]","surface_defect","0.753","rules_constrained_taxonomy","86.0","82.0","59.0","74.0","2939.0","0.0448455810546875","0.664801299571991","1.0","145.0","156.0","1.2542372881355932","0.05748969308291342","72.26591846083372","104.9177737059093","8.695399942315198","2.874670738535144","['features|aspect=1.254|area=0.0448|dark_contrast=2.87|sat_contrast=8.70|edge_density=0.0575|flags=elongated:0_thin:0_dark:0_saturated:0_large:0_edge:0', 'high_heat_moderate_area_surface_defect_fallback']","1.0","0.8771890729665757","0.753","0.753","0.9014067218899727","minimum","0.753","S3","O2","D2","High","Quarantine item or lot pending quality engineer review.","True","S3|O2|D2","False","[]","outputs/risk_padim_capsule_semantic_v3/artefacts/capsule__test__crack__010_heatmap_overlay.png","outputs/risk_padim_capsule_semantic_v3/artefacts/capsule__test__crack__010_mask.png","outputs/risk_padim_capsule_semantic_v3/artefacts/capsule__test__crack__010_annotated.png","simple_statistical_reference","0.42","minimum",""
"capsule__test__crack__011","data/mvtec_anomaly_detection/capsule/test/crack/011.png","f414406fd3a64283e0540349e11a2a1f7f6e705a9c1e50fd649c372562832e7f","2026-06-08T23:17:37.009301+00:00","anomalib_padim","1.0","0.5","True","1.0","0.5","0.8468093216419219","0.0090789794921875","1","[{'x': 107, 'y': 104, 'w': 29, 'h': 27, 'area_px': 595, 'area_ratio': 0.0090789794921875, 'mean_heat': 0.6469665765762329, 'max_heat': 1.0, 'x2': 136, 'y2': 131, 'aspect_ratio': 1.0740740740740742}]","unknown","0.5774999999999999","rules_constrained_taxonomy","107.0","104.0","29.0","27.0","595.0","0.0090789794921875","0.6469665765762329","1.0","136.0","131.0","1.0740740740740742","0.07151979565772669","50.79054916985952","61.8007662835249","9.304024473551337","14.284505034304551","['features|aspect=1.074|area=0.0091|dark_contrast=14.28|sat_contrast=9.30|edge_density=0.0715|flags=elongated:0_thin:1_dark:0_saturated:0_large:0_edge:1', 'no_rule_matched_confidently']","1.0","0.8468093216419219","0.5774999999999999","0.5774999999999999","0.8484177964925765","minimum","0.5774999999999999","S3","O3","D2","High","Quarantine item or lot pending quality engineer review.","True","S3|O3|D2","True","['Fused confidence 0.577 is below operational threshold 0.600.', 'Semantic label is unknown or not confidently mapped to the taxonomy.']","outputs/risk_padim_capsule_semantic_v3/artefacts/capsule__test__crack__011_heatmap_overlay.png","outputs/risk_padim_capsule_semantic_v3/artefacts/capsule__test__crack__011_mask.png","outputs/risk_padim_capsule_semantic_v3/artefacts/capsule__test__crack__011_annotated.png","simple_statistical_reference","0.42","minimum",""
"capsule__test__crack__012","data/mvtec_anomaly_detection/capsule/test/crack/012.png","51da9479d5dfc761473cb55b2bcfd0a9cc9d29137e97602ce5d82f814a840e60","2026-06-08T23:17:37.062867+00:00","anomalib_padim","0.5501199289205594","0.5","True","0.5501199289205594","0.05011992892055939","0.7061057051185866","0.0306549072265625","3","[{'x': 105, 'y': 94, 'w': 39, 'h': 66, 'area_px': 1536, 'area_ratio': 0.0234375, 'mean_heat': 0.5181755423545837, 'max_heat': 0.7333333492279053, 'x2': 144, 'y2': 160, 'aspect_ratio': 1.6923076923076923}, {'x': 43, 'y': 163, 'w': 17, 'h': 17, 'area_px': 226, 'area_ratio': 0.003448486328125, 'mean_heat': 0.6519521474838257, 'max_heat': 1.0, 'x2': 60, 'y2': 180, 'aspect_ratio': 1.0}, {'x': 223, 'y': 212, 'w': 16, 'h': 19, 'area_px': 247, 'area_ratio': 0.0037689208984375, 'mean_heat': 0.5502739548683167, 'max_heat': 0.7254902124404907, 'x2': 239, 'y2': 231, 'aspect_ratio': 1.1875}]","unknown","0.48416667222976684","rules_constrained_taxonomy","105.0","94.0","39.0","66.0","1536.0","0.0234375","0.5181755423545837","0.7333333492279053","144.0","160.0","1.6923076923076923","0.06682206682206682","61.7004662004662","71.52758352758353","1.7259650918187504","13.12629673849186","['features|aspect=1.692|area=0.0234|dark_contrast=13.13|sat_contrast=1.73|edge_density=0.0668|flags=elongated:0_thin:1_dark:0_saturated:0_large:0_edge:1', 'no_rule_matched_confidently']","0.5501199289205594","0.7061057051185866","0.48416667222976684","0.48416667222976684","0.5804273476072694","minimum","0.48416667222976684","S3","O3","D3","Critical","Stop release or production path until authorised review is complete.","True","S3|O3|D3","True","['Fused confidence 0.484 is below operational threshold 0.600.', 'Semantic label is unknown or not confidently mapped to the taxonomy.', 'Anomaly score is close to the decision boundary; margin=0.050.', 'Critical risk class requires operator confirmation before release decision.']","outputs/risk_padim_capsule_semantic_v3/artefacts/capsule__test__crack__012_heatmap_overlay.png","outputs/risk_padim_capsule_semantic_v3/artefacts/capsule__test__crack__012_mask.png","outputs/risk_padim_capsule_semantic_v3/artefacts/capsule__test__crack__012_annotated.png","simple_statistical_reference","0.42","minimum",""
"capsule__test__crack__013","data/mvtec_anomaly_detection/capsule/test/crack/013.png","dcbb91269aa12ab84a1bb098db2e10327caa3d685a81559fc26e63edb91b7066","2026-06-08T23:17:37.115297+00:00","anomalib_padim","0.6512829585697237","0.5","True","0.6512829585697237","0.15128295856972374","0.6592847061031274","0.0099029541015625","2","[{'x': 107, 'y': 139, 'w': 21, 'h': 22, 'area_px': 361, 'area_ratio': 0.0055084228515625, 'mean_heat': 0.5818043351173401, 'max_heat': 0.7764706015586853, 'x2': 128, 'y2': 161, 'aspect_ratio': 1.0476190476190477}, {'x': 31, 'y': 164, 'w': 20, 'h': 18, 'area_px': 288, 'area_ratio': 0.00439453125, 'mean_heat': 0.661928117275238, 'max_heat': 1.0, 'x2': 51, 'y2': 182, 'aspect_ratio': 1.1111111111111112}]","dent","0.7455953818183164","rules_constrained_taxonomy","107.0","139.0","21.0","22.0","361.0","0.0055084228515625","0.5818043351173401","0.7764706015586853","128.0","161.0","1.0476190476190477","0.049783549783549784","37.41558441558441","32.095238095238095","0.25938002253791836","24.485131748289646","['features|aspect=1.048|area=0.0055|dark_contrast=24.49|sat_contrast=0.26|edge_density=0.0498|flags=elongated:0_thin:1_dark:1_saturated:0_large:0_edge:0', 'local_dark_depression_like_region']","0.6512829585697237","0.6592847061031274","0.7455953818183164","0.6512829585697237","0.677261588641893","minimum","0.6512829585697237","S3","O2","D2","High","Quarantine item or lot pending quality engineer review.","True","S3|O2|D2","False","[]","outputs/risk_padim_capsule_semantic_v3/artefacts/capsule__test__crack__013_heatmap_overlay.png","outputs/risk_padim_capsule_semantic_v3/artefacts/capsule__test__crack__013_mask.png","outputs/risk_padim_capsule_semantic_v3/artefacts/capsule__test__crack__013_annotated.png","simple_statistical_reference","0.42","minimum",""
"capsule__test__crack__014","data/mvtec_anomaly_detection/capsule/test/crack/014.png","7bc31f4c4acf1d0878d55b62742f5933afeabb41e0509840fc864cc2dbef339c","2026-06-08T23:17:37.169163+00:00","anomalib_padim","0.8402062665184498","0.5","True","0.8402062665184498","0.34020626651844976","0.7300901707814897","0.0147552490234375","2","[{'x': 110, 'y': 93, 'w': 32, 'h': 29, 'area_px': 692, 'area_ratio': 0.01055908203125, 'mean_heat': 0.6677377223968506, 'max_heat': 1.0, 'x2': 142, 'y2': 122, 'aspect_ratio': 1.103448275862069}, {'x': 44, 'y': 175, 'w': 18, 'h': 20, 'area_px': 275, 'area_ratio': 0.0041961669921875, 'mean_heat': 0.6292905211448669, 'max_heat': 0.9215686321258545, 'x2': 62, 'y2': 195, 'aspect_ratio': 1.1111111111111112}]","unknown","0.5774999999999999","rules_constrained_taxonomy","110.0","93.0","32.0","29.0","692.0","0.01055908203125","0.6677377223968506","1.0","142.0","122.0","1.103448275862069","0.08836206896551724","65.94396551724138","86.5603448275862","5.4634099616858265","11.353081098339715","['features|aspect=1.103|area=0.0106|dark_contrast=11.35|sat_contrast=5.46|edge_density=0.0884|flags=elongated:0_thin:1_dark:0_saturated:0_large:0_edge:1', 'no_rule_matched_confidently']","0.8402062665184498","0.7300901707814897","0.5774999999999999","0.5774999999999999","0.7414948711677494","minimum","0.5774999999999999","S3","O3","D2","High","Quarantine item or lot pending quality engineer review.","True","S3|O3|D2","True","['Fused confidence 0.577 is below operational threshold 0.600.', 'Semantic label is unknown or not confidently mapped to the taxonomy.']","outputs/risk_padim_capsule_semantic_v3/artefacts/capsule__test__crack__014_heatmap_overlay.png","outputs/risk_padim_capsule_semantic_v3/artefacts/capsule__test__crack__014_mask.png","outputs/risk_padim_capsule_semantic_v3/artefacts/capsule__test__crack__014_annotated.png","simple_statistical_reference","0.42","minimum",""
"capsule__test__crack__015","data/mvtec_anomaly_detection/capsule/test/crack/015.png","ed0ebdbea5764d2031057aedbd4e0152cfbbc250d222fb40acf58d0c3f13be91","2026-06-08T23:17:37.223802+00:00","anomalib_padim","1.0","0.5","True","1.0","0.5","0.7459297746230686","0.0164794921875","2","[{'x': 101, 'y': 99, 'w': 35, 'h': 36, 'area_px': 933, 'area_ratio': 0.0142364501953125, 'mean_heat': 0.5924132466316223, 'max_heat': 1.0, 'x2': 136, 'y2': 135, 'aspect_ratio': 1.0285714285714285}, {'x': 32, 'y': 164, 'w': 14, 'h': 13, 'area_px': 147, 'area_ratio': 0.0022430419921875, 'mean_heat': 0.5395758748054504, 'max_heat': 0.6784313917160034, 'x2': 46, 'y2': 177, 'aspect_ratio': 1.0769230769230769}]","unknown","0.5774999999999999","rules_constrained_taxonomy","101.0","99.0","35.0","36.0","933.0","0.0142364501953125","0.5924132466316223","1.0","136.0","135.0","1.0285714285714285","0.07698412698412699","41.16428571428571","50.58253968253968","10.503512174100415","12.955921855921858","['features|aspect=1.029|area=0.0142|dark_contrast=12.96|sat_contrast=10.50|edge_density=0.0770|flags=elongated:0_thin:1_dark:0_saturated:0_large:0_edge:1', 'no_rule_matched_confidently']","1.0","0.7459297746230686","0.5774999999999999","0.5774999999999999","0.8181539323869205","minimum","0.5774999999999999","S3","O3","D2","High","Quarantine item or lot pending quality engineer review.","True","S3|O3|D2","True","['Fused confidence 0.577 is below operational threshold 0.600.', 'Semantic label is unknown or not confidently mapped to the taxonomy.']","outputs/risk_padim_capsule_semantic_v3/artefacts/capsule__test__crack__015_heatmap_overlay.png","outputs/risk_padim_capsule_semantic_v3/artefacts/capsule__test__crack__015_mask.png","outputs/risk_padim_capsule_semantic_v3/artefacts/capsule__test__crack__015_annotated.png","simple_statistical_reference","0.42","minimum",""
"capsule__test__crack__016","data/mvtec_anomaly_detection/capsule/test/crack/016.png","d79566142ee85520ae5db0a443b3643aed87152c9a5bf6dbd42cb7f2c119a770","2026-06-08T23:17:37.297633+00:00","anomalib_padim","0.5724813961237082","0.5","True","0.5724813961237082","0.07248139612370819","0.5819924168497792","0.0086822509765625","3","[{'x': 51, 'y': 161, 'w': 17, 'h': 19, 'area_px': 252, 'area_ratio': 0.00384521484375, 'mean_heat': 0.653003454208374, 'max_heat': 1.0, 'x2': 68, 'y2': 180, 'aspect_ratio': 1.1176470588235294}, {'x': 87, 'y': 101, 'w': 16, 'h': 14, 'area_px': 181, 'area_ratio': 0.0027618408203125, 'mean_heat': 0.5575128197669983, 'max_heat': 0.729411780834198, 'x2': 103, 'y2': 115, 'aspect_ratio': 1.1428571428571428}, {'x': 230, 'y': 214, 'w': 12, 'h': 15, 'area_px': 136, 'area_ratio': 0.0020751953125, 'mean_heat': 0.5245963931083679, 'max_heat': 0.6470588445663452, 'x2': 242, 'y2': 229, 'aspect_ratio': 1.25}]","unknown","0.5774999999999999","rules_constrained_taxonomy","51.0","161.0","17.0","19.0","252.0","0.00384521484375","0.653003454208374","1.0","68.0","180.0","1.1176470588235294","0.09287925696594428","13.154798761609907","141.60990712074303","0.34909734228619627","0.0","['features|aspect=1.118|area=0.0038|dark_contrast=0.00|sat_contrast=0.35|edge_density=0.0929|flags=elongated:0_thin:1_dark:0_saturated:0_large:0_edge:1', 'no_rule_matched_confidently']","0.5724813961237082","0.5819924168497792","0.5774999999999999","0.5724813961237082","0.5765893533106023","minimum","0.5724813961237082","S3","O3","D2","High","Quarantine item or lot pending quality engineer review.","True","S3|O3|D2","True","['Fused confidence 0.572 is below operational threshold 0.600.', 'Semantic label is unknown or not confidently mapped to the taxonomy.']","outputs/risk_padim_capsule_semantic_v3/artefacts/capsule__test__crack__016_heatmap_overlay.png","outputs/risk_padim_capsule_semantic_v3/artefacts/capsule__test__crack__016_mask.png","outputs/risk_padim_capsule_semantic_v3/artefacts/capsule__test__crack__016_annotated.png","simple_statistical_reference","0.42","minimum",""
"capsule__test__crack__017","data/mvtec_anomaly_detection/capsule/test/crack/017.png","6bb618afda23bd841859c2a4f9b6878ef37ff783299789725662a370d56fc99d","2026-06-08T23:17:37.376749+00:00","anomalib_padim","0.9408517144277249","0.5","True","0.9408517144277249","0.44085171442772486","0.6801419934990853","0.0207672119140625","3","[{'x': 158, 'y': 77, 'w': 33, 'h': 36, 'area_px': 955, 'area_ratio': 0.0145721435546875, 'mean_heat': 0.6368997693061829, 'max_heat': 1.0, 'x2': 191, 'y2': 113, 'aspect_ratio': 1.0909090909090908}, {'x': 22, 'y': 166, 'w': 20, 'h': 19, 'area_px': 326, 'area_ratio': 0.004974365234375, 'mean_heat': 0.6237459778785706, 'max_heat': 0.8980392217636108, 'x2': 42, 'y2': 185, 'aspect_ratio': 1.0526315789473684}, {'x': 209, 'y': 211, 'w': 9, 'h': 11, 'area_px': 80, 'area_ratio': 0.001220703125, 'mean_heat': 0.47455883026123047, 'max_heat': 0.5215686559677124, 'x2': 218, 'y2': 222, 'aspect_ratio': 1.2222222222222223}]","unknown","0.5774999999999999","rules_constrained_taxonomy","158.0","77.0","33.0","36.0","955.0","0.0145721435546875","0.6368997693061829","1.0","191.0","113.0","1.0909090909090908","0.11952861952861953","80.61279461279462","170.1506734006734","0.9782571925428982","3.250817965103664","['features|aspect=1.091|area=0.0146|dark_contrast=3.25|sat_contrast=0.98|edge_density=0.1195|flags=elongated:0_thin:1_dark:0_saturated:0_large:0_edge:1', 'no_rule_matched_confidently']","0.9408517144277249","0.6801419934990853","0.5774999999999999","0.5774999999999999","0.7718008695422018","minimum","0.5774999999999999","S3","O3","D2","High","Quarantine item or lot pending quality engineer review.","True","S3|O3|D2","True","['Fused confidence 0.577 is below operational threshold 0.600.', 'Semantic label is unknown or not confidently mapped to the taxonomy.']","outputs/risk_padim_capsule_semantic_v3/artefacts/capsule__test__crack__017_heatmap_overlay.png","outputs/risk_padim_capsule_semantic_v3/artefacts/capsule__test__crack__017_mask.png","outputs/risk_padim_capsule_semantic_v3/artefacts/capsule__test__crack__017_annotated.png","simple_statistical_reference","0.42","minimum",""
"capsule__test__crack__018","data/mvtec_anomaly_detection/capsule/test/crack/018.png","1e4e8416bf13c74855eddc1a9e58c7595f9602838a2732ed0b167695b2253182","2026-06-08T23:17:37.444959+00:00","anomalib_padim","0.6813272089250205","0.5","True","0.6813272089250205","0.18132720892502052","0.6866711103762302","0.011993408203125","3","[{'x': 204, 'y': 141, 'w': 31, 'h': 26, 'area_px': 629, 'area_ratio': 0.0095977783203125, 'mean_heat': 0.6533682942390442, 'max_heat': 1.0, 'x2': 235, 'y2': 167, 'aspect_ratio': 1.1923076923076923}, {'x': 241, 'y': 240, 'w': 15, 'h': 10, 'area_px': 103, 'area_ratio': 0.0015716552734375, 'mean_heat': 0.4718066453933716, 'max_heat': 0.5411764979362488, 'x2': 256, 'y2': 250, 'aspect_ratio': 1.5}, {'x': 150, 'y': 36, 'w': 8, 'h': 9, 'area_px': 54, 'area_ratio': 0.000823974609375, 'mean_heat': 0.4601307213306427, 'max_heat': 0.4941176474094391, 'x2': 158, 'y2': 45, 'aspect_ratio': 1.125}]","unknown","0.5774999999999999","rules_constrained_taxonomy","204.0","141.0","31.0","26.0","629.0","0.0095977783203125","0.6533682942390442","1.0","235.0","167.0","1.1923076923076923","0.15632754342431762","86.1166253101737","131.01612903225808","6.674882655665087","8.433718992058033","['features|aspect=1.192|area=0.0096|dark_contrast=8.43|sat_contrast=6.67|edge_density=0.1563|flags=elongated:0_thin:1_dark:0_saturated:0_large:0_edge:1', 'no_rule_matched_confidently']","0.6813272089250205","0.6866711103762302","0.5774999999999999","0.5774999999999999","0.6569735771291283","minimum","0.5774999999999999","S3","O3","D2","High","Quarantine item or lot pending quality engineer review.","True","S3|O3|D2","True","['Fused confidence 0.577 is below operational threshold 0.600.', 'Semantic label is unknown or not confidently mapped to the taxonomy.']","outputs/risk_padim_capsule_semantic_v3/artefacts/capsule__test__crack__018_heatmap_overlay.png","outputs/risk_padim_capsule_semantic_v3/artefacts/capsule__test__crack__018_mask.png","outputs/risk_padim_capsule_semantic_v3/artefacts/capsule__test__crack__018_annotated.png","simple_statistical_reference","0.42","minimum",""
"capsule__test__crack__019","data/mvtec_anomaly_detection/capsule/test/crack/019.png","ec586c61c746b65bbec897e4c006d3f7a7d6b87f5e13c0c5b7326518d8e25f22","2026-06-08T23:17:37.506872+00:00","anomalib_padim","0.4580110783706391","0.5","True","0.4580110783706391","0.04198892162936091","0.8513788163661957","0.0077362060546875","1","[{'x': 142, 'y': 91, 'w': 34, 'h': 19, 'area_px': 507, 'area_ratio': 0.0077362060546875, 'mean_heat': 0.65898597240448, 'max_heat': 1.0, 'x2': 176, 'y2': 110, 'aspect_ratio': 1.7894736842105263}]","unknown","0.5774999999999999","rules_constrained_taxonomy","142.0","91.0","34.0","19.0","507.0","0.0077362060546875","0.65898597240448","1.0","176.0","110.0","1.7894736842105263","0.1780185758513932","118.76006191950465","148.10216718266253","19.59377620521893","6.691547103051761","['features|aspect=1.789|area=0.0077|dark_contrast=6.69|sat_contrast=19.59|edge_density=0.1780|flags=elongated:0_thin:1_dark:0_saturated:0_large:0_edge:1', 'no_rule_matched_confidently']","0.4580110783706391","0.8513788163661957","0.5774999999999999","0.4580110783706391","0.6058936301766462","minimum","0.4580110783706391","S3","O3","D3","Critical","Stop release or production path until authorised review is complete.","True","S3|O3|D3","True","['Fused confidence 0.458 is below operational threshold 0.600.', 'Semantic label is unknown or not confidently mapped to the taxonomy.', 'Anomaly score is close to the decision boundary; margin=0.042.', 'Critical risk class requires operator confirmation before release decision.']","outputs/risk_padim_capsule_semantic_v3/artefacts/capsule__test__crack__019_heatmap_overlay.png","outputs/risk_padim_capsule_semantic_v3/artefacts/capsule__test__crack__019_mask.png","outputs/risk_padim_capsule_semantic_v3/artefacts/capsule__test__crack__019_annotated.png","simple_statistical_reference","0.42","minimum",""
"capsule__test__crack__020","data/mvtec_anomaly_detection/capsule/test/crack/020.png","4b9ce648bbfb22d9c0eee48eb5aaafa070810978a0015e24b90bfcfd4fca1e88","2026-06-08T23:17:37.565475+00:00","anomalib_padim","0.6947615753948273","0.5","True","0.6947615753948273","0.1947615753948273","0.6976030069195835","0.0044708251953125","2","[{'x': 60, 'y': 74, 'w': 16, 'h': 18, 'area_px': 225, 'area_ratio': 0.0034332275390625, 'mean_heat': 0.6539434194564819, 'max_heat': 1.0, 'x2': 76, 'y2': 92, 'aspect_ratio': 1.125}, {'x': 121, 'y': 149, 'w': 9, 'h': 10, 'area_px': 68, 'area_ratio': 0.00103759765625, 'mean_heat': 0.4459053874015808, 'max_heat': 0.46666666865348816, 'x2': 130, 'y2': 159, 'aspect_ratio': 1.1111111111111112}]","unknown","0.5774999999999999","rules_constrained_taxonomy","60.0","74.0","16.0","18.0","225.0","0.0034332275390625","0.6539434194564819","1.0","76.0","92.0","1.125","0.024305555555555556","12.11111111111111","151.04513888888889","2.001940359477125","0.0","['features|aspect=1.125|area=0.0034|dark_contrast=0.00|sat_contrast=2.00|edge_density=0.0243|flags=elongated:0_thin:1_dark:0_saturated:0_large:0_edge:0', 'no_rule_matched_confidently']","0.6947615753948273","0.6976030069195835","0.5774999999999999","0.5774999999999999","0.6662986110035474","minimum","0.5774999999999999","S3","O3","D2","High","Quarantine item or lot pending quality engineer review.","True","S3|O3|D2","True","['Fused confidence 0.577 is below operational threshold 0.600.', 'Semantic label is unknown or not confidently mapped to the taxonomy.']","outputs/risk_padim_capsule_semantic_v3/artefacts/capsule__test__crack__020_heatmap_overlay.png","outputs/risk_padim_capsule_semantic_v3/artefacts/capsule__test__crack__020_mask.png","outputs/risk_padim_capsule_semantic_v3/artefacts/capsule__test__crack__020_annotated.png","simple_statistical_reference","0.42","minimum",""
"capsule__test__crack__021","data/mvtec_anomaly_detection/capsule/test/crack/021.png","d3e8b402bd2df1af7835e7ea3bb387d9d004cc877fea345025583970751a9558","2026-06-08T23:17:37.626222+00:00","anomalib_padim","0.5546238992699019","0.5","True","0.5546238992699019","0.054623899269901854","0.6893781586642456","0.0054779052734375","2","[{'x': 70, 'y': 69, 'w': 18, 'h': 18, 'area_px': 261, 'area_ratio': 0.0039825439453125, 'mean_heat': 0.6602509617805481, 'max_heat': 1.0, 'x2': 88, 'y2': 87, 'aspect_ratio': 1.0}, {'x': 122, 'y': 89, 'w': 11, 'h': 11, 'area_px': 98, 'area_ratio': 0.001495361328125, 'mean_heat': 0.4638655483722687, 'max_heat': 0.5058823823928833, 'x2': 133, 'y2': 100, 'aspect_ratio': 1.0}]","unknown","0.5774999999999999","rules_constrained_taxonomy","70.0","69.0","18.0","18.0","261.0","0.0039825439453125","0.6602509617805481","1.0","88.0","87.0","1.0","0.024691358024691357","10.117283950617283","169.62962962962962","0.7261416549190489","0.0","['features|aspect=1.000|area=0.0040|dark_contrast=0.00|sat_contrast=0.73|edge_density=0.0247|flags=elongated:0_thin:1_dark:0_saturated:0_large:0_edge:0', 'no_rule_matched_confidently']","0.5546238992699019","0.6893781586642456","0.5774999999999999","0.5546238992699019","0.6007692022707295","minimum","0.5546238992699019","S3","O3","D2","High","Quarantine item or lot pending quality engineer review.","True","S3|O3|D2","True","['Fused confidence 0.555 is below operational threshold 0.600.', 'Semantic label is unknown or not confidently mapped to the taxonomy.', 'Anomaly score is close to the decision boundary; margin=0.055.']","outputs/risk_padim_capsule_semantic_v3/artefacts/capsule__test__crack__021_heatmap_overlay.png","outputs/risk_padim_capsule_semantic_v3/artefacts/capsule__test__crack__021_mask.png","outputs/risk_padim_capsule_semantic_v3/artefacts/capsule__test__crack__021_annotated.png","simple_statistical_reference","0.42","minimum",""
"capsule__test__crack__022","data/mvtec_anomaly_detection/capsule/test/crack/022.png","75f1a25009977e45a5127951d3853eae5c0d44751dddf0a9765710915ba37572","2026-06-08T23:17:37.684810+00:00","anomalib_padim","0.26350816511969694","0.5","True","0.26350816511969694","0.23649183488030306","0.7359626245539335","0.0119781494140625","2","[{'x': 205, 'y': 89, 'w': 33, 'h': 25, 'area_px': 637, 'area_ratio': 0.0097198486328125, 'mean_heat': 0.6493366956710815, 'max_heat': 1.0, 'x2': 238, 'y2': 114, 'aspect_ratio': 1.32}, {'x': 108, 'y': 75, 'w': 14, 'h': 14, 'area_px': 148, 'area_ratio': 0.00225830078125, 'mean_heat': 0.5324060320854187, 'max_heat': 0.6666666865348816, 'x2': 122, 'y2': 89, 'aspect_ratio': 1.0}]","unknown","0.5774999999999999","rules_constrained_taxonomy","205.0","89.0","33.0","25.0","637.0","0.0097198486328125","0.6493366956710815","1.0","238.0","114.0","1.32","0.0703030303030303","100.22181818181818","149.16848484848484","14.573236798045158","10.157548003680432","['features|aspect=1.320|area=0.0097|dark_contrast=10.16|sat_contrast=14.57|edge_density=0.0703|flags=elongated:0_thin:1_dark:0_saturated:0_large:0_edge:1', 'no_rule_matched_confidently']","0.26350816511969694","0.7359626245539335","0.5774999999999999","0.26350816511969694","0.48374246167004364","minimum","0.26350816511969694","S3","O3","D3","Critical","Stop release or production path until authorised review is complete.","True","S3|O3|D3","True","['Fused confidence 0.264 is below operational threshold 0.600.', 'Semantic label is unknown or not confidently mapped to the taxonomy.', 'Critical risk class requires operator confirmation before release decision.']","outputs/risk_padim_capsule_semantic_v3/artefacts/capsule__test__crack__022_heatmap_overlay.png","outputs/risk_padim_capsule_semantic_v3/artefacts/capsule__test__crack__022_mask.png","outputs/risk_padim_capsule_semantic_v3/artefacts/capsule__test__crack__022_annotated.png","simple_statistical_reference","0.42","minimum",""
"capsule__test__faulty_imprint__000","data/mvtec_anomaly_detection/capsule/test/faulty_imprint/000.png","e43e63a51d649a3fb162ed6dfc4fffe7e4903c1eb647d0702f63dfebb413d819","2026-06-08T23:17:37.738383+00:00","anomalib_padim","0.3350673934986234","0.5","True","0.3350673934986234","0.1649326065013766","0.5355206247602466","0.0168304443359375","5","[{'x': 229, 'y': 203, 'w': 27, 'h': 22, 'area_px': 462, 'area_ratio': 0.007049560546875, 'mean_heat': 0.6502333879470825, 'max_heat': 1.0, 'x2': 256, 'y2': 225, 'aspect_ratio': 1.2272727272727273}, {'x': 167, 'y': 109, 'w': 20, 'h': 18, 'area_px': 278, 'area_ratio': 0.004241943359375, 'mean_heat': 0.5717591047286987, 'max_heat': 0.7803921699523926, 'x2': 187, 'y2': 127, 'aspect_ratio': 1.1111111111111112}, {'x': 128, 'y': 56, 'w': 15, 'h': 16, 'area_px': 185, 'area_ratio': 0.0028228759765625, 'mean_heat': 0.5079173445701599, 'max_heat': 0.6078431606292725, 'x2': 143, 'y2': 72, 'aspect_ratio': 1.0666666666666667}, {'x': 55, 'y': 142, 'w': 15, 'h': 11, 'area_px': 136, 'area_ratio': 0.0020751953125, 'mean_heat': 0.5109573006629944, 'max_heat': 0.615686297416687, 'x2': 70, 'y2': 153, 'aspect_ratio': 1.3636363636363635}, {'x': 95, 'y': 206, 'w': 7, 'h': 8, 'area_px': 42, 'area_ratio': 0.000640869140625, 'mean_heat': 0.4620915353298187, 'max_heat': 0.4941176474094391, 'x2': 102, 'y2': 214, 'aspect_ratio': 1.1428571428571428}]","unknown","0.5774999999999999","rules_constrained_taxonomy","229.0","203.0","27.0","22.0","462.0","0.007049560546875","0.6502333879470825","1.0","256.0","225.0","1.2272727272727273","0.013468013468013467","6.15993265993266","212.47979797979798","0.01600718969140047","0.0","['features|aspect=1.227|area=0.0070|dark_contrast=0.00|sat_contrast=0.02|edge_density=0.0135|flags=elongated:0_thin:1_dark:0_saturated:0_large:0_edge:0', 'no_rule_matched_confidently']","0.3350673934986234","0.5355206247602466","0.5774999999999999","0.3350673934986234","0.45581151450245455","minimum","0.3350673934986234","S3","O3","D3","Critical","Stop release or production path until authorised review is complete.","True","S3|O3|D3","True","['Fused confidence 0.335 is below operational threshold 0.600.', 'Semantic label is unknown or not confidently mapped to the taxonomy.', 'Critical risk class requires operator confirmation before release decision.']","outputs/risk_padim_capsule_semantic_v3/artefacts/capsule__test__faulty_imprint__000_heatmap_overlay.png","outputs/risk_padim_capsule_semantic_v3/artefacts/capsule__test__faulty_imprint__000_mask.png","outputs/risk_padim_capsule_semantic_v3/artefacts/capsule__test__faulty_imprint__000_annotated.png","simple_statistical_reference","0.42","minimum",""
"capsule__test__faulty_imprint__001","data/mvtec_anomaly_detection/capsule/test/faulty_imprint/001.png","f38f91331210d596aee8e37a91d46213ef10fe5109c34c902cce30b095a22bdf","2026-06-08T23:17:37.798012+00:00","anomalib_padim","0.2369628950223023","0.5","True","0.2369628950223023","0.2630371049776977","0.5457370218513207","0.0255126953125","5","[{'x': 125, 'y': 7, 'w': 29, 'h': 42, 'area_px': 700, 'area_ratio': 0.01068115234375, 'mean_heat': 0.5963641405105591, 'max_heat': 1.0, 'x2': 154, 'y2': 49, 'aspect_ratio': 1.4482758620689655}, {'x': 211, 'y': 202, 'w': 27, 'h': 23, 'area_px': 462, 'area_ratio': 0.007049560546875, 'mean_heat': 0.6023852825164795, 'max_heat': 0.9058823585510254, 'x2': 238, 'y2': 225, 'aspect_ratio': 1.173913043478261}, {'x': 76, 'y': 176, 'w': 15, 'h': 19, 'area_px': 230, 'area_ratio': 0.003509521484375, 'mean_heat': 0.5986018776893616, 'max_heat': 0.8235294222831726, 'x2': 91, 'y2': 195, 'aspect_ratio': 1.2666666666666666}, {'x': 146, 'y': 111, 'w': 17, 'h': 18, 'area_px': 236, 'area_ratio': 0.00360107421875, 'mean_heat': 0.49916917085647583, 'max_heat': 0.5882353186607361, 'x2': 163, 'y2': 129, 'aspect_ratio': 1.0588235294117647}, {'x': 33, 'y': 37, 'w': 7, 'h': 8, 'area_px': 44, 'area_ratio': 0.00067138671875, 'mean_heat': 0.4604278802871704, 'max_heat': 0.4901960790157318, 'x2': 40, 'y2': 45, 'aspect_ratio': 1.1428571428571428}]","unknown","0.5774999999999999","rules_constrained_taxonomy","125.0","7.0","29.0","42.0","700.0","0.01068115234375","0.5963641405105591","1.0","154.0","49.0","1.4482758620689655","0.013136288998357963","5.700328407224959","224.19458128078819","0.23105560836958272","0.0","['features|aspect=1.448|area=0.0107|dark_contrast=0.00|sat_contrast=0.23|edge_density=0.0131|flags=elongated:0_thin:1_dark:0_saturated:0_large:0_edge:0', 'no_rule_matched_confidently']","0.2369628950223023","0.5457370218513207","0.5774999999999999","0.2369628950223023","0.41472940931543223","minimum","0.2369628950223023","S3","O3","D3","Critical","Stop release or production path until authorised review is complete.","True","S3|O3|D3","True","['Fused confidence 0.237 is below operational threshold 0.600.', 'Semantic label is unknown or not confidently mapped to the taxonomy.', 'Critical risk class requires operator confirmation before release decision.']","outputs/risk_padim_capsule_semantic_v3/artefacts/capsule__test__faulty_imprint__001_heatmap_overlay.png","outputs/risk_padim_capsule_semantic_v3/artefacts/capsule__test__faulty_imprint__001_mask.png","outputs/risk_padim_capsule_semantic_v3/artefacts/capsule__test__faulty_imprint__001_annotated.png","simple_statistical_reference","0.42","minimum",""
"capsule__test__faulty_imprint__002","data/mvtec_anomaly_detection/capsule/test/faulty_imprint/002.png","82263975ce6bf195ba9a5faeed506769c5827562b18313245cd3118e0a9ab506","2026-06-08T23:17:37.851612+00:00","anomalib_padim","0.509767707646848","0.5","True","0.509767707646848","0.009767707646847978","0.6358751850965911","0.0129241943359375","3","[{'x': 221, 'y': 209, 'w': 22, 'h': 29, 'area_px': 512, 'area_ratio': 0.0078125, 'mean_heat': 0.648000955581665, 'max_heat': 1.0, 'x2': 243, 'y2': 238, 'aspect_ratio': 1.3181818181818181}, {'x': 147, 'y': 26, 'w': 17, 'h': 22, 'area_px': 285, 'area_ratio': 0.0043487548828125, 'mean_heat': 0.603343665599823, 'max_heat': 0.8745098114013672, 'x2': 164, 'y2': 48, 'aspect_ratio': 1.2941176470588236}, {'x': 197, 'y': 92, 'w': 8, 'h': 8, 'area_px': 50, 'area_ratio': 0.000762939453125, 'mean_heat': 0.44823533296585083, 'max_heat': 0.47058823704719543, 'x2': 205, 'y2': 100, 'aspect_ratio': 1.0}]","unknown","0.5774999999999999","rules_constrained_taxonomy","221.0","209.0","22.0","29.0","512.0","0.0078125","0.648000955581665","1.0","243.0","238.0","1.3181818181818181","0.009404388714733543","6.123824451410658","212.5141065830721","0.25189462684925434","0.232677042658878","['features|aspect=1.318|area=0.0078|dark_contrast=0.23|sat_contrast=0.25|edge_density=0.0094|flags=elongated:0_thin:1_dark:0_saturated:0_large:0_edge:0', 'no_rule_matched_confidently']","0.509767707646848","0.6358751850965911","0.5774999999999999","0.509767707646848","0.564533023970059","minimum","0.509767707646848","S3","O3","D3","Critical","Stop release or production path until authorised review is complete.","True","S3|O3|D3","True","['Fused confidence 0.510 is below operational threshold 0.600.', 'Semantic label is unknown or not confidently mapped to the taxonomy.', 'Anomaly score is close to the decision boundary; margin=0.010.', 'Critical risk class requires operator confirmation before release decision.']","outputs/risk_padim_capsule_semantic_v3/artefacts/capsule__test__faulty_imprint__002_heatmap_overlay.png","outputs/risk_padim_capsule_semantic_v3/artefacts/capsule__test__faulty_imprint__002_mask.png","outputs/risk_padim_capsule_semantic_v3/artefacts/capsule__test__faulty_imprint__002_annotated.png","simple_statistical_reference","0.42","minimum",""
"capsule__test__faulty_imprint__003","data/mvtec_anomaly_detection/capsule/test/faulty_imprint/003.png","07685635e898f3ed4e7ffc8c67cac6f683e43c9988af19b14e4da4ae3c36fd55","2026-06-08T23:17:37.903024+00:00","anomalib_padim","0.13793805671124382","0.5","True","0.13793805671124382","0.3620619432887562","0.6256926772704997","0.0217437744140625","2","[{'x': 32, 'y': 121, 'w': 31, 'h': 34, 'area_px': 721, 'area_ratio': 0.0110015869140625, 'mean_heat': 0.6104158163070679, 'max_heat': 1.0, 'x2': 63, 'y2': 155, 'aspect_ratio': 1.096774193548387}, {'x': 187, 'y': 96, 'w': 37, 'h': 41, 'area_px': 704, 'area_ratio': 0.0107421875, 'mean_heat': 0.5293338298797607, 'max_heat': 0.6745098233222961, 'x2': 224, 'y2': 137, 'aspect_ratio': 1.1081081081081081}]","unknown","0.5774999999999999","rules_constrained_taxonomy","32.0","121.0","31.0","34.0","721.0","0.0110015869140625","0.6104158163070679","1.0","63.0","155.0","1.096774193548387","0.05028462998102467","32.96110056925996","35.881404174573056","3.8240792926642158","10.359872421171623","['features|aspect=1.097|area=0.0110|dark_contrast=10.36|sat_contrast=3.82|edge_density=0.0503|flags=elongated:0_thin:1_dark:0_saturated:0_large:0_edge:0', 'no_rule_matched_confidently']","0.13793805671124382","0.6256926772704997","0.5774999999999999","0.13793805671124382","0.3941549287012096","minimum","0.13793805671124382","S3","O3","D3","Critical","Stop release or production path until authorised review is complete.","True","S3|O3|D3","True","['Fused confidence 0.138 is below operational threshold 0.600.', 'Semantic label is unknown or not confidently mapped to the taxonomy.', 'Critical risk class requires operator confirmation before release decision.']","outputs/risk_padim_capsule_semantic_v3/artefacts/capsule__test__faulty_imprint__003_heatmap_overlay.png","outputs/risk_padim_capsule_semantic_v3/artefacts/capsule__test__faulty_imprint__003_mask.png","outputs/risk_padim_capsule_semantic_v3/artefacts/capsule__test__faulty_imprint__003_annotated.png","simple_statistical_reference","0.42","minimum",""
"capsule__test__faulty_imprint__004","data/mvtec_anomaly_detection/capsule/test/faulty_imprint/004.png","fdc302644d72f7db32e66a26ce3b9d44a66a6186d3530e50e7b1de4717b6a0cc","2026-06-08T23:17:37.964056+00:00","anomalib_padim","0.5461022341334447","0.5","True","0.5461022341334447","0.04610223413344472","0.8720440357923507","0.0457000732421875","1","[{'x': 133, 'y': 96, 'w': 87, 'h': 60, 'area_px': 2995, 'area_ratio': 0.0457000732421875, 'mean_heat': 0.652181088924408, 'max_heat': 1.0, 'x2': 220, 'y2': 156, 'aspect_ratio': 1.45}]","contamination","0.8622320806719469","rules_constrained_taxonomy","133.0","96.0","87.0","60.0","2995.0","0.0457000732421875","0.652181088924408","1.0","220.0","156.0","1.45","0.011685823754789272","136.9777777777778","146.35402298850576","21.355268835519226","0.0","['features|aspect=1.450|area=0.0457|dark_contrast=0.00|sat_contrast=21.36|edge_density=0.0117|flags=elongated:0_thin:0_dark:0_saturated:1_large:0_edge:0', 'colour_or_saturation_shift']","0.5461022341334447","0.8720440357923507","0.8622320806719469","0.5461022341334447","0.7229172362657421","minimum","0.5461022341334447","S3","O2","D3","High","Quarantine item or lot pending quality engineer review.","True","S3|O2|D3","True","['Fused confidence 0.546 is below operational threshold 0.600.', 'Anomaly score is close to the decision boundary; margin=0.046.']","outputs/risk_padim_capsule_semantic_v3/artefacts/capsule__test__faulty_imprint__004_heatmap_overlay.png","outputs/risk_padim_capsule_semantic_v3/artefacts/capsule__test__faulty_imprint__004_mask.png","outputs/risk_padim_capsule_semantic_v3/artefacts/capsule__test__faulty_imprint__004_annotated.png","simple_statistical_reference","0.42","minimum",""
"capsule__test__faulty_imprint__005","data/mvtec_anomaly_detection/capsule/test/faulty_imprint/005.png","bc0930333583307b875b43e883e6940a67ec4da5620d87a920c698597614195c","2026-06-08T23:17:38.018027+00:00","anomalib_padim","0.4709984049811424","0.5","True","0.4709984049811424","0.029001595018857573","0.8914132744073868","0.0462646484375","1","[{'x': 129, 'y': 110, 'w': 92, 'h': 44, 'area_px': 3032, 'area_ratio': 0.0462646484375, 'mean_heat': 0.694439709186554, 'max_heat': 1.0, 'x2': 221, 'y2': 154, 'aspect_ratio': 2.090909090909091}]","surface_defect","0.753","rules_constrained_taxonomy","129.0","110.0","92.0","44.0","3032.0","0.0462646484375","0.694439709186554","1.0","221.0","154.0","2.090909090909091","0.0400197628458498","134.91353754940712","139.77593873517787","11.9717165617528","0.0","['features|aspect=2.091|area=0.0463|dark_contrast=0.00|sat_contrast=11.97|edge_density=0.0400|flags=elongated:0_thin:0_dark:0_saturated:0_large:0_edge:0', 'high_heat_moderate_area_surface_defect_fallback']","0.4709984049811424","0.8914132744073868","0.753","0.4709984049811424","0.6676232645637301","minimum","0.4709984049811424","S3","O2","D3","High","Quarantine item or lot pending quality engineer review.","True","S3|O2|D3","True","['Fused confidence 0.471 is below operational threshold 0.600.', 'Anomaly score is close to the decision boundary; margin=0.029.']","outputs/risk_padim_capsule_semantic_v3/artefacts/capsule__test__faulty_imprint__005_heatmap_overlay.png","outputs/risk_padim_capsule_semantic_v3/artefacts/capsule__test__faulty_imprint__005_mask.png","outputs/risk_padim_capsule_semantic_v3/artefacts/capsule__test__faulty_imprint__005_annotated.png","simple_statistical_reference","0.42","minimum",""
"capsule__test__faulty_imprint__006","data/mvtec_anomaly_detection/capsule/test/faulty_imprint/006.png","547857a4d9cc535fedabc276502b0f9cd083ea1f01640d50cbc8d7141d0217dc","2026-06-08T23:17:38.068309+00:00","anomalib_padim","0.13613403822350417","0.5","False","0.8638659617764959","0.3638659617764958","0.8638659617764959","0.0","0","[]","normal","0.8638659617764959","detector_normal_decision","","","","","","","","","","","","","","","","","","0.8638659617764959","0.8638659617764959","0.8638659617764959","0.8638659617764959","0.8638659617764959","minimum","0.8638659617764959","S1","O1","D1","Low","Continue monitoring; no immediate intervention required.","True","S1|O1|D1","False","[]","outputs/risk_padim_capsule_semantic_v3/artefacts/capsule__test__faulty_imprint__006_heatmap_overlay.png","outputs/risk_padim_capsule_semantic_v3/artefacts/capsule__test__faulty_imprint__006_mask.png","outputs/risk_padim_capsule_semantic_v3/artefacts/capsule__test__faulty_imprint__006_annotated.png","simple_statistical_reference","0.42","minimum","Image-level anomaly score did not exceed the calibrated threshold."
"capsule__test__faulty_imprint__007","data/mvtec_anomaly_detection/capsule/test/faulty_imprint/007.png","543152859956436afc3587eb2d3d7a956deb2436c9ece9b6c629904050a87f2f","2026-06-08T23:17:38.118251+00:00","anomalib_padim","0.1734077500399437","0.5","True","0.1734077500399437","0.3265922499600563","0.5726125750105997","0.0152130126953125","3","[{'x': 187, 'y': 119, 'w': 20, 'h': 23, 'area_px': 381, 'area_ratio': 0.0058135986328125, 'mean_heat': 0.5880294442176819, 'max_heat': 0.886274516582489, 'x2': 207, 'y2': 142, 'aspect_ratio': 1.15}, {'x': 99, 'y': 219, 'w': 19, 'h': 24, 'area_px': 340, 'area_ratio': 0.00518798828125, 'mean_heat': 0.5517416596412659, 'max_heat': 0.772549033164978, 'x2': 118, 'y2': 243, 'aspect_ratio': 1.263157894736842}, {'x': 104, 'y': 139, 'w': 20, 'h': 18, 'area_px': 276, 'area_ratio': 0.00421142578125, 'mean_heat': 0.6473146677017212, 'max_heat': 1.0, 'x2': 124, 'y2': 157, 'aspect_ratio': 1.1111111111111112}]","contamination","0.8240033271806828","rules_constrained_taxonomy","187.0","119.0","20.0","23.0","381.0","0.0058135986328125","0.5880294442176819","0.886274516582489","207.0","142.0","1.15","0.27608695652173915","110.79347826086956","164.28695652173914","22.432305214913924","0.0","['features|aspect=1.150|area=0.0058|dark_contrast=0.00|sat_contrast=22.43|edge_density=0.2761|flags=elongated:0_thin:1_dark:0_saturated:1_large:0_edge:1', 'colour_or_saturation_shift']","0.1734077500399437","0.5726125750105997","0.8240033271806828","0.1734077500399437","0.45581809181632527","minimum","0.1734077500399437","S3","O2","D3","High","Quarantine item or lot pending quality engineer review.","True","S3|O2|D3","True","['Fused confidence 0.173 is below operational threshold 0.600.']","outputs/risk_padim_capsule_semantic_v3/artefacts/capsule__test__faulty_imprint__007_heatmap_overlay.png","outputs/risk_padim_capsule_semantic_v3/artefacts/capsule__test__faulty_imprint__007_mask.png","outputs/risk_padim_capsule_semantic_v3/artefacts/capsule__test__faulty_imprint__007_annotated.png","simple_statistical_reference","0.42","minimum",""
"capsule__test__faulty_imprint__008","data/mvtec_anomaly_detection/capsule/test/faulty_imprint/008.png","cb489a83e577bbff57c61a0d1733b495bd728f0b7ca265eac6fa04cb6252e66a","2026-06-08T23:17:38.168930+00:00","anomalib_padim","0.22491547460757474","0.5","True","0.22491547460757474","0.2750845253924252","0.4913553311196092","0.03564453125","6","[{'x': 50, 'y': 23, 'w': 28, 'h': 30, 'area_px': 662, 'area_ratio': 0.010101318359375, 'mean_heat': 0.5943427681922913, 'max_heat': 0.9529411792755127, 'x2': 78, 'y2': 53, 'aspect_ratio': 1.0714285714285714}, {'x': 144, 'y': 111, 'w': 24, 'h': 31, 'area_px': 596, 'area_ratio': 0.00909423828125, 'mean_heat': 0.5461376905441284, 'max_heat': 0.7019608020782471, 'x2': 168, 'y2': 142, 'aspect_ratio': 1.2916666666666667}, {'x': 77, 'y': 61, 'w': 24, 'h': 23, 'area_px': 421, 'area_ratio': 0.0064239501953125, 'mean_heat': 0.6238741278648376, 'max_heat': 1.0, 'x2': 101, 'y2': 84, 'aspect_ratio': 1.0434782608695652}, {'x': 95, 'y': 97, 'w': 19, 'h': 19, 'area_px': 277, 'area_ratio': 0.0042266845703125, 'mean_heat': 0.5584908723831177, 'max_heat': 0.7568627595901489, 'x2': 114, 'y2': 116, 'aspect_ratio': 1.0}, {'x': 68, 'y': 140, 'w': 22, 'h': 16, 'area_px': 261, 'area_ratio': 0.0039825439453125, 'mean_heat': 0.45981520414352417, 'max_heat': 0.49803921580314636, 'x2': 90, 'y2': 156, 'aspect_ratio': 1.375}, {'x': 156, 'y': 67, 'w': 11, 'h': 14, 'area_px': 119, 'area_ratio': 0.0018157958984375, 'mean_heat': 0.4825507402420044, 'max_heat': 0.5411764979362488, 'x2': 167, 'y2': 81, 'aspect_ratio': 1.2727272727272727}]","unknown","0.5610294127464295","rules_constrained_taxonomy","50.0","23.0","28.0","30.0","662.0","0.010101318359375","0.5943427681922913","0.9529411792755127","78.0","53.0","1.0714285714285714","0.0","3.5035714285714286","215.08214285714286","0.13723884810841325","0.40352907961604956","['features|aspect=1.071|area=0.0101|dark_contrast=0.40|sat_contrast=0.14|edge_density=0.0000|flags=elongated:0_thin:1_dark:0_saturated:0_large:0_edge:0', 'no_rule_matched_confidently']","0.22491547460757474","0.4913553311196092","0.5610294127464295","0.22491547460757474","0.3888759160958988","minimum","0.22491547460757474","S3","O3","D3","Critical","Stop release or production path until authorised review is complete.","True","S3|O3|D3","True","['Fused confidence 0.225 is below operational threshold 0.600.', 'Semantic label is unknown or not confidently mapped to the taxonomy.', 'Critical risk class requires operator confirmation before release decision.']","outputs/risk_padim_capsule_semantic_v3/artefacts/capsule__test__faulty_imprint__008_heatmap_overlay.png","outputs/risk_padim_capsule_semantic_v3/artefacts/capsule__test__faulty_imprint__008_mask.png","outputs/risk_padim_capsule_semantic_v3/artefacts/capsule__test__faulty_imprint__008_annotated.png","simple_statistical_reference","0.42","minimum",""
"capsule__test__faulty_imprint__009","data/mvtec_anomaly_detection/capsule/test/faulty_imprint/009.png","88f6285eea87cbdb784d3c9a4118d2f3c381b219364c62f113c9912d820be8b3","2026-06-08T23:17:38.221431+00:00","anomalib_padim","0.21024420517759898","0.5","True","0.21024420517759898","0.289755794822401","0.5819278328538877","0.0277099609375","5","[{'x': 161, 'y': 103, 'w': 26, 'h': 63, 'area_px': 988, 'area_ratio': 0.01507568359375, 'mean_heat': 0.5765023827552795, 'max_heat': 1.0, 'x2': 187, 'y2': 166, 'aspect_ratio': 2.423076923076923}, {'x': 38, 'y': 24, 'w': 23, 'h': 24, 'area_px': 430, 'area_ratio': 0.006561279296875, 'mean_heat': 0.5417602062225342, 'max_heat': 0.7058823704719543, 'x2': 61, 'y2': 48, 'aspect_ratio': 1.0434782608695652}, {'x': 141, 'y': 64, 'w': 15, 'h': 19, 'area_px': 223, 'area_ratio': 0.0034027099609375, 'mean_heat': 0.5648642182350159, 'max_heat': 0.7568627595901489, 'x2': 156, 'y2': 83, 'aspect_ratio': 1.2666666666666666}, {'x': 70, 'y': 63, 'w': 10, 'h': 12, 'area_px': 97, 'area_ratio': 0.0014801025390625, 'mean_heat': 0.4673135578632355, 'max_heat': 0.5137255191802979, 'x2': 80, 'y2': 75, 'aspect_ratio': 1.2}, {'x': 33, 'y': 99, 'w': 9, 'h': 11, 'area_px': 78, 'area_ratio': 0.001190185546875, 'mean_heat': 0.5057315230369568, 'max_heat': 0.5921568870544434, 'x2': 42, 'y2': 110, 'aspect_ratio': 1.2222222222222223}]","unknown","0.5774999999999999","rules_constrained_taxonomy","161.0","103.0","26.0","63.0","988.0","0.01507568359375","0.5765023827552795","1.0","187.0","166.0","2.423076923076923","0.11416361416361416","121.64346764346764","131.45726495726495","11.124480301695499","5.475827266966519","['features|aspect=2.423|area=0.0151|dark_contrast=5.48|sat_contrast=11.12|edge_density=0.1142|flags=elongated:0_thin:1_dark:0_saturated:0_large:0_edge:1', 'no_rule_matched_confidently']","0.21024420517759898","0.5819278328538877","0.5774999999999999","0.21024420517759898","0.4135632421860858","minimum","0.21024420517759898","S3","O3","D3","Critical","Stop release or production path until authorised review is complete.","True","S3|O3|D3","True","['Fused confidence 0.210 is below operational threshold 0.600.', 'Semantic label is unknown or not confidently mapped to the taxonomy.', 'Critical risk class requires operator confirmation before release decision.']","outputs/risk_padim_capsule_semantic_v3/artefacts/capsule__test__faulty_imprint__009_heatmap_overlay.png","outputs/risk_padim_capsule_semantic_v3/artefacts/capsule__test__faulty_imprint__009_mask.png","outputs/risk_padim_capsule_semantic_v3/artefacts/capsule__test__faulty_imprint__009_annotated.png","simple_statistical_reference","0.42","minimum",""
"capsule__test__faulty_imprint__010","data/mvtec_anomaly_detection/capsule/test/faulty_imprint/010.png","80f1a72c37815bae5d0733c6e6586293cd8283f58cc662104297f3a7917ca908","2026-06-08T23:17:38.272624+00:00","anomalib_padim","0.31783777087245424","0.5","True","0.31783777087245424","0.18216222912754576","0.6799059116519998","0.0123291015625","2","[{'x': 165, 'y': 122, 'w': 25, 'h': 27, 'area_px': 536, 'area_ratio': 0.0081787109375, 'mean_heat': 0.6171495914459229, 'max_heat': 1.0, 'x2': 190, 'y2': 149, 'aspect_ratio': 1.08}, {'x': 195, 'y': 198, 'w': 17, 'h': 20, 'area_px': 272, 'area_ratio': 0.004150390625, 'mean_heat': 0.5448529720306396, 'max_heat': 0.729411780834198, 'x2': 212, 'y2': 218, 'aspect_ratio': 1.1764705882352942}]","unknown","0.5774999999999999","rules_constrained_taxonomy","165.0","122.0","25.0","27.0","536.0","0.0081787109375","0.6171495914459229","1.0","190.0","149.0","1.08","0.1688888888888889","119.11259259259259","135.34962962962962","5.144923005819209","0.0","['features|aspect=1.080|area=0.0082|dark_contrast=0.00|sat_contrast=5.14|edge_density=0.1689|flags=elongated:0_thin:1_dark:0_saturated:0_large:0_edge:1', 'no_rule_matched_confidently']","0.31783777087245424","0.6799059116519998","0.5774999999999999","0.31783777087245424","0.49137377038820435","minimum","0.31783777087245424","S3","O3","D3","Critical","Stop release or production path until authorised review is complete.","True","S3|O3|D3","True","['Fused confidence 0.318 is below operational threshold 0.600.', 'Semantic label is unknown or not confidently mapped to the taxonomy.', 'Critical risk class requires operator confirmation before release decision.']","outputs/risk_padim_capsule_semantic_v3/artefacts/capsule__test__faulty_imprint__010_heatmap_overlay.png","outputs/risk_padim_capsule_semantic_v3/artefacts/capsule__test__faulty_imprint__010_mask.png","outputs/risk_padim_capsule_semantic_v3/artefacts/capsule__test__faulty_imprint__010_annotated.png","simple_statistical_reference","0.42","minimum",""
"capsule__test__faulty_imprint__011","data/mvtec_anomaly_detection/capsule/test/faulty_imprint/011.png","119dff7b931cb8738bb76f2d409ff2472c4f301f22895a0effbd6dc55c38f4d5","2026-06-08T23:17:38.321263+00:00","anomalib_padim","0.34660711833482855","0.5","True","0.34660711833482855","0.15339288166517145","0.6562277221108739","0.00799560546875","3","[{'x': 201, 'y': 198, 'w': 21, 'h': 23, 'area_px': 377, 'area_ratio': 0.0057525634765625, 'mean_heat': 0.6290321350097656, 'max_heat': 1.0, 'x2': 222, 'y2': 221, 'aspect_ratio': 1.0952380952380953}, {'x': 199, 'y': 167, 'w': 11, 'h': 11, 'area_px': 95, 'area_ratio': 0.0014495849609375, 'mean_heat': 0.5023736953735352, 'max_heat': 0.5960784554481506, 'x2': 210, 'y2': 178, 'aspect_ratio': 1.0}, {'x': 92, 'y': 117, 'w': 8, 'h': 8, 'area_px': 52, 'area_ratio': 0.00079345703125, 'mean_heat': 0.45610862970352173, 'max_heat': 0.48235294222831726, 'x2': 100, 'y2': 125, 'aspect_ratio': 1.0}]","unknown","0.5774999999999999","rules_constrained_taxonomy","201.0","198.0","21.0","23.0","377.0","0.0057525634765625","0.6290321350097656","1.0","222.0","221.0","1.0952380952380953","0.016563146997929608","8.05175983436853","202.8136645962733","0.22751944491074916","0.3554275728188827","['features|aspect=1.095|area=0.0058|dark_contrast=0.36|sat_contrast=0.23|edge_density=0.0166|flags=elongated:0_thin:1_dark:0_saturated:0_large:0_edge:0', 'no_rule_matched_confidently']","0.34660711833482855","0.6562277221108739","0.5774999999999999","0.34660711833482855","0.49721651988393495","minimum","0.34660711833482855","S3","O3","D3","Critical","Stop release or production path until authorised review is complete.","True","S3|O3|D3","True","['Fused confidence 0.347 is below operational threshold 0.600.', 'Semantic label is unknown or not confidently mapped to the taxonomy.', 'Critical risk class requires operator confirmation before release decision.']","outputs/risk_padim_capsule_semantic_v3/artefacts/capsule__test__faulty_imprint__011_heatmap_overlay.png","outputs/risk_padim_capsule_semantic_v3/artefacts/capsule__test__faulty_imprint__011_mask.png","outputs/risk_padim_capsule_semantic_v3/artefacts/capsule__test__faulty_imprint__011_annotated.png","simple_statistical_reference","0.42","minimum",""
"capsule__test__faulty_imprint__012","data/mvtec_anomaly_detection/capsule/test/faulty_imprint/012.png","163c7e218ba779b31f49768b33e1a54e1da66327a7088745241714582511161e","2026-06-08T23:17:38.372721+00:00","anomalib_padim","0.469805474842886","0.5","True","0.469805474842886","0.030194525157114016","0.8404423266649246","0.00543212890625","1","[{'x': 203, 'y': 201, 'w': 20, 'h': 23, 'area_px': 356, 'area_ratio': 0.00543212890625, 'mean_heat': 0.6378827691078186, 'max_heat': 1.0, 'x2': 223, 'y2': 224, 'aspect_ratio': 1.15}]","unknown","0.5774999999999999","rules_constrained_taxonomy","203.0","201.0","20.0","23.0","356.0","0.00543212890625","0.6378827691078186","1.0","223.0","224.0","1.15","0.010869565217391304","7.778260869565218","204.3978260869565","0.2573516660473185","0.1370741979437753","['features|aspect=1.150|area=0.0054|dark_contrast=0.14|sat_contrast=0.26|edge_density=0.0109|flags=elongated:0_thin:1_dark:0_saturated:0_large:0_edge:0', 'no_rule_matched_confidently']","0.469805474842886","0.8404423266649246","0.5774999999999999","0.469805474842886","0.6079201616787759","minimum","0.469805474842886","S3","O3","D3","Critical","Stop release or production path until authorised review is complete.","True","S3|O3|D3","True","['Fused confidence 0.470 is below operational threshold 0.600.', 'Semantic label is unknown or not confidently mapped to the taxonomy.', 'Anomaly score is close to the decision boundary; margin=0.030.', 'Critical risk class requires operator confirmation before release decision.']","outputs/risk_padim_capsule_semantic_v3/artefacts/capsule__test__faulty_imprint__012_heatmap_overlay.png","outputs/risk_padim_capsule_semantic_v3/artefacts/capsule__test__faulty_imprint__012_mask.png","outputs/risk_padim_capsule_semantic_v3/artefacts/capsule__test__faulty_imprint__012_annotated.png","simple_statistical_reference","0.42","minimum",""
"capsule__test__faulty_imprint__013","data/mvtec_anomaly_detection/capsule/test/faulty_imprint/013.png","a7871a5a0de1974ccdc0ec53e2bddf7e1291fcb4573cc5466e0608b76f88713d","2026-06-08T23:17:38.422582+00:00","anomalib_padim","0.2714581835712903","0.5","True","0.2714581835712903","0.2285418164287097","0.5462292450474004","0.0180511474609375","4","[{'x': 198, 'y': 196, 'w': 23, 'h': 25, 'area_px': 467, 'area_ratio': 0.0071258544921875, 'mean_heat': 0.6217827796936035, 'max_heat': 1.0, 'x2': 221, 'y2': 221, 'aspect_ratio': 1.0869565217391304}, {'x': 177, 'y': 107, 'w': 32, 'h': 29, 'area_px': 510, 'area_ratio': 0.007781982421875, 'mean_heat': 0.5362322926521301, 'max_heat': 0.7529411911964417, 'x2': 209, 'y2': 136, 'aspect_ratio': 1.103448275862069}, {'x': 101, 'y': 27, 'w': 12, 'h': 15, 'area_px': 144, 'area_ratio': 0.002197265625, 'mean_heat': 0.48850759863853455, 'max_heat': 0.5686274766921997, 'x2': 113, 'y2': 42, 'aspect_ratio': 1.25}, {'x': 198, 'y': 168, 'w': 10, 'h': 9, 'area_px': 62, 'area_ratio': 0.000946044921875, 'mean_heat': 0.4601518213748932, 'max_heat': 0.4941176474094391, 'x2': 208, 'y2': 177, 'aspect_ratio': 1.1111111111111112}]","unknown","0.5774999999999999","rules_constrained_taxonomy","198.0","196.0","23.0","25.0","467.0","0.0071258544921875","0.6217827796936035","1.0","221.0","221.0","1.0869565217391304","0.01391304347826087","8.238260869565217","202.45217391304348","0.13384669766430157","0.0","['features|aspect=1.087|area=0.0071|dark_contrast=0.00|sat_contrast=0.13|edge_density=0.0139|flags=elongated:0_thin:1_dark:0_saturated:0_large:0_edge:0', 'no_rule_matched_confidently']","0.2714581835712903","0.5462292450474004","0.5774999999999999","0.2714581835712903","0.4303999561213007","minimum","0.2714581835712903","S3","O3","D3","Critical","Stop release or production path until authorised review is complete.","True","S3|O3|D3","True","['Fused confidence 0.271 is below operational threshold 0.600.', 'Semantic label is unknown or not confidently mapped to the taxonomy.', 'Critical risk class requires operator confirmation before release decision.']","outputs/risk_padim_capsule_semantic_v3/artefacts/capsule__test__faulty_imprint__013_heatmap_overlay.png","outputs/risk_padim_capsule_semantic_v3/artefacts/capsule__test__faulty_imprint__013_mask.png","outputs/risk_padim_capsule_semantic_v3/artefacts/capsule__test__faulty_imprint__013_annotated.png","simple_statistical_reference","0.42","minimum",""
"capsule__test__faulty_imprint__014","data/mvtec_anomaly_detection/capsule/test/faulty_imprint/014.png","8594fdb86e2720d7177ec117ecbc1a7a3db5af38b92d67b9dfd8e5cb54938b4e","2026-06-08T23:17:38.472928+00:00","anomalib_padim","0.29969460514748736","0.5","True","0.29969460514748736","0.20030539485251264","0.5483628406137585","0.0296783447265625","4","[{'x': 65, 'y': 106, 'w': 66, 'h': 19, 'area_px': 727, 'area_ratio': 0.0110931396484375, 'mean_heat': 0.48748284578323364, 'max_heat': 0.6313725709915161, 'x2': 131, 'y2': 125, 'aspect_ratio': 3.473684210526316}, {'x': 158, 'y': 124, 'w': 25, 'h': 29, 'area_px': 553, 'area_ratio': 0.0084381103515625, 'mean_heat': 0.5251569151878357, 'max_heat': 0.6784313917160034, 'x2': 183, 'y2': 153, 'aspect_ratio': 1.16}, {'x': 202, 'y': 194, 'w': 20, 'h': 24, 'area_px': 377, 'area_ratio': 0.0057525634765625, 'mean_heat': 0.593072235584259, 'max_heat': 0.8588235378265381, 'x2': 222, 'y2': 218, 'aspect_ratio': 1.2}, {'x': 92, 'y': 27, 'w': 18, 'h': 21, 'area_px': 288, 'area_ratio': 0.00439453125, 'mean_heat': 0.6336873769760132, 'max_heat': 1.0, 'x2': 110, 'y2': 48, 'aspect_ratio': 1.1666666666666667}]","scratch","0.7929803998470307","rules_constrained_taxonomy","65.0","106.0","66.0","19.0","727.0","0.0110931396484375","0.48748284578323364","0.6313725709915161","131.0","125.0","3.473684210526316","0.259170653907496","34.77511961722488","77.94497607655502","6.124531950719373","0.0","['features|aspect=3.474|area=0.0111|dark_contrast=0.00|sat_contrast=6.12|edge_density=0.2592|flags=elongated:1_thin:1_dark:0_saturated:0_large:0_edge:1', 'elongated_thin_region']","0.29969460514748736","0.5483628406137585","0.7929803998470307","0.29969460514748736","0.4976165244622546","minimum","0.29969460514748736","S2","O2","D3","High","Quarantine item or lot pending quality engineer review.","True","S2|O2|D3","True","['Fused confidence 0.300 is below operational threshold 0.600.']","outputs/risk_padim_capsule_semantic_v3/artefacts/capsule__test__faulty_imprint__014_heatmap_overlay.png","outputs/risk_padim_capsule_semantic_v3/artefacts/capsule__test__faulty_imprint__014_mask.png","outputs/risk_padim_capsule_semantic_v3/artefacts/capsule__test__faulty_imprint__014_annotated.png","simple_statistical_reference","0.42","minimum",""
"capsule__test__faulty_imprint__015","data/mvtec_anomaly_detection/capsule/test/faulty_imprint/015.png","8e72426f391e3fa629fd1a758d381b117867a2b8da02d6486b742c15f3bd18eb","2026-06-08T23:17:38.523339+00:00","anomalib_padim","0.44081029038178965","0.5","True","0.44081029038178965","0.05918970961821035","0.6583167229788318","0.0063629150390625","2","[{'x': 148, 'y': 136, 'w': 16, 'h': 19, 'area_px': 253, 'area_ratio': 0.0038604736328125, 'mean_heat': 0.6515229344367981, 'max_heat': 1.0, 'x2': 164, 'y2': 155, 'aspect_ratio': 1.1875}, {'x': 202, 'y': 203, 'w': 15, 'h': 15, 'area_px': 164, 'area_ratio': 0.00250244140625, 'mean_heat': 0.5192252993583679, 'max_heat': 0.6392157077789307, 'x2': 217, 'y2': 218, 'aspect_ratio': 1.0}]","unknown","0.5774999999999999","rules_constrained_taxonomy","148.0","136.0","16.0","19.0","253.0","0.0038604736328125","0.6515229344367981","1.0","164.0","155.0","1.1875","0.029605263157894735","134.42434210526315","124.88157894736842","16.739520676691725","7.207706766917298","['features|aspect=1.188|area=0.0039|dark_contrast=7.21|sat_contrast=16.74|edge_density=0.0296|flags=elongated:0_thin:1_dark:0_saturated:0_large:0_edge:0', 'no_rule_matched_confidently']","0.44081029038178965","0.6583167229788318","0.5774999999999999","0.44081029038178965","0.5402346475654549","minimum","0.44081029038178965","S3","O3","D3","Critical","Stop release or production path until authorised review is complete.","True","S3|O3|D3","True","['Fused confidence 0.441 is below operational threshold 0.600.', 'Semantic label is unknown or not confidently mapped to the taxonomy.', 'Anomaly score is close to the decision boundary; margin=0.059.', 'Critical risk class requires operator confirmation before release decision.']","outputs/risk_padim_capsule_semantic_v3/artefacts/capsule__test__faulty_imprint__015_heatmap_overlay.png","outputs/risk_padim_capsule_semantic_v3/artefacts/capsule__test__faulty_imprint__015_mask.png","outputs/risk_padim_capsule_semantic_v3/artefacts/capsule__test__faulty_imprint__015_annotated.png","simple_statistical_reference","0.42","minimum",""
"capsule__test__faulty_imprint__016","data/mvtec_anomaly_detection/capsule/test/faulty_imprint/016.png","71eadf823708eb4d51088ba8f95f9aae5e763b4f2540886eaaa65aa575cef163","2026-06-08T23:17:38.573374+00:00","anomalib_padim","0.4597720508640943","0.5","True","0.4597720508640943","0.040227949135905716","0.6429677762804036","0.0063018798828125","3","[{'x': 204, 'y': 202, 'w': 18, 'h': 20, 'area_px': 286, 'area_ratio': 0.004364013671875, 'mean_heat': 0.6402304172515869, 'max_heat': 1.0, 'x2': 222, 'y2': 222, 'aspect_ratio': 1.1111111111111112}, {'x': 110, 'y': 91, 'w': 9, 'h': 10, 'area_px': 73, 'area_ratio': 0.0011138916015625, 'mean_heat': 0.4752081632614136, 'max_heat': 0.5254902243614197, 'x2': 119, 'y2': 101, 'aspect_ratio': 1.1111111111111112}, {'x': 112, 'y': 31, 'w': 8, 'h': 9, 'area_px': 54, 'area_ratio': 0.000823974609375, 'mean_heat': 0.45366740226745605, 'max_heat': 0.48235294222831726, 'x2': 120, 'y2': 40, 'aspect_ratio': 1.125}]","unknown","0.5774999999999999","rules_constrained_taxonomy","204.0","202.0","18.0","20.0","286.0","0.004364013671875","0.6402304172515869","1.0","222.0","222.0","1.1111111111111112","0.022222222222222223","8.780555555555555","206.63888888888889","0.10980392156862706","0.43382352941176805","['features|aspect=1.111|area=0.0044|dark_contrast=0.43|sat_contrast=0.11|edge_density=0.0222|flags=elongated:0_thin:1_dark:0_saturated:0_large:0_edge:0', 'no_rule_matched_confidently']","0.4597720508640943","0.6429677762804036","0.5774999999999999","0.4597720508640943","0.5441627557729636","minimum","0.4597720508640943","S3","O3","D3","Critical","Stop release or production path until authorised review is complete.","True","S3|O3|D3","True","['Fused confidence 0.460 is below operational threshold 0.600.', 'Semantic label is unknown or not confidently mapped to the taxonomy.', 'Anomaly score is close to the decision boundary; margin=0.040.', 'Critical risk class requires operator confirmation before release decision.']","outputs/risk_padim_capsule_semantic_v3/artefacts/capsule__test__faulty_imprint__016_heatmap_overlay.png","outputs/risk_padim_capsule_semantic_v3/artefacts/capsule__test__faulty_imprint__016_mask.png","outputs/risk_padim_capsule_semantic_v3/artefacts/capsule__test__faulty_imprint__016_annotated.png","simple_statistical_reference","0.42","minimum",""
"capsule__test__faulty_imprint__017","data/mvtec_anomaly_detection/capsule/test/faulty_imprint/017.png","4e1d9bc962cf9ea39e2c102afb6d606ecec986fc693e18be9d3ef7f47b9d8439","2026-06-08T23:17:38.637451+00:00","anomalib_padim","0.21543804422481605","0.5","True","0.21543804422481605","0.28456195577518395","0.6206653527787231","0.0188446044921875","3","[{'x': 194, 'y': 197, 'w': 27, 'h': 33, 'area_px': 692, 'area_ratio': 0.01055908203125, 'mean_heat': 0.6221920251846313, 'max_heat': 1.0, 'x2': 221, 'y2': 230, 'aspect_ratio': 1.2222222222222223}, {'x': 110, 'y': 21, 'w': 18, 'h': 21, 'area_px': 298, 'area_ratio': 0.004547119140625, 'mean_heat': 0.5538623929023743, 'max_heat': 0.7176470756530762, 'x2': 128, 'y2': 42, 'aspect_ratio': 1.1666666666666667}, {'x': 146, 'y': 114, 'w': 15, 'h': 21, 'area_px': 245, 'area_ratio': 0.0037384033203125, 'mean_heat': 0.500504195690155, 'max_heat': 0.6039215922355652, 'x2': 161, 'y2': 135, 'aspect_ratio': 1.4}]","unknown","0.5774999999999999","rules_constrained_taxonomy","194.0","197.0","27.0","33.0","692.0","0.01055908203125","0.6221920251846313","1.0","221.0","230.0","1.2222222222222223","0.008978675645342313","7.961840628507296","203.92031425364758","0.14874313988378152","0.0","['features|aspect=1.222|area=0.0106|dark_contrast=0.00|sat_contrast=0.15|edge_density=0.0090|flags=elongated:0_thin:1_dark:0_saturated:0_large:0_edge:0', 'no_rule_matched_confidently']","0.21543804422481605","0.6206653527787231","0.5774999999999999","0.21543804422481605","0.42752172573478414","minimum","0.21543804422481605","S3","O3","D3","Critical","Stop release or production path until authorised review is complete.","True","S3|O3|D3","True","['Fused confidence 0.215 is below operational threshold 0.600.', 'Semantic label is unknown or not confidently mapped to the taxonomy.', 'Critical risk class requires operator confirmation before release decision.']","outputs/risk_padim_capsule_semantic_v3/artefacts/capsule__test__faulty_imprint__017_heatmap_overlay.png","outputs/risk_padim_capsule_semantic_v3/artefacts/capsule__test__faulty_imprint__017_mask.png","outputs/risk_padim_capsule_semantic_v3/artefacts/capsule__test__faulty_imprint__017_annotated.png","simple_statistical_reference","0.42","minimum",""
"capsule__test__faulty_imprint__018","data/mvtec_anomaly_detection/capsule/test/faulty_imprint/018.png","c1a9cb94bbadbc38e9dbcbb7fe723574db7b5331167e72a4c577c9c4f235bcdf","2026-06-08T23:17:38.709015+00:00","anomalib_padim","0.21468000220584976","0.5","True","0.21468000220584976","0.28531999779415024","0.7428060751593728","0.0526885986328125","3","[{'x': 44, 'y': 86, 'w': 86, 'h': 44, 'area_px': 2740, 'area_ratio': 0.04180908203125, 'mean_heat': 0.697685718536377, 'max_heat': 1.0, 'x2': 130, 'y2': 130, 'aspect_ratio': 1.9545454545454546}, {'x': 195, 'y': 195, 'w': 26, 'h': 28, 'area_px': 588, 'area_ratio': 0.00897216796875, 'mean_heat': 0.606749415397644, 'max_heat': 0.9529411792755127, 'x2': 221, 'y2': 223, 'aspect_ratio': 1.0769230769230769}, {'x': 190, 'y': 118, 'w': 12, 'h': 14, 'area_px': 125, 'area_ratio': 0.0019073486328125, 'mean_heat': 0.5012706518173218, 'max_heat': 0.5921568870544434, 'x2': 202, 'y2': 132, 'aspect_ratio': 1.1666666666666667}]","surface_defect","0.753","rules_constrained_taxonomy","44.0","86.0","86.0","44.0","2740.0","0.04180908203125","0.697685718536377","1.0","130.0","130.0","1.9545454545454546","0.10068710359408034","30.816067653276956","63.2026955602537","0.632897718636432","13.92557241360251","['features|aspect=1.955|area=0.0418|dark_contrast=13.93|sat_contrast=0.63|edge_density=0.1007|flags=elongated:0_thin:0_dark:0_saturated:0_large:0_edge:1', 'high_heat_moderate_area_surface_defect_fallback']","0.21468000220584976","0.7428060751593728","0.753","0.21468000220584976","0.5076978235404442","minimum","0.21468000220584976","S3","O2","D3","High","Quarantine item or lot pending quality engineer review.","True","S3|O2|D3","True","['Fused confidence 0.215 is below operational threshold 0.600.']","outputs/risk_padim_capsule_semantic_v3/artefacts/capsule__test__faulty_imprint__018_heatmap_overlay.png","outputs/risk_padim_capsule_semantic_v3/artefacts/capsule__test__faulty_imprint__018_mask.png","outputs/risk_padim_capsule_semantic_v3/artefacts/capsule__test__faulty_imprint__018_annotated.png","simple_statistical_reference","0.42","minimum",""
"capsule__test__faulty_imprint__019","data/mvtec_anomaly_detection/capsule/test/faulty_imprint/019.png","bb51dd955baf0700a94b8eeca32816ea8365bfdfdcdc332f569a91592014c919","2026-06-08T23:17:38.781430+00:00","anomalib_padim","0.3449978366298447","0.5","True","0.3449978366298447","0.15500216337015532","0.8334334552288054","0.007171630859375","1","[{'x': 205, 'y': 199, 'w': 25, 'h': 26, 'area_px': 470, 'area_ratio': 0.007171630859375, 'mean_heat': 0.6198915243148804, 'max_heat': 1.0, 'x2': 230, 'y2': 225, 'aspect_ratio': 1.04}]","unknown","0.5774999999999999","rules_constrained_taxonomy","205.0","199.0","25.0","26.0","470.0","0.007171630859375","0.6198915243148804","1.0","230.0","225.0","1.04","0.007692307692307693","7.869230769230769","206.18923076923076","0.24459036898061282","0.2689573840793571","['features|aspect=1.040|area=0.0072|dark_contrast=0.27|sat_contrast=0.24|edge_density=0.0077|flags=elongated:0_thin:1_dark:0_saturated:0_large:0_edge:0', 'no_rule_matched_confidently']","0.3449978366298447","0.8334334552288054","0.5774999999999999","0.3449978366298447","0.5496540630520717","minimum","0.3449978366298447","S3","O3","D3","Critical","Stop release or production path until authorised review is complete.","True","S3|O3|D3","True","['Fused confidence 0.345 is below operational threshold 0.600.', 'Semantic label is unknown or not confidently mapped to the taxonomy.', 'Critical risk class requires operator confirmation before release decision.']","outputs/risk_padim_capsule_semantic_v3/artefacts/capsule__test__faulty_imprint__019_heatmap_overlay.png","outputs/risk_padim_capsule_semantic_v3/artefacts/capsule__test__faulty_imprint__019_mask.png","outputs/risk_padim_capsule_semantic_v3/artefacts/capsule__test__faulty_imprint__019_annotated.png","simple_statistical_reference","0.42","minimum",""
"capsule__test__faulty_imprint__020","data/mvtec_anomaly_detection/capsule/test/faulty_imprint/020.png","080e2c2c0141764e6d85402f28b08f75ebd452f8deb5535a9917b0d13ff96ed9","2026-06-08T23:17:38.844484+00:00","anomalib_padim","0.1486901840252299","0.5","True","0.1486901840252299","0.35130981597477007","0.6503646496603848","0.0558319091796875","3","[{'x': 156, 'y': 112, 'w': 66, 'h': 45, 'area_px': 2089, 'area_ratio': 0.0318756103515625, 'mean_heat': 0.5992003083229065, 'max_heat': 1.0, 'x2': 222, 'y2': 157, 'aspect_ratio': 1.4666666666666666}, {'x': 52, 'y': 124, 'w': 74, 'h': 22, 'area_px': 1011, 'area_ratio': 0.0154266357421875, 'mean_heat': 0.5051841735839844, 'max_heat': 0.6392157077789307, 'x2': 126, 'y2': 146, 'aspect_ratio': 3.3636363636363638}, {'x': 55, 'y': 59, 'w': 26, 'h': 27, 'area_px': 559, 'area_ratio': 0.0085296630859375, 'mean_heat': 0.591329038143158, 'max_heat': 0.8588235378265381, 'x2': 81, 'y2': 86, 'aspect_ratio': 1.0384615384615385}]","surface_defect","0.753","rules_constrained_taxonomy","156.0","112.0","66.0","45.0","2089.0","0.0318756103515625","0.5992003083229065","1.0","222.0","157.0","1.4666666666666666","0.0707070707070707","136.31313131313132","133.1979797979798","11.80793339229966","0.8460026090573933","['features|aspect=1.467|area=0.0319|dark_contrast=0.85|sat_contrast=11.81|edge_density=0.0707|flags=elongated:0_thin:0_dark:0_saturated:0_large:0_edge:1', 'high_heat_moderate_area_surface_defect_fallback']","0.1486901840252299","0.6503646496603848","0.753","0.1486901840252299","0.45026997770946886","minimum","0.1486901840252299","S3","O2","D3","High","Quarantine item or lot pending quality engineer review.","True","S3|O2|D3","True","['Fused confidence 0.149 is below operational threshold 0.600.']","outputs/risk_padim_capsule_semantic_v3/artefacts/capsule__test__faulty_imprint__020_heatmap_overlay.png","outputs/risk_padim_capsule_semantic_v3/artefacts/capsule__test__faulty_imprint__020_mask.png","outputs/risk_padim_capsule_semantic_v3/artefacts/capsule__test__faulty_imprint__020_annotated.png","simple_statistical_reference","0.42","minimum",""
"capsule__test__faulty_imprint__021","data/mvtec_anomaly_detection/capsule/test/faulty_imprint/021.png","154bc60aeb74906946b1aba1a41ee49f21a7146dd28937cb2c341eb58dfef8e7","2026-06-08T23:17:38.939195+00:00","anomalib_padim","0.6107685424610888","0.5","True","0.6107685424610888","0.1107685424610888","0.7471896237190466","0.011932373046875","2","[{'x': 109, 'y': 91, 'w': 31, 'h': 31, 'area_px': 646, 'area_ratio': 0.009857177734375, 'mean_heat': 0.6277363300323486, 'max_heat': 1.0, 'x2': 140, 'y2': 122, 'aspect_ratio': 1.0}, {'x': 142, 'y': 150, 'w': 13, 'h': 13, 'area_px': 136, 'area_ratio': 0.0020751953125, 'mean_heat': 0.5812860131263733, 'max_heat': 0.7882353067398071, 'x2': 155, 'y2': 163, 'aspect_ratio': 1.0}]","crack","0.883","rules_constrained_taxonomy","109.0","91.0","31.0","31.0","646.0","0.009857177734375","0.6277363300323486","1.0","140.0","122.0","1.0","0.06659729448491156","52.336108220603535","70.44328824141519","0.8169021913475731","19.896684596973216","['features|aspect=1.000|area=0.0099|dark_contrast=19.90|sat_contrast=0.82|edge_density=0.0666|flags=elongated:0_thin:1_dark:1_saturated:0_large:0_edge:1', 'dark_edge_rich_crack_like_region']","0.6107685424610888","0.7471896237190466","0.883","0.6107685424610888","0.7197527312232039","minimum","0.6107685424610888","S4","O2","D2","High","Quarantine item or lot pending quality engineer review.","True","S4|O2|D2","False","[]","outputs/risk_padim_capsule_semantic_v3/artefacts/capsule__test__faulty_imprint__021_heatmap_overlay.png","outputs/risk_padim_capsule_semantic_v3/artefacts/capsule__test__faulty_imprint__021_mask.png","outputs/risk_padim_capsule_semantic_v3/artefacts/capsule__test__faulty_imprint__021_annotated.png","simple_statistical_reference","0.42","minimum",""
"capsule__test__good__000","data/mvtec_anomaly_detection/capsule/test/good/000.png","86366d544a0182b04fdeacb62c9b23af8c72af24d35eaafeb8c210f603174728","2026-06-08T23:17:38.998871+00:00","anomalib_padim","0.23890253928629226","0.5","True","0.23890253928629226","0.26109746071370776","0.8508300364017487","0.0066375732421875","1","[{'x': 125, 'y': 165, 'w': 24, 'h': 22, 'area_px': 435, 'area_ratio': 0.0066375732421875, 'mean_heat': 0.6592923402786255, 'max_heat': 1.0, 'x2': 149, 'y2': 187, 'aspect_ratio': 1.0909090909090908}]","unknown","0.5774999999999999","rules_constrained_taxonomy","125.0","165.0","24.0","22.0","435.0","0.0066375732421875","0.6592923402786255","1.0","149.0","187.0","1.0909090909090908","0.03787878787878788","18.956439393939394","159.6818181818182","4.840271132376394","0.0","['features|aspect=1.091|area=0.0066|dark_contrast=0.00|sat_contrast=4.84|edge_density=0.0379|flags=elongated:0_thin:1_dark:0_saturated:0_large:0_edge:0', 'no_rule_matched_confidently']","0.23890253928629226","0.8508300364017487","0.5774999999999999","0.23890253928629226","0.5071301535993561","minimum","0.23890253928629226","S3","O3","D3","Critical","Stop release or production path until authorised review is complete.","True","S3|O3|D3","True","['Fused confidence 0.239 is below operational threshold 0.600.', 'Semantic label is unknown or not confidently mapped to the taxonomy.', 'Critical risk class requires operator confirmation before release decision.']","outputs/risk_padim_capsule_semantic_v3/artefacts/capsule__test__good__000_heatmap_overlay.png","outputs/risk_padim_capsule_semantic_v3/artefacts/capsule__test__good__000_mask.png","outputs/risk_padim_capsule_semantic_v3/artefacts/capsule__test__good__000_annotated.png","simple_statistical_reference","0.42","minimum",""
"capsule__test__good__001","data/mvtec_anomaly_detection/capsule/test/good/001.png","329429f109ca9750ed6accb74c719f9257bee603fbfcd91017932b06dfa21ef3","2026-06-08T23:17:39.066525+00:00","anomalib_padim","0.0","0.5","False","1.0","0.5","1.0","0.0","0","[]","normal","1.0","detector_normal_decision","","","","","","","","","","","","","","","","","","1.0","1.0","1.0","1.0","1.0","minimum","1.0","S1","O1","D1","Low","Continue monitoring; no immediate intervention required.","True","S1|O1|D1","False","[]","outputs/risk_padim_capsule_semantic_v3/artefacts/capsule__test__good__001_heatmap_overlay.png","outputs/risk_padim_capsule_semantic_v3/artefacts/capsule__test__good__001_mask.png","outputs/risk_padim_capsule_semantic_v3/artefacts/capsule__test__good__001_annotated.png","simple_statistical_reference","0.42","minimum","Image-level anomaly score did not exceed the calibrated threshold."
"capsule__test__good__002","data/mvtec_anomaly_detection/capsule/test/good/002.png","ae639724afbb0cd1f6c8fa9fc25518a12c05856ec755346d3f328dff0d096072","2026-06-08T23:17:39.117158+00:00","anomalib_padim","0.11684500460762057","0.5","False","0.8831549953923794","0.3831549953923794","0.8831549953923794","0.0","0","[]","normal","0.8831549953923794","detector_normal_decision","","","","","","","","","","","","","","","","","","0.8831549953923794","0.8831549953923794","0.8831549953923794","0.8831549953923794","0.8831549953923794","minimum","0.8831549953923794","S1","O1","D1","Low","Continue monitoring; no immediate intervention required.","True","S1|O1|D1","False","[]","outputs/risk_padim_capsule_semantic_v3/artefacts/capsule__test__good__002_heatmap_overlay.png","outputs/risk_padim_capsule_semantic_v3/artefacts/capsule__test__good__002_mask.png","outputs/risk_padim_capsule_semantic_v3/artefacts/capsule__test__good__002_annotated.png","simple_statistical_reference","0.42","minimum","Image-level anomaly score did not exceed the calibrated threshold."
"capsule__test__good__003","data/mvtec_anomaly_detection/capsule/test/good/003.png","04ba8c639ea47eead9e9e19e439aff38eafb735efd49e35f6f84f05791d3cd02","2026-06-08T23:17:39.170829+00:00","anomalib_padim","0.06075257270615182","0.5","False","0.9392474272938481","0.4392474272938482","0.9392474272938481","0.0","0","[]","normal","0.9392474272938481","detector_normal_decision","","","","","","","","","","","","","","","","","","0.9392474272938481","0.9392474272938481","0.9392474272938481","0.9392474272938481","0.9392474272938482","minimum","0.9392474272938481","S1","O1","D1","Low","Continue monitoring; no immediate intervention required.","True","S1|O1|D1","False","[]","outputs/risk_padim_capsule_semantic_v3/artefacts/capsule__test__good__003_heatmap_overlay.png","outputs/risk_padim_capsule_semantic_v3/artefacts/capsule__test__good__003_mask.png","outputs/risk_padim_capsule_semantic_v3/artefacts/capsule__test__good__003_annotated.png","simple_statistical_reference","0.42","minimum","Image-level anomaly score did not exceed the calibrated threshold."
"capsule__test__good__004","data/mvtec_anomaly_detection/capsule/test/good/004.png","f0ed2675bd817654bea97f73fd60ed1128b576124b5e183abd806eef1c9430bf","2026-06-08T23:17:39.226911+00:00","anomalib_padim","0.11852426179852858","0.5","False","0.8814757382014714","0.3814757382014714","0.8814757382014714","0.0","0","[]","normal","0.8814757382014714","detector_normal_decision","","","","","","","","","","","","","","","","","","0.8814757382014714","0.8814757382014714","0.8814757382014714","0.8814757382014714","0.8814757382014714","minimum","0.8814757382014714","S1","O1","D1","Low","Continue monitoring; no immediate intervention required.","True","S1|O1|D1","False","[]","outputs/risk_padim_capsule_semantic_v3/artefacts/capsule__test__good__004_heatmap_overlay.png","outputs/risk_padim_capsule_semantic_v3/artefacts/capsule__test__good__004_mask.png","outputs/risk_padim_capsule_semantic_v3/artefacts/capsule__test__good__004_annotated.png","simple_statistical_reference","0.42","minimum","Image-level anomaly score did not exceed the calibrated threshold."
"capsule__test__good__005","data/mvtec_anomaly_detection/capsule/test/good/005.png","10b27fd42d8fb15049a3c3a1654dfd2a271657cb339643e7b6878d06212338cf","2026-06-08T23:17:39.290684+00:00","anomalib_padim","0.009038937933803603","0.5","False","0.9909610620661964","0.4909610620661964","0.9909610620661964","0.0","0","[]","normal","0.9909610620661964","detector_normal_decision","","","","","","","","","","","","","","","","","","0.9909610620661964","0.9909610620661964","0.9909610620661964","0.9909610620661964","0.9909610620661964","minimum","0.9909610620661964","S1","O1","D1","Low","Continue monitoring; no immediate intervention required.","True","S1|O1|D1","False","[]","outputs/risk_padim_capsule_semantic_v3/artefacts/capsule__test__good__005_heatmap_overlay.png","outputs/risk_padim_capsule_semantic_v3/artefacts/capsule__test__good__005_mask.png","outputs/risk_padim_capsule_semantic_v3/artefacts/capsule__test__good__005_annotated.png","simple_statistical_reference","0.42","minimum","Image-level anomaly score did not exceed the calibrated threshold."
"capsule__test__good__006","data/mvtec_anomaly_detection/capsule/test/good/006.png","68eecb14ce7aeca6f1db41ce4a3e1d47c9e40221e2e2b5eee74b1333469828a5","2026-06-08T23:17:39.346946+00:00","anomalib_padim","0.8374507049991589","0.5","True","0.8374507049991589","0.33745070499915886","0.8518642246723174","0.0092010498046875","1","[{'x': 83, 'y': 47, 'w': 30, 'h': 26, 'area_px': 603, 'area_ratio': 0.0092010498046875, 'mean_heat': 0.6580301523208618, 'max_heat': 1.0, 'x2': 113, 'y2': 73, 'aspect_ratio': 1.1538461538461537}]","unknown","0.5774999999999999","rules_constrained_taxonomy","83.0","47.0","30.0","26.0","603.0","0.0092010498046875","0.6580301523208618","1.0","113.0","73.0","1.1538461538461537","0.014102564102564103","5.029487179487179","205.61666666666667","0.5124382863513297","0.0","['features|aspect=1.154|area=0.0092|dark_contrast=0.00|sat_contrast=0.51|edge_density=0.0141|flags=elongated:0_thin:1_dark:0_saturated:0_large:0_edge:0', 'no_rule_matched_confidently']","0.8374507049991589","0.8518642246723174","0.5774999999999999","0.5774999999999999","0.7767870846513167","minimum","0.5774999999999999","S3","O3","D2","High","Quarantine item or lot pending quality engineer review.","True","S3|O3|D2","True","['Fused confidence 0.577 is below operational threshold 0.600.', 'Semantic label is unknown or not confidently mapped to the taxonomy.']","outputs/risk_padim_capsule_semantic_v3/artefacts/capsule__test__good__006_heatmap_overlay.png","outputs/risk_padim_capsule_semantic_v3/artefacts/capsule__test__good__006_mask.png","outputs/risk_padim_capsule_semantic_v3/artefacts/capsule__test__good__006_annotated.png","simple_statistical_reference","0.42","minimum",""
"capsule__test__good__007","data/mvtec_anomaly_detection/capsule/test/good/007.png","a1ead780817351c8eab7c1a8e3bb8578bad97b2c94ad6b0eae126b0bd18e3cd7","2026-06-08T23:17:39.404610+00:00","anomalib_padim","0.16651493296950887","0.5","True","0.16651493296950887","0.33348506703049113","0.65873151510421","0.0113372802734375","2","[{'x': 73, 'y': 125, 'w': 48, 'h': 17, 'area_px': 471, 'area_ratio': 0.0071868896484375, 'mean_heat': 0.4544357657432556, 'max_heat': 0.5058823823928833, 'x2': 121, 'y2': 142, 'aspect_ratio': 2.823529411764706}, {'x': 44, 'y': 242, 'w': 24, 'h': 14, 'area_px': 272, 'area_ratio': 0.004150390625, 'mean_heat': 0.662024199962616, 'max_heat': 1.0, 'x2': 68, 'y2': 256, 'aspect_ratio': 1.7142857142857142}]","unknown","0.4045588338375091","rules_constrained_taxonomy","73.0","125.0","48.0","17.0","471.0","0.0071868896484375","0.4544357657432556","0.5058823823928833","121.0","142.0","2.823529411764706","0.2708333333333333","32.752450980392155","68.13357843137256","0.14828431372549034","0.0","['features|aspect=2.824|area=0.0072|dark_contrast=0.00|sat_contrast=0.15|edge_density=0.2708|flags=elongated:0_thin:1_dark:0_saturated:0_large:0_edge:1', 'no_rule_matched_confidently']","0.16651493296950887","0.65873151510421","0.4045588338375091","0.16651493296950887","0.3736908828269193","minimum","0.16651493296950887","S3","O3","D3","Critical","Stop release or production path until authorised review is complete.","True","S3|O3|D3","True","['Fused confidence 0.167 is below operational threshold 0.600.', 'Semantic label is unknown or not confidently mapped to the taxonomy.', 'Critical risk class requires operator confirmation before release decision.']","outputs/risk_padim_capsule_semantic_v3/artefacts/capsule__test__good__007_heatmap_overlay.png","outputs/risk_padim_capsule_semantic_v3/artefacts/capsule__test__good__007_mask.png","outputs/risk_padim_capsule_semantic_v3/artefacts/capsule__test__good__007_annotated.png","simple_statistical_reference","0.42","minimum",""
"capsule__test__good__008","data/mvtec_anomaly_detection/capsule/test/good/008.png","85840f30a41dd16c28973a43c2b25a38da5114b4d60e5966595af6c490fef44d","2026-06-08T23:17:39.460712+00:00","anomalib_padim","0.3694135657803294","0.5","True","0.3694135657803294","0.1305864342196706","0.6361236797415128","0.009185791015625","3","[{'x': 77, 'y': 35, 'w': 22, 'h': 21, 'area_px': 350, 'area_ratio': 0.005340576171875, 'mean_heat': 0.6289972066879272, 'max_heat': 0.9647058844566345, 'x2': 99, 'y2': 56, 'aspect_ratio': 1.0476190476190477}, {'x': 197, 'y': 164, 'w': 15, 'h': 16, 'area_px': 189, 'area_ratio': 0.0028839111328125, 'mean_heat': 0.6559186577796936, 'max_heat': 1.0, 'x2': 212, 'y2': 180, 'aspect_ratio': 1.0666666666666667}, {'x': 157, 'y': 199, 'w': 9, 'h': 9, 'area_px': 63, 'area_ratio': 0.0009613037109375, 'mean_heat': 0.4857765734195709, 'max_heat': 0.5411764979362488, 'x2': 166, 'y2': 208, 'aspect_ratio': 1.0}]","unknown","0.565147059559822","rules_constrained_taxonomy","77.0","35.0","22.0","21.0","350.0","0.005340576171875","0.6289972066879272","0.9647058844566345","99.0","56.0","1.0476190476190477","0.006493506493506494","5.348484848484849","211.35064935064935","0.06687788266735595","2.117344959450236","['features|aspect=1.048|area=0.0053|dark_contrast=2.12|sat_contrast=0.07|edge_density=0.0065|flags=elongated:0_thin:1_dark:0_saturated:0_large:0_edge:0', 'no_rule_matched_confidently']","0.3694135657803294","0.6361236797415128","0.565147059559822","0.3694135657803294","0.4983599734135576","minimum","0.3694135657803294","S3","O3","D3","Critical","Stop release or production path until authorised review is complete.","True","S3|O3|D3","True","['Fused confidence 0.369 is below operational threshold 0.600.', 'Semantic label is unknown or not confidently mapped to the taxonomy.', 'Critical risk class requires operator confirmation before release decision.']","outputs/risk_padim_capsule_semantic_v3/artefacts/capsule__test__good__008_heatmap_overlay.png","outputs/risk_padim_capsule_semantic_v3/artefacts/capsule__test__good__008_mask.png","outputs/risk_padim_capsule_semantic_v3/artefacts/capsule__test__good__008_annotated.png","simple_statistical_reference","0.42","minimum",""
"capsule__test__good__009","data/mvtec_anomaly_detection/capsule/test/good/009.png","90f188a440702eeaf5da17c8dca5c72296fb34ce49993dc802585ce3a7d14eae","2026-06-08T23:17:39.518255+00:00","anomalib_padim","0.17534049458714643","0.5","True","0.17534049458714643","0.3246595054128536","0.6768199223868625","0.0089111328125","3","[{'x': 212, 'y': 116, 'w': 23, 'h': 26, 'area_px': 453, 'area_ratio': 0.0069122314453125, 'mean_heat': 0.6435441970825195, 'max_heat': 1.0, 'x2': 235, 'y2': 142, 'aspect_ratio': 1.1304347826086956}, {'x': 0, 'y': 248, 'w': 11, 'h': 8, 'area_px': 76, 'area_ratio': 0.00115966796875, 'mean_heat': 0.474458247423172, 'max_heat': 0.5215686559677124, 'x2': 11, 'y2': 256, 'aspect_ratio': 1.375}, {'x': 192, 'y': 79, 'w': 8, 'h': 9, 'area_px': 55, 'area_ratio': 0.0008392333984375, 'mean_heat': 0.4718003273010254, 'max_heat': 0.5176470875740051, 'x2': 200, 'y2': 88, 'aspect_ratio': 1.125}]","contamination","0.8726280667701863","rules_constrained_taxonomy","212.0","116.0","23.0","26.0","453.0","0.0069122314453125","0.6435441970825195","1.0","235.0","142.0","1.1304347826086956","0.0","148.77926421404683","97.98829431438126","28.46363539841802","15.731485905398955","['features|aspect=1.130|area=0.0069|dark_contrast=15.73|sat_contrast=28.46|edge_density=0.0000|flags=elongated:0_thin:1_dark:0_saturated:1_large:0_edge:0', 'colour_or_saturation_shift']","0.17534049458714643","0.6768199223868625","0.8726280667701863","0.17534049458714643","0.5001062159728212","minimum","0.17534049458714643","S3","O2","D3","High","Quarantine item or lot pending quality engineer review.","True","S3|O2|D3","True","['Fused confidence 0.175 is below operational threshold 0.600.']","outputs/risk_padim_capsule_semantic_v3/artefacts/capsule__test__good__009_heatmap_overlay.png","outputs/risk_padim_capsule_semantic_v3/artefacts/capsule__test__good__009_mask.png","outputs/risk_padim_capsule_semantic_v3/artefacts/capsule__test__good__009_annotated.png","simple_statistical_reference","0.42","minimum",""
"capsule__test__good__010","data/mvtec_anomaly_detection/capsule/test/good/010.png","3e1d45837e483b3a95a66aabd9c19947691f14fd54b020723f42fad08a62c922","2026-06-08T23:17:39.569972+00:00","anomalib_padim","0.32386503391905924","0.5","True","0.32386503391905924","0.17613496608094076","0.84368095099926","0.0054779052734375","1","[{'x': 30, 'y': 111, 'w': 21, 'h': 22, 'area_px': 359, 'area_ratio': 0.0054779052734375, 'mean_heat': 0.6450161337852478, 'max_heat': 1.0, 'x2': 51, 'y2': 133, 'aspect_ratio': 1.0476190476190477}]","unknown","0.5774999999999999","rules_constrained_taxonomy","30.0","111.0","21.0","22.0","359.0","0.0054779052734375","0.6450161337852478","1.0","51.0","133.0","1.0476190476190477","0.023809523809523808","27.26839826839827","38.03679653679654","2.4298491930070867","8.695066905593222","['features|aspect=1.048|area=0.0055|dark_contrast=8.70|sat_contrast=2.43|edge_density=0.0238|flags=elongated:0_thin:1_dark:0_saturated:0_large:0_edge:0', 'no_rule_matched_confidently']","0.32386503391905924","0.84368095099926","0.5774999999999999","0.32386503391905924","0.5432185505633547","minimum","0.32386503391905924","S3","O3","D3","Critical","Stop release or production path until authorised review is complete.","True","S3|O3|D3","True","['Fused confidence 0.324 is below operational threshold 0.600.', 'Semantic label is unknown or not confidently mapped to the taxonomy.', 'Critical risk class requires operator confirmation before release decision.']","outputs/risk_padim_capsule_semantic_v3/artefacts/capsule__test__good__010_heatmap_overlay.png","outputs/risk_padim_capsule_semantic_v3/artefacts/capsule__test__good__010_mask.png","outputs/risk_padim_capsule_semantic_v3/artefacts/capsule__test__good__010_annotated.png","simple_statistical_reference","0.42","minimum",""
"capsule__test__good__011","data/mvtec_anomaly_detection/capsule/test/good/011.png","f4d1ddcfc0389391a704e4f4c9ab71457195d844a2e7d4b7f2c0692898d0d227","2026-06-08T23:17:39.627642+00:00","anomalib_padim","0.27912521065376","0.5","True","0.27912521065376","0.22087478934624","0.6487335967275064","0.0207672119140625","4","[{'x': 127, 'y': 224, 'w': 33, 'h': 32, 'area_px': 949, 'area_ratio': 0.0144805908203125, 'mean_heat': 0.5333127379417419, 'max_heat': 0.6549019813537598, 'x2': 160, 'y2': 256, 'aspect_ratio': 1.03125}, {'x': 148, 'y': 197, 'w': 17, 'h': 16, 'area_px': 217, 'area_ratio': 0.0033111572265625, 'mean_heat': 0.6492635607719421, 'max_heat': 1.0, 'x2': 165, 'y2': 213, 'aspect_ratio': 1.0625}, {'x': 65, 'y': 226, 'w': 13, 'h': 13, 'area_px': 137, 'area_ratio': 0.0020904541015625, 'mean_heat': 0.4994990825653076, 'max_heat': 0.5803921818733215, 'x2': 78, 'y2': 239, 'aspect_ratio': 1.0}, {'x': 0, 'y': 128, 'w': 7, 'h': 10, 'area_px': 58, 'area_ratio': 0.000885009765625, 'mean_heat': 0.49256259202957153, 'max_heat': 0.5568627715110779, 'x2': 7, 'y2': 138, 'aspect_ratio': 1.4285714285714286}]","unknown","0.4567156934738159","rules_constrained_taxonomy","127.0","224.0","33.0","32.0","949.0","0.0144805908203125","0.5333127379417419","0.6549019813537598","160.0","256.0","1.03125","0.015151515151515152","7.054924242424242","208.93655303030303","0.19099412492269696","0.0","['features|aspect=1.031|area=0.0145|dark_contrast=0.00|sat_contrast=0.19|edge_density=0.0152|flags=elongated:0_thin:1_dark:0_saturated:0_large:0_edge:0', 'no_rule_matched_confidently']","0.27912521065376","0.6487335967275064","0.4567156934738159","0.27912521065376","0.4344053471808979","minimum","0.27912521065376","S3","O3","D3","Critical","Stop release or production path until authorised review is complete.","True","S3|O3|D3","True","['Fused confidence 0.279 is below operational threshold 0.600.', 'Semantic label is unknown or not confidently mapped to the taxonomy.', 'Critical risk class requires operator confirmation before release decision.']","outputs/risk_padim_capsule_semantic_v3/artefacts/capsule__test__good__011_heatmap_overlay.png","outputs/risk_padim_capsule_semantic_v3/artefacts/capsule__test__good__011_mask.png","outputs/risk_padim_capsule_semantic_v3/artefacts/capsule__test__good__011_annotated.png","simple_statistical_reference","0.42","minimum",""
"capsule__test__good__012","data/mvtec_anomaly_detection/capsule/test/good/012.png","3e2dc3cb88d1d937c41e5a0cc317f253eb89a369b03fd5b77f904857a6e802fd","2026-06-08T23:17:39.681302+00:00","anomalib_padim","0.044798058934600316","0.5","False","0.9552019410653997","0.4552019410653997","0.9552019410653997","0.0","0","[]","normal","0.9552019410653997","detector_normal_decision","","","","","","","","","","","","","","","","","","0.9552019410653997","0.9552019410653997","0.9552019410653997","0.9552019410653997","0.9552019410653996","minimum","0.9552019410653997","S1","O1","D1","Low","Continue monitoring; no immediate intervention required.","True","S1|O1|D1","False","[]","outputs/risk_padim_capsule_semantic_v3/artefacts/capsule__test__good__012_heatmap_overlay.png","outputs/risk_padim_capsule_semantic_v3/artefacts/capsule__test__good__012_mask.png","outputs/risk_padim_capsule_semantic_v3/artefacts/capsule__test__good__012_annotated.png","simple_statistical_reference","0.42","minimum","Image-level anomaly score did not exceed the calibrated threshold."
"capsule__test__good__013","data/mvtec_anomaly_detection/capsule/test/good/013.png","2934c67a6c46d6a8ede27f506ea989b30bdaca87d700548fc2bac5b00a6ce596","2026-06-08T23:17:39.743653+00:00","anomalib_padim","0.3050776200116914","0.5","True","0.3050776200116914","0.19492237998830858","0.8445411682128905","0.003753662109375","1","[{'x': 68, 'y': 67, 'w': 18, 'h': 18, 'area_px': 246, 'area_ratio': 0.003753662109375, 'mean_heat': 0.649322509765625, 'max_heat': 1.0, 'x2': 86, 'y2': 85, 'aspect_ratio': 1.0}]","unknown","0.5774999999999999","rules_constrained_taxonomy","68.0","67.0","18.0","18.0","246.0","0.003753662109375","0.649322509765625","1.0","86.0","85.0","1.0","0.024691358024691357","8.132716049382717","180.89506172839506","1.1700521167072484","0.0","['features|aspect=1.000|area=0.0038|dark_contrast=0.00|sat_contrast=1.17|edge_density=0.0247|flags=elongated:0_thin:1_dark:0_saturated:0_large:0_edge:0', 'no_rule_matched_confidently']","0.3050776200116914","0.8445411682128905","0.5774999999999999","0.3050776200116914","0.5350222794691282","minimum","0.3050776200116914","S3","O3","D3","Critical","Stop release or production path until authorised review is complete.","True","S3|O3|D3","True","['Fused confidence 0.305 is below operational threshold 0.600.', 'Semantic label is unknown or not confidently mapped to the taxonomy.', 'Critical risk class requires operator confirmation before release decision.']","outputs/risk_padim_capsule_semantic_v3/artefacts/capsule__test__good__013_heatmap_overlay.png","outputs/risk_padim_capsule_semantic_v3/artefacts/capsule__test__good__013_mask.png","outputs/risk_padim_capsule_semantic_v3/artefacts/capsule__test__good__013_annotated.png","simple_statistical_reference","0.42","minimum",""
"capsule__test__good__014","data/mvtec_anomaly_detection/capsule/test/good/014.png","4f0f1a2180cea8d3c1d77a6c27535553c2d6b9d069bf5904205f2990050665cc","2026-06-08T23:17:39.805454+00:00","anomalib_padim","0.35764089826691986","0.5","True","0.35764089826691986","0.14235910173308014","0.6438435300754606","0.0105743408203125","2","[{'x': 77, 'y': 63, 'w': 22, 'h': 20, 'area_px': 347, 'area_ratio': 0.0052947998046875, 'mean_heat': 0.6598293781280518, 'max_heat': 1.0, 'x2': 99, 'y2': 83, 'aspect_ratio': 1.1}, {'x': 217, 'y': 9, 'w': 22, 'h': 21, 'area_px': 346, 'area_ratio': 0.005279541015625, 'mean_heat': 0.5997733473777771, 'max_heat': 0.9137254953384399, 'x2': 239, 'y2': 30, 'aspect_ratio': 1.0476190476190477}]","unknown","0.5774999999999999","rules_constrained_taxonomy","77.0","63.0","22.0","20.0","347.0","0.0052947998046875","0.6598293781280518","1.0","99.0","83.0","1.1","0.01818181818181818","7.345454545454546","189.21136363636364","1.3913875598086118","0.0","['features|aspect=1.100|area=0.0053|dark_contrast=0.00|sat_contrast=1.39|edge_density=0.0182|flags=elongated:0_thin:1_dark:0_saturated:0_large:0_edge:0', 'no_rule_matched_confidently']","0.35764089826691986","0.6438435300754606","0.5774999999999999","0.35764089826691986","0.49846646324275207","minimum","0.35764089826691986","S3","O3","D3","Critical","Stop release or production path until authorised review is complete.","True","S3|O3|D3","True","['Fused confidence 0.358 is below operational threshold 0.600.', 'Semantic label is unknown or not confidently mapped to the taxonomy.', 'Critical risk class requires operator confirmation before release decision.']","outputs/risk_padim_capsule_semantic_v3/artefacts/capsule__test__good__014_heatmap_overlay.png","outputs/risk_padim_capsule_semantic_v3/artefacts/capsule__test__good__014_mask.png","outputs/risk_padim_capsule_semantic_v3/artefacts/capsule__test__good__014_annotated.png","simple_statistical_reference","0.42","minimum",""
"capsule__test__good__015","data/mvtec_anomaly_detection/capsule/test/good/015.png","73f9292911fe95711bec4fcb425d3bee1c98cd7644c85060cc07128a4a4503da","2026-06-08T23:17:39.855259+00:00","anomalib_padim","0.08662089820204194","0.5","False","0.913379101797958","0.41337910179795806","0.913379101797958","0.0","0","[]","normal","0.913379101797958","detector_normal_decision","","","","","","","","","","","","","","","","","","0.913379101797958","0.913379101797958","0.913379101797958","0.913379101797958","0.913379101797958","minimum","0.913379101797958","S1","O1","D1","Low","Continue monitoring; no immediate intervention required.","True","S1|O1|D1","False","[]","outputs/risk_padim_capsule_semantic_v3/artefacts/capsule__test__good__015_heatmap_overlay.png","outputs/risk_padim_capsule_semantic_v3/artefacts/capsule__test__good__015_mask.png","outputs/risk_padim_capsule_semantic_v3/artefacts/capsule__test__good__015_annotated.png","simple_statistical_reference","0.42","minimum","Image-level anomaly score did not exceed the calibrated threshold."
"capsule__test__good__016","data/mvtec_anomaly_detection/capsule/test/good/016.png","9308c98dc2b02a4ef41facc17f016b7a2badddf085945cee047bc724db1b7cee","2026-06-08T23:17:39.907042+00:00","anomalib_padim","0.06591129528434737","0.5","False","0.9340887047156526","0.43408870471565264","0.9340887047156526","0.0","0","[]","normal","0.9340887047156526","detector_normal_decision","","","","","","","","","","","","","","","","","","0.9340887047156526","0.9340887047156526","0.9340887047156526","0.9340887047156526","0.9340887047156526","minimum","0.9340887047156526","S1","O1","D1","Low","Continue monitoring; no immediate intervention required.","True","S1|O1|D1","False","[]","outputs/risk_padim_capsule_semantic_v3/artefacts/capsule__test__good__016_heatmap_overlay.png","outputs/risk_padim_capsule_semantic_v3/artefacts/capsule__test__good__016_mask.png","outputs/risk_padim_capsule_semantic_v3/artefacts/capsule__test__good__016_annotated.png","simple_statistical_reference","0.42","minimum","Image-level anomaly score did not exceed the calibrated threshold."
"capsule__test__good__017","data/mvtec_anomaly_detection/capsule/test/good/017.png","210099387bd7d4e3812bfddc1071e60dc9b532ed7feb21487c88ad6b1e3e7e93","2026-06-08T23:17:39.957683+00:00","anomalib_padim","0.04329793692804115","0.5","False","0.9567020630719588","0.4567020630719588","0.9567020630719588","0.0","0","[]","normal","0.9567020630719588","detector_normal_decision","","","","","","","","","","","","","","","","","","0.9567020630719588","0.9567020630719588","0.9567020630719588","0.9567020630719588","0.9567020630719588","minimum","0.9567020630719588","S1","O1","D1","Low","Continue monitoring; no immediate intervention required.","True","S1|O1|D1","False","[]","outputs/risk_padim_capsule_semantic_v3/artefacts/capsule__test__good__017_heatmap_overlay.png","outputs/risk_padim_capsule_semantic_v3/artefacts/capsule__test__good__017_mask.png","outputs/risk_padim_capsule_semantic_v3/artefacts/capsule__test__good__017_annotated.png","simple_statistical_reference","0.42","minimum","Image-level anomaly score did not exceed the calibrated threshold."
"capsule__test__good__018","data/mvtec_anomaly_detection/capsule/test/good/018.png","d049beb23eae822a019c2bf52a260196a2747ea921262306529ac23ded549fb4","2026-06-08T23:17:40.011207+00:00","anomalib_padim","0.09433653224456488","0.5","False","0.9056634677554352","0.4056634677554351","0.9056634677554352","0.0","0","[]","normal","0.9056634677554352","detector_normal_decision","","","","","","","","","","","","","","","","","","0.9056634677554352","0.9056634677554352","0.9056634677554352","0.9056634677554352","0.9056634677554352","minimum","0.9056634677554352","S1","O1","D1","Low","Continue monitoring; no immediate intervention required.","True","S1|O1|D1","False","[]","outputs/risk_padim_capsule_semantic_v3/artefacts/capsule__test__good__018_heatmap_overlay.png","outputs/risk_padim_capsule_semantic_v3/artefacts/capsule__test__good__018_mask.png","outputs/risk_padim_capsule_semantic_v3/artefacts/capsule__test__good__018_annotated.png","simple_statistical_reference","0.42","minimum","Image-level anomaly score did not exceed the calibrated threshold."
"capsule__test__good__019","data/mvtec_anomaly_detection/capsule/test/good/019.png","776cd10c653f7a3db4b4a60989644e406dd891d018ac53bf163d1d79cde7cf74","2026-06-08T23:17:40.061154+00:00","anomalib_padim","0.2122473886245399","0.5","True","0.2122473886245399","0.2877526113754601","0.7192324706193001","0.0274658203125","2","[{'x': 54, 'y': 101, 'w': 69, 'h': 37, 'area_px': 1364, 'area_ratio': 0.02081298828125, 'mean_heat': 0.4956299066543579, 'max_heat': 0.6784313917160034, 'x2': 123, 'y2': 138, 'aspect_ratio': 1.864864864864865}, {'x': 70, 'y': 22, 'w': 24, 'h': 23, 'area_px': 436, 'area_ratio': 0.00665283203125, 'mean_heat': 0.6522486805915833, 'max_heat': 1.0, 'x2': 94, 'y2': 45, 'aspect_ratio': 1.0434782608695652}]","unknown","0.4649509871006011","rules_constrained_taxonomy","54.0","101.0","69.0","37.0","1364.0","0.02081298828125","0.4956299066543579","0.6784313917160034","123.0","138.0","1.864864864864865","0.12847630238934588","30.964355660007833","46.88797493145319","3.0252114876059295","0.0","['features|aspect=1.865|area=0.0208|dark_contrast=0.00|sat_contrast=3.03|edge_density=0.1285|flags=elongated:0_thin:1_dark:0_saturated:0_large:0_edge:1', 'no_rule_matched_confidently']","0.2122473886245399","0.7192324706193001","0.4649509871006011","0.2122473886245399","0.42751881284198323","minimum","0.2122473886245399","S3","O3","D3","Critical","Stop release or production path until authorised review is complete.","True","S3|O3|D3","True","['Fused confidence 0.212 is below operational threshold 0.600.', 'Semantic label is unknown or not confidently mapped to the taxonomy.', 'Critical risk class requires operator confirmation before release decision.']","outputs/risk_padim_capsule_semantic_v3/artefacts/capsule__test__good__019_heatmap_overlay.png","outputs/risk_padim_capsule_semantic_v3/artefacts/capsule__test__good__019_mask.png","outputs/risk_padim_capsule_semantic_v3/artefacts/capsule__test__good__019_annotated.png","simple_statistical_reference","0.42","minimum",""
"capsule__test__good__020","data/mvtec_anomaly_detection/capsule/test/good/020.png","245a48284fa594533271fd723a55e8d05fbc7c8c514fd5d355eec6f8ff2e9e92","2026-06-08T23:17:40.111612+00:00","anomalib_padim","0.17953243296835034","0.5","True","0.17953243296835034","0.3204675670316497","0.8445702850818633","0.00555419921875","1","[{'x': 109, 'y': 187, 'w': 22, 'h': 21, 'area_px': 364, 'area_ratio': 0.00555419921875, 'mean_heat': 0.6468864679336548, 'max_heat': 1.0, 'x2': 131, 'y2': 208, 'aspect_ratio': 1.0476190476190477}]","unknown","0.5774999999999999","rules_constrained_taxonomy","109.0","187.0","22.0","21.0","364.0","0.00555419921875","0.6468864679336548","1.0","131.0","208.0","1.0476190476190477","0.0","10.904761904761905","185.9004329004329","0.1834315518526033","0.6678459046880221","['features|aspect=1.048|area=0.0056|dark_contrast=0.67|sat_contrast=0.18|edge_density=0.0000|flags=elongated:0_thin:1_dark:0_saturated:0_large:0_edge:0', 'no_rule_matched_confidently']","0.17953243296835034","0.8445702850818633","0.5774999999999999","0.17953243296835034","0.4785356803603166","minimum","0.17953243296835034","S3","O3","D3","Critical","Stop release or production path until authorised review is complete.","True","S3|O3|D3","True","['Fused confidence 0.180 is below operational threshold 0.600.', 'Semantic label is unknown or not confidently mapped to the taxonomy.', 'Critical risk class requires operator confirmation before release decision.']","outputs/risk_padim_capsule_semantic_v3/artefacts/capsule__test__good__020_heatmap_overlay.png","outputs/risk_padim_capsule_semantic_v3/artefacts/capsule__test__good__020_mask.png","outputs/risk_padim_capsule_semantic_v3/artefacts/capsule__test__good__020_annotated.png","simple_statistical_reference","0.42","minimum",""
"capsule__test__good__021","data/mvtec_anomaly_detection/capsule/test/good/021.png","0fabdfb2dabccf3b013229260e9ebddf945449879d1d802b315b17465628b145","2026-06-08T23:17:40.164154+00:00","anomalib_padim","0.8731423220543731","0.5","True","0.8731423220543731","0.37314232205437314","0.8363238275051117","0.00933837890625","1","[{'x': 220, 'y': 222, 'w': 24, 'h': 34, 'area_px': 612, 'area_ratio': 0.00933837890625, 'mean_heat': 0.6233052015304565, 'max_heat': 1.0, 'x2': 244, 'y2': 256, 'aspect_ratio': 1.4166666666666667}]","unknown","0.5774999999999999","rules_constrained_taxonomy","220.0","222.0","24.0","34.0","612.0","0.00933837890625","0.6233052015304565","1.0","244.0","256.0","1.4166666666666667","0.028186274509803922","6.365196078431373","211.92156862745097","0.4080532212885153","0.16474089635855194","['features|aspect=1.417|area=0.0093|dark_contrast=0.16|sat_contrast=0.41|edge_density=0.0282|flags=elongated:0_thin:1_dark:0_saturated:0_large:0_edge:0', 'no_rule_matched_confidently']","0.8731423220543731","0.8363238275051117","0.5774999999999999","0.5774999999999999","0.7881861931760012","minimum","0.5774999999999999","S3","O3","D2","High","Quarantine item or lot pending quality engineer review.","True","S3|O3|D2","True","['Fused confidence 0.577 is below operational threshold 0.600.', 'Semantic label is unknown or not confidently mapped to the taxonomy.']","outputs/risk_padim_capsule_semantic_v3/artefacts/capsule__test__good__021_heatmap_overlay.png","outputs/risk_padim_capsule_semantic_v3/artefacts/capsule__test__good__021_mask.png","outputs/risk_padim_capsule_semantic_v3/artefacts/capsule__test__good__021_annotated.png","simple_statistical_reference","0.42","minimum",""
"capsule__test__good__022","data/mvtec_anomaly_detection/capsule/test/good/022.png","23dd64f41289b176284ed71e86025ad347d7e242772df0dac61eda0244ce9b8c","2026-06-08T23:17:40.213902+00:00","anomalib_padim","0.03637757248088122","0.5","False","0.9636224275191188","0.46362242751911875","0.9636224275191188","0.0","0","[]","normal","0.9636224275191188","detector_normal_decision","","","","","","","","","","","","","","","","","","0.9636224275191188","0.9636224275191188","0.9636224275191188","0.9636224275191188","0.9636224275191188","minimum","0.9636224275191188","S1","O1","D1","Low","Continue monitoring; no immediate intervention required.","True","S1|O1|D1","False","[]","outputs/risk_padim_capsule_semantic_v3/artefacts/capsule__test__good__022_heatmap_overlay.png","outputs/risk_padim_capsule_semantic_v3/artefacts/capsule__test__good__022_mask.png","outputs/risk_padim_capsule_semantic_v3/artefacts/capsule__test__good__022_annotated.png","simple_statistical_reference","0.42","minimum","Image-level anomaly score did not exceed the calibrated threshold."
"capsule__test__poke__000","data/mvtec_anomaly_detection/capsule/test/poke/000.png","17250f77c17c15f653c9924933e192a4e96647ed91eceb5935156bf819629be1","2026-06-08T23:17:40.264520+00:00","anomalib_padim","0.7097591911307539","0.5","True","0.7097591911307539","0.20975919113075392","0.8242564916610717","0.017333984375","1","[{'x': 156, 'y': 107, 'w': 45, 'h': 38, 'area_px': 1136, 'area_ratio': 0.017333984375, 'mean_heat': 0.5853838920593262, 'max_heat': 1.0, 'x2': 201, 'y2': 145, 'aspect_ratio': 1.1842105263157894}]","unknown","0.5774999999999999","rules_constrained_taxonomy","156.0","107.0","45.0","38.0","1136.0","0.017333984375","0.5853838920593262","1.0","201.0","145.0","1.1842105263157894","0.19239766081871346","111.04853801169591","164.69590643274853","16.795420701115262","0.0","['features|aspect=1.184|area=0.0173|dark_contrast=0.00|sat_contrast=16.80|edge_density=0.1924|flags=elongated:0_thin:1_dark:0_saturated:0_large:0_edge:1', 'no_rule_matched_confidently']","0.7097591911307539","0.8242564916610717","0.5774999999999999","0.5774999999999999","0.7110435835071607","minimum","0.5774999999999999","S3","O3","D2","High","Quarantine item or lot pending quality engineer review.","True","S3|O3|D2","True","['Fused confidence 0.577 is below operational threshold 0.600.', 'Semantic label is unknown or not confidently mapped to the taxonomy.']","outputs/risk_padim_capsule_semantic_v3/artefacts/capsule__test__poke__000_heatmap_overlay.png","outputs/risk_padim_capsule_semantic_v3/artefacts/capsule__test__poke__000_mask.png","outputs/risk_padim_capsule_semantic_v3/artefacts/capsule__test__poke__000_annotated.png","simple_statistical_reference","0.42","minimum",""
"capsule__test__poke__001","data/mvtec_anomaly_detection/capsule/test/poke/001.png","3ced8e481d7d7cc07f5f885dc7db4b5e10e3017ad193f33194f3856975d2f5b6","2026-06-08T23:17:40.316175+00:00","anomalib_padim","0.5342761195601461","0.5","True","0.5342761195601461","0.03427611956014609","0.6793297239057311","0.0097198486328125","2","[{'x': 107, 'y': 54, 'w': 23, 'h': 24, 'area_px': 427, 'area_ratio': 0.0065155029296875, 'mean_heat': 0.6530193090438843, 'max_heat': 1.0, 'x2': 130, 'y2': 78, 'aspect_ratio': 1.0434782608695652}, {'x': 74, 'y': 133, 'w': 18, 'h': 15, 'area_px': 210, 'area_ratio': 0.003204345703125, 'mean_heat': 0.5028384923934937, 'max_heat': 0.6117647290229797, 'x2': 92, 'y2': 148, 'aspect_ratio': 1.2}]","unknown","0.5774999999999999","rules_constrained_taxonomy","107.0","54.0","23.0","24.0","427.0","0.0065155029296875","0.6530193090438843","1.0","130.0","78.0","1.0434782608695652","0.05615942028985507","7.481884057971015","203.16304347826087","1.086064659977704","0.0","['features|aspect=1.043|area=0.0065|dark_contrast=0.00|sat_contrast=1.09|edge_density=0.0562|flags=elongated:0_thin:1_dark:0_saturated:0_large:0_edge:0', 'no_rule_matched_confidently']","0.5342761195601461","0.6793297239057311","0.5774999999999999","0.5342761195601461","0.5885981709737851","minimum","0.5342761195601461","S3","O3","D3","Critical","Stop release or production path until authorised review is complete.","True","S3|O3|D3","True","['Fused confidence 0.534 is below operational threshold 0.600.', 'Semantic label is unknown or not confidently mapped to the taxonomy.', 'Anomaly score is close to the decision boundary; margin=0.034.', 'Critical risk class requires operator confirmation before release decision.']","outputs/risk_padim_capsule_semantic_v3/artefacts/capsule__test__poke__001_heatmap_overlay.png","outputs/risk_padim_capsule_semantic_v3/artefacts/capsule__test__poke__001_mask.png","outputs/risk_padim_capsule_semantic_v3/artefacts/capsule__test__poke__001_annotated.png","simple_statistical_reference","0.42","minimum",""
"capsule__test__poke__002","data/mvtec_anomaly_detection/capsule/test/poke/002.png","03a69b4967602ff7e8070a90c71b872bde0703df4195fbfd1fb675ce04b37f12","2026-06-08T23:17:40.366525+00:00","anomalib_padim","0.5488229881262567","0.5","True","0.5488229881262567","0.04882298812625674","0.7159839385509992","0.00726318359375","2","[{'x': 110, 'y': 54, 'w': 22, 'h': 23, 'area_px': 389, 'area_ratio': 0.0059356689453125, 'mean_heat': 0.6266747117042542, 'max_heat': 1.0, 'x2': 132, 'y2': 77, 'aspect_ratio': 1.0454545454545454}, {'x': 198, 'y': 99, 'w': 10, 'h': 11, 'area_px': 87, 'area_ratio': 0.0013275146484375, 'mean_heat': 0.47040799260139465, 'max_heat': 0.5176470875740051, 'x2': 208, 'y2': 110, 'aspect_ratio': 1.1}]","unknown","0.5774999999999999","rules_constrained_taxonomy","110.0","54.0","22.0","23.0","389.0","0.0059356689453125","0.6266747117042542","1.0","132.0","77.0","1.0454545454545454","0.06126482213438735","7.523715415019763","205.9308300395257","0.9810079318088478","0.0","['features|aspect=1.045|area=0.0059|dark_contrast=0.00|sat_contrast=0.98|edge_density=0.0613|flags=elongated:0_thin:1_dark:0_saturated:0_large:0_edge:1', 'no_rule_matched_confidently']","0.5488229881262567","0.7159839385509992","0.5774999999999999","0.5488229881262567","0.6061405262221153","minimum","0.5488229881262567","S3","O3","D3","Critical","Stop release or production path until authorised review is complete.","True","S3|O3|D3","True","['Fused confidence 0.549 is below operational threshold 0.600.', 'Semantic label is unknown or not confidently mapped to the taxonomy.', 'Anomaly score is close to the decision boundary; margin=0.049.', 'Critical risk class requires operator confirmation before release decision.']","outputs/risk_padim_capsule_semantic_v3/artefacts/capsule__test__poke__002_heatmap_overlay.png","outputs/risk_padim_capsule_semantic_v3/artefacts/capsule__test__poke__002_mask.png","outputs/risk_padim_capsule_semantic_v3/artefacts/capsule__test__poke__002_annotated.png","simple_statistical_reference","0.42","minimum",""
"capsule__test__poke__003","data/mvtec_anomaly_detection/capsule/test/poke/003.png","865fe5dd2f4ea60b3c2a43ae8a6b5142eb6195bf15b6284e30ae31aee09f3836","2026-06-08T23:17:40.416832+00:00","anomalib_padim","0.5471099017269219","0.5","True","0.5471099017269219","0.047109901726921866","0.7118538060579276","0.0095672607421875","2","[{'x': 101, 'y': 53, 'w': 25, 'h': 25, 'area_px': 460, 'area_ratio': 0.00701904296875, 'mean_heat': 0.6313554644584656, 'max_heat': 1.0, 'x2': 126, 'y2': 78, 'aspect_ratio': 1.0}, {'x': 134, 'y': 118, 'w': 12, 'h': 17, 'area_px': 167, 'area_ratio': 0.0025482177734375, 'mean_heat': 0.5709757804870605, 'max_heat': 0.7490196228027344, 'x2': 146, 'y2': 135, 'aspect_ratio': 1.4166666666666667}]","unknown","0.5774999999999999","rules_constrained_taxonomy","101.0","53.0","25.0","25.0","460.0","0.00701904296875","0.6313554644584656","1.0","126.0","78.0","1.0","0.0496","6.624","201.5616","0.9964640095181441","0.0","['features|aspect=1.000|area=0.0070|dark_contrast=0.00|sat_contrast=1.00|edge_density=0.0496|flags=elongated:0_thin:1_dark:0_saturated:0_large:0_edge:0', 'no_rule_matched_confidently']","0.5471099017269219","0.7118538060579276","0.5774999999999999","0.5471099017269219","0.6041305975944931","minimum","0.5471099017269219","S3","O3","D3","Critical","Stop release or production path until authorised review is complete.","True","S3|O3|D3","True","['Fused confidence 0.547 is below operational threshold 0.600.', 'Semantic label is unknown or not confidently mapped to the taxonomy.', 'Anomaly score is close to the decision boundary; margin=0.047.', 'Critical risk class requires operator confirmation before release decision.']","outputs/risk_padim_capsule_semantic_v3/artefacts/capsule__test__poke__003_heatmap_overlay.png","outputs/risk_padim_capsule_semantic_v3/artefacts/capsule__test__poke__003_mask.png","outputs/risk_padim_capsule_semantic_v3/artefacts/capsule__test__poke__003_annotated.png","simple_statistical_reference","0.42","minimum",""
"capsule__test__poke__004","data/mvtec_anomaly_detection/capsule/test/poke/004.png","a7a8ca3ca91328131b21b885486b611483c8df41eb4ff0931fccd2df1cb99724","2026-06-08T23:17:40.471075+00:00","anomalib_padim","0.23387810373332862","0.5","True","0.23387810373332862","0.2661218962666714","0.6503636335333971","0.02496337890625","3","[{'x': 172, 'y': 112, 'w': 41, 'h': 37, 'area_px': 1104, 'area_ratio': 0.016845703125, 'mean_heat': 0.5892654657363892, 'max_heat': 1.0, 'x2': 213, 'y2': 149, 'aspect_ratio': 1.1081081081081081}, {'x': 129, 'y': 237, 'w': 31, 'h': 19, 'area_px': 490, 'area_ratio': 0.007476806640625, 'mean_heat': 0.547819197177887, 'max_heat': 0.6823529601097107, 'x2': 160, 'y2': 256, 'aspect_ratio': 1.631578947368421}, {'x': 156, 'y': 94, 'w': 8, 'h': 8, 'area_px': 42, 'area_ratio': 0.000640869140625, 'mean_heat': 0.4448178708553314, 'max_heat': 0.4627451002597809, 'x2': 164, 'y2': 102, 'aspect_ratio': 1.0}]","unknown","0.5774999999999999","rules_constrained_taxonomy","172.0","112.0","41.0","37.0","1104.0","0.016845703125","0.5892654657363892","1.0","213.0","149.0","1.1081081081081081","0.13447593935398813","128.80026367831246","144.022412656559","7.762132879118866","0.0","['features|aspect=1.108|area=0.0168|dark_contrast=0.00|sat_contrast=7.76|edge_density=0.1345|flags=elongated:0_thin:1_dark:0_saturated:0_large:0_edge:1', 'no_rule_matched_confidently']","0.23387810373332862","0.6503636335333971","0.5774999999999999","0.23387810373332862","0.44472923674001696","minimum","0.23387810373332862","S3","O3","D3","Critical","Stop release or production path until authorised review is complete.","True","S3|O3|D3","True","['Fused confidence 0.234 is below operational threshold 0.600.', 'Semantic label is unknown or not confidently mapped to the taxonomy.', 'Critical risk class requires operator confirmation before release decision.']","outputs/risk_padim_capsule_semantic_v3/artefacts/capsule__test__poke__004_heatmap_overlay.png","outputs/risk_padim_capsule_semantic_v3/artefacts/capsule__test__poke__004_mask.png","outputs/risk_padim_capsule_semantic_v3/artefacts/capsule__test__poke__004_annotated.png","simple_statistical_reference","0.42","minimum",""
"capsule__test__poke__005","data/mvtec_anomaly_detection/capsule/test/poke/005.png","6274475577cc2ef066fcd79f01048a7229ba212fa3c529e6445f0cc2258063df","2026-06-08T23:17:40.527491+00:00","anomalib_padim","0.33375788904091724","0.5","True","0.33375788904091724","0.16624211095908276","0.6270905988284575","0.01373291015625","4","[{'x': 66, 'y': 94, 'w': 36, 'h': 22, 'area_px': 607, 'area_ratio': 0.0092620849609375, 'mean_heat': 0.6417805552482605, 'max_heat': 1.0, 'x2': 102, 'y2': 116, 'aspect_ratio': 1.6363636363636365}, {'x': 198, 'y': 127, 'w': 12, 'h': 16, 'area_px': 146, 'area_ratio': 0.002227783203125, 'mean_heat': 0.5296803712844849, 'max_heat': 0.6627451181411743, 'x2': 210, 'y2': 143, 'aspect_ratio': 1.3333333333333333}, {'x': 135, 'y': 247, 'w': 14, 'h': 9, 'area_px': 97, 'area_ratio': 0.0014801025390625, 'mean_heat': 0.4477461278438568, 'max_heat': 0.4745098054409027, 'x2': 149, 'y2': 256, 'aspect_ratio': 1.5555555555555556}, {'x': 224, 'y': 125, 'w': 7, 'h': 9, 'area_px': 50, 'area_ratio': 0.000762939453125, 'mean_heat': 0.473176509141922, 'max_heat': 0.5098039507865906, 'x2': 231, 'y2': 134, 'aspect_ratio': 1.2857142857142858}]","unknown","0.5774999999999999","rules_constrained_taxonomy","66.0","94.0","36.0","22.0","607.0","0.0092620849609375","0.6417805552482605","1.0","102.0","116.0","1.6363636363636365","0.03156565656565657","30.011363636363637","44.06944444444444","2.2821126242178877","11.553025191183089","['features|aspect=1.636|area=0.0093|dark_contrast=11.55|sat_contrast=2.28|edge_density=0.0316|flags=elongated:0_thin:1_dark:0_saturated:0_large:0_edge:0', 'no_rule_matched_confidently']","0.33375788904091724","0.6270905988284575","0.5774999999999999","0.33375788904091724","0.48269322971695","minimum","0.33375788904091724","S3","O3","D3","Critical","Stop release or production path until authorised review is complete.","True","S3|O3|D3","True","['Fused confidence 0.334 is below operational threshold 0.600.', 'Semantic label is unknown or not confidently mapped to the taxonomy.', 'Critical risk class requires operator confirmation before release decision.']","outputs/risk_padim_capsule_semantic_v3/artefacts/capsule__test__poke__005_heatmap_overlay.png","outputs/risk_padim_capsule_semantic_v3/artefacts/capsule__test__poke__005_mask.png","outputs/risk_padim_capsule_semantic_v3/artefacts/capsule__test__poke__005_annotated.png","simple_statistical_reference","0.42","minimum",""
"capsule__test__poke__006","data/mvtec_anomaly_detection/capsule/test/poke/006.png","30dc259e94f5caeccc4612e43681c4f7f886e4180d132bdf6ac9fbba9bb38c97","2026-06-08T23:17:40.580092+00:00","anomalib_padim","0.2917188414840014","0.5","True","0.2917188414840014","0.2082811585159986","0.6238065596494738","0.01226806640625","3","[{'x': 145, 'y': 240, 'w': 32, 'h': 16, 'area_px': 467, 'area_ratio': 0.0071258544921875, 'mean_heat': 0.6493681073188782, 'max_heat': 1.0, 'x2': 177, 'y2': 256, 'aspect_ratio': 2.0}, {'x': 78, 'y': 148, 'w': 21, 'h': 18, 'area_px': 291, 'area_ratio': 0.0044403076171875, 'mean_heat': 0.5696786046028137, 'max_heat': 0.772549033164978, 'x2': 99, 'y2': 166, 'aspect_ratio': 1.1666666666666667}, {'x': 218, 'y': 155, 'w': 8, 'h': 8, 'area_px': 46, 'area_ratio': 0.000701904296875, 'mean_heat': 0.45797112584114075, 'max_heat': 0.48627451062202454, 'x2': 226, 'y2': 163, 'aspect_ratio': 1.0}]","unknown","0.5774999999999999","rules_constrained_taxonomy","145.0","240.0","32.0","16.0","467.0","0.0071258544921875","0.6493681073188782","1.0","177.0","256.0","2.0","0.0390625","6.75","212.302734375","0.15538194444444464","0.0","['features|aspect=2.000|area=0.0071|dark_contrast=0.00|sat_contrast=0.16|edge_density=0.0391|flags=elongated:0_thin:1_dark:0_saturated:0_large:0_edge:0', 'no_rule_matched_confidently']","0.2917188414840014","0.6238065596494738","0.5774999999999999","0.2917188414840014","0.46279044656264273","minimum","0.2917188414840014","S3","O3","D3","Critical","Stop release or production path until authorised review is complete.","True","S3|O3|D3","True","['Fused confidence 0.292 is below operational threshold 0.600.', 'Semantic label is unknown or not confidently mapped to the taxonomy.', 'Critical risk class requires operator confirmation before release decision.']","outputs/risk_padim_capsule_semantic_v3/artefacts/capsule__test__poke__006_heatmap_overlay.png","outputs/risk_padim_capsule_semantic_v3/artefacts/capsule__test__poke__006_mask.png","outputs/risk_padim_capsule_semantic_v3/artefacts/capsule__test__poke__006_annotated.png","simple_statistical_reference","0.42","minimum",""
"capsule__test__poke__007","data/mvtec_anomaly_detection/capsule/test/poke/007.png","7108497f69c6e388ec6b3626179dfa59c671dcb33307406136ee818de23eed94","2026-06-08T23:17:40.646605+00:00","anomalib_padim","0.7117246835874841","0.5","True","0.7117246835874841","0.21172468358748409","0.8435377776622772","0.0035858154296875","1","[{'x': 220, 'y': 114, 'w': 17, 'h': 18, 'area_px': 235, 'area_ratio': 0.0035858154296875, 'mean_heat': 0.647325873374939, 'max_heat': 1.0, 'x2': 237, 'y2': 132, 'aspect_ratio': 1.0588235294117647}]","contamination","0.877233422459893","rules_constrained_taxonomy","220.0","114.0","17.0","18.0","235.0","0.0035858154296875","0.647325873374939","1.0","237.0","132.0","1.0588235294117647","0.1111111111111111","148.6143790849673","115.87908496732027","31.612596553773017","16.702020202020208","['features|aspect=1.059|area=0.0036|dark_contrast=16.70|sat_contrast=31.61|edge_density=0.1111|flags=elongated:0_thin:1_dark:0_saturated:1_large:0_edge:1', 'colour_or_saturation_shift']","0.7117246835874841","0.8435377776622772","0.877233422459893","0.7117246835874841","0.7926457965280242","minimum","0.7117246835874841","S3","O2","D2","High","Quarantine item or lot pending quality engineer review.","True","S3|O2|D2","False","[]","outputs/risk_padim_capsule_semantic_v3/artefacts/capsule__test__poke__007_heatmap_overlay.png","outputs/risk_padim_capsule_semantic_v3/artefacts/capsule__test__poke__007_mask.png","outputs/risk_padim_capsule_semantic_v3/artefacts/capsule__test__poke__007_annotated.png","simple_statistical_reference","0.42","minimum",""
"capsule__test__poke__008","data/mvtec_anomaly_detection/capsule/test/poke/008.png","a4b4bc791f7a92dbc5c4561eb9c3367a833c57583e927d27c347f5b0549bac7f","2026-06-08T23:17:40.702644+00:00","anomalib_padim","0.7303928456733653","0.5","True","0.7303928456733653","0.23039284567336527","0.8408123046159743","0.011688232421875","1","[{'x': 109, 'y': 92, 'w': 36, 'h': 29, 'area_px': 766, 'area_ratio': 0.011688232421875, 'mean_heat': 0.6300159096717834, 'max_heat': 1.0, 'x2': 145, 'y2': 121, 'aspect_ratio': 1.2413793103448276}]","unknown","0.5774999999999999","rules_constrained_taxonomy","109.0","92.0","36.0","29.0","766.0","0.011688232421875","0.6300159096717834","1.0","145.0","121.0","1.2413793103448276","0.14942528735632185","55.62931034482759","79.95019157088123","2.319481284998524","15.943398172708513","['features|aspect=1.241|area=0.0117|dark_contrast=15.94|sat_contrast=2.32|edge_density=0.1494|flags=elongated:0_thin:1_dark:0_saturated:0_large:0_edge:1', 'no_rule_matched_confidently']","0.7303928456733653","0.8408123046159743","0.5774999999999999","0.5774999999999999","0.7252954719378066","minimum","0.5774999999999999","S3","O3","D2","High","Quarantine item or lot pending quality engineer review.","True","S3|O3|D2","True","['Fused confidence 0.577 is below operational threshold 0.600.', 'Semantic label is unknown or not confidently mapped to the taxonomy.']","outputs/risk_padim_capsule_semantic_v3/artefacts/capsule__test__poke__008_heatmap_overlay.png","outputs/risk_padim_capsule_semantic_v3/artefacts/capsule__test__poke__008_mask.png","outputs/risk_padim_capsule_semantic_v3/artefacts/capsule__test__poke__008_annotated.png","simple_statistical_reference","0.42","minimum",""
"capsule__test__poke__009","data/mvtec_anomaly_detection/capsule/test/poke/009.png","797b1a12f6a2540ec5c66a24dccca383eb889459d526931ff684371524dd6bab","2026-06-08T23:17:40.756941+00:00","anomalib_padim","0.4685040028912903","0.5","True","0.4685040028912903","0.031495997108709706","0.8460253536701201","0.01019287109375","1","[{'x': 18, 'y': 121, 'w': 29, 'h': 30, 'area_px': 668, 'area_ratio': 0.01019287109375, 'mean_heat': 0.6436773538589478, 'max_heat': 1.0, 'x2': 47, 'y2': 151, 'aspect_ratio': 1.0344827586206897}]","crack","0.883","rules_constrained_taxonomy","18.0","121.0","29.0","30.0","668.0","0.01019287109375","0.6436773538589478","1.0","47.0","151.0","1.0344827586206897","0.12758620689655173","21.347126436781608","64.80919540229885","0.6050974512743608","18.112060636348488","['features|aspect=1.034|area=0.0102|dark_contrast=18.11|sat_contrast=0.61|edge_density=0.1276|flags=elongated:0_thin:1_dark:1_saturated:0_large:0_edge:1', 'dark_edge_rich_crack_like_region']","0.4685040028912903","0.8460253536701201","0.883","0.4685040028912903","0.6853844074021167","minimum","0.4685040028912903","S4","O2","D3","Critical","Stop release or production path until authorised review is complete.","True","S4|O2|D3","True","['Fused confidence 0.469 is below operational threshold 0.600.', 'Anomaly score is close to the decision boundary; margin=0.031.', 'Critical risk class requires operator confirmation before release decision.']","outputs/risk_padim_capsule_semantic_v3/artefacts/capsule__test__poke__009_heatmap_overlay.png","outputs/risk_padim_capsule_semantic_v3/artefacts/capsule__test__poke__009_mask.png","outputs/risk_padim_capsule_semantic_v3/artefacts/capsule__test__poke__009_annotated.png","simple_statistical_reference","0.42","minimum",""
"capsule__test__poke__010","data/mvtec_anomaly_detection/capsule/test/poke/010.png","a233644e417b9589d1043afa8e3656610cdf2e878b557915c1bbf95285b5a1e1","2026-06-08T23:17:40.813180+00:00","anomalib_padim","0.6292389813196347","0.5","True","0.6292389813196347","0.12923898131963474","0.8706493765115737","0.00445556640625","1","[{'x': 239, 'y': 190, 'w': 17, 'h': 20, 'area_px': 292, 'area_ratio': 0.00445556640625, 'mean_heat': 0.7063658833503723, 'max_heat': 1.0, 'x2': 256, 'y2': 210, 'aspect_ratio': 1.1764705882352942}]","unknown","0.5774999999999999","rules_constrained_taxonomy","239.0","190.0","17.0","20.0","292.0","0.00445556640625","0.7063658833503723","1.0","256.0","210.0","1.1764705882352942","0.020588235294117647","5.144117647058824","212.4558823529412","0.540326797385621","0.0","['features|aspect=1.176|area=0.0045|dark_contrast=0.00|sat_contrast=0.54|edge_density=0.0206|flags=elongated:0_thin:1_dark:0_saturated:0_large:0_edge:0', 'no_rule_matched_confidently']","0.6292389813196347","0.8706493765115737","0.5774999999999999","0.5774999999999999","0.6887273545473076","minimum","0.5774999999999999","S3","O3","D2","High","Quarantine item or lot pending quality engineer review.","True","S3|O3|D2","True","['Fused confidence 0.577 is below operational threshold 0.600.', 'Semantic label is unknown or not confidently mapped to the taxonomy.']","outputs/risk_padim_capsule_semantic_v3/artefacts/capsule__test__poke__010_heatmap_overlay.png","outputs/risk_padim_capsule_semantic_v3/artefacts/capsule__test__poke__010_mask.png","outputs/risk_padim_capsule_semantic_v3/artefacts/capsule__test__poke__010_annotated.png","simple_statistical_reference","0.42","minimum",""
"capsule__test__poke__011","data/mvtec_anomaly_detection/capsule/test/poke/011.png","9387d05db7611210021c2bc1f4d8be5d65a6844bcc6e8c8fa437b345ae703693","2026-06-08T23:17:40.864057+00:00","anomalib_padim","0.5061025163009671","0.5","True","0.5061025163009671","0.006102516300967142","0.7516154250673437","0.009429931640625","2","[{'x': 158, 'y': 100, 'w': 32, 'h': 23, 'area_px': 548, 'area_ratio': 0.00836181640625, 'mean_heat': 0.6535208225250244, 'max_heat': 1.0, 'x2': 190, 'y2': 123, 'aspect_ratio': 1.391304347826087}, {'x': 152, 'y': 144, 'w': 10, 'h': 9, 'area_px': 70, 'area_ratio': 0.001068115234375, 'mean_heat': 0.4877871870994568, 'max_heat': 0.5568627715110779, 'x2': 162, 'y2': 153, 'aspect_ratio': 1.1111111111111112}]","unknown","0.5774999999999999","rules_constrained_taxonomy","158.0","100.0","32.0","23.0","548.0","0.00836181640625","0.6535208225250244","1.0","190.0","123.0","1.391304347826087","0.15217391304347827","121.36684782608695","160.23233695652175","6.787787997027124","0.0","['features|aspect=1.391|area=0.0084|dark_contrast=0.00|sat_contrast=6.79|edge_density=0.1522|flags=elongated:0_thin:1_dark:0_saturated:0_large:0_edge:1', 'no_rule_matched_confidently']","0.5061025163009671","0.7516154250673437","0.5774999999999999","0.5061025163009671","0.5976057598556384","minimum","0.5061025163009671","S3","O3","D3","Critical","Stop release or production path until authorised review is complete.","True","S3|O3|D3","True","['Fused confidence 0.506 is below operational threshold 0.600.', 'Semantic label is unknown or not confidently mapped to the taxonomy.', 'Anomaly score is close to the decision boundary; margin=0.006.', 'Critical risk class requires operator confirmation before release decision.']","outputs/risk_padim_capsule_semantic_v3/artefacts/capsule__test__poke__011_heatmap_overlay.png","outputs/risk_padim_capsule_semantic_v3/artefacts/capsule__test__poke__011_mask.png","outputs/risk_padim_capsule_semantic_v3/artefacts/capsule__test__poke__011_annotated.png","simple_statistical_reference","0.42","minimum",""
"capsule__test__poke__012","data/mvtec_anomaly_detection/capsule/test/poke/012.png","e39b8b40ca516ceb5ce03ed8b77fda4634ed5c98b29f3939769dd50edb3f66d3","2026-06-08T23:17:40.916112+00:00","anomalib_padim","0.3246740514575729","0.5","True","0.3246740514575729","0.1753259485424271","0.6817074720729044","0.015716552734375","3","[{'x': 206, 'y': 108, 'w': 34, 'h': 33, 'area_px': 772, 'area_ratio': 0.01177978515625, 'mean_heat': 0.5698974132537842, 'max_heat': 0.7568627595901489, 'x2': 240, 'y2': 141, 'aspect_ratio': 1.0303030303030303}, {'x': 18, 'y': 127, 'w': 16, 'h': 17, 'area_px': 211, 'area_ratio': 0.0032196044921875, 'mean_heat': 0.6502370238304138, 'max_heat': 1.0, 'x2': 34, 'y2': 144, 'aspect_ratio': 1.0625}, {'x': 190, 'y': 123, 'w': 8, 'h': 8, 'area_px': 47, 'area_ratio': 0.0007171630859375, 'mean_heat': 0.434960275888443, 'max_heat': 0.4470588266849518, 'x2': 198, 'y2': 131, 'aspect_ratio': 1.0}]","contamination","0.782906636815845","rules_constrained_taxonomy","206.0","108.0","34.0","33.0","772.0","0.01177978515625","0.5698974132537842","0.7568627595901489","240.0","141.0","1.0303030303030303","0.04634581105169341","140.54723707664886","109.20588235294117","25.30233911746518","19.35656662665066","['features|aspect=1.030|area=0.0118|dark_contrast=19.36|sat_contrast=25.30|edge_density=0.0463|flags=elongated:0_thin:1_dark:1_saturated:1_large:0_edge:0', 'colour_or_saturation_shift']","0.3246740514575729","0.6817074720729044","0.782906636815845","0.3246740514575729","0.5463422239817404","minimum","0.3246740514575729","S3","O2","D3","High","Quarantine item or lot pending quality engineer review.","True","S3|O2|D3","True","['Fused confidence 0.325 is below operational threshold 0.600.']","outputs/risk_padim_capsule_semantic_v3/artefacts/capsule__test__poke__012_heatmap_overlay.png","outputs/risk_padim_capsule_semantic_v3/artefacts/capsule__test__poke__012_mask.png","outputs/risk_padim_capsule_semantic_v3/artefacts/capsule__test__poke__012_annotated.png","simple_statistical_reference","0.42","minimum",""
"capsule__test__poke__013","data/mvtec_anomaly_detection/capsule/test/poke/013.png","fe07e95a22d0c76f11d9d8b9ddf1b6fd57ae4d81673d74bd6cac16f6de86900b","2026-06-08T23:17:40.966424+00:00","anomalib_padim","0.6588832540629678","0.5","True","0.6588832540629678","0.15888325406296777","0.8405235767364501","0.0102996826171875","1","[{'x': 72, 'y': 106, 'w': 28, 'h': 34, 'area_px': 675, 'area_ratio': 0.0102996826171875, 'mean_heat': 0.6313028335571289, 'max_heat': 1.0, 'x2': 100, 'y2': 140, 'aspect_ratio': 1.2142857142857142}]","unknown","0.5774999999999999","rules_constrained_taxonomy","72.0","106.0","28.0","34.0","675.0","0.0102996826171875","0.6313028335571289","1.0","100.0","140.0","1.2142857142857142","0.08298319327731092","30.55672268907563","46.98844537815126","3.8119136745607314","0.0","['features|aspect=1.214|area=0.0103|dark_contrast=0.00|sat_contrast=3.81|edge_density=0.0830|flags=elongated:0_thin:1_dark:0_saturated:0_large:0_edge:1', 'no_rule_matched_confidently']","0.6588832540629678","0.8405235767364501","0.5774999999999999","0.5774999999999999","0.6930295373492705","minimum","0.5774999999999999","S3","O3","D2","High","Quarantine item or lot pending quality engineer review.","True","S3|O3|D2","True","['Fused confidence 0.577 is below operational threshold 0.600.', 'Semantic label is unknown or not confidently mapped to the taxonomy.']","outputs/risk_padim_capsule_semantic_v3/artefacts/capsule__test__poke__013_heatmap_overlay.png","outputs/risk_padim_capsule_semantic_v3/artefacts/capsule__test__poke__013_mask.png","outputs/risk_padim_capsule_semantic_v3/artefacts/capsule__test__poke__013_annotated.png","simple_statistical_reference","0.42","minimum",""
"capsule__test__poke__014","data/mvtec_anomaly_detection/capsule/test/poke/014.png","437fd4ab34aa452b9740d7f709c81b01e3afbb4df5d3906e15cfebdca1a58897","2026-06-08T23:17:41.017091+00:00","anomalib_padim","0.48342294125967306","0.5","True","0.48342294125967306","0.016577058740326944","0.8546465158462524","0.0106658935546875","1","[{'x': 154, 'y': 90, 'w': 34, 'h': 27, 'area_px': 699, 'area_ratio': 0.0106658935546875, 'mean_heat': 0.6621785163879395, 'max_heat': 1.0, 'x2': 188, 'y2': 117, 'aspect_ratio': 1.2592592592592593}]","unknown","0.5774999999999999","rules_constrained_taxonomy","154.0","90.0","34.0","27.0","699.0","0.0106658935546875","0.6621785163879395","1.0","188.0","117.0","1.2592592592592593","0.14161220043572983","115.95098039215686","142.12636165577342","18.72446876424989","10.24666160004054","['features|aspect=1.259|area=0.0107|dark_contrast=10.25|sat_contrast=18.72|edge_density=0.1416|flags=elongated:0_thin:1_dark:0_saturated:0_large:0_edge:1', 'no_rule_matched_confidently']","0.48342294125967306","0.8546465158462524","0.5774999999999999","0.48342294125967306","0.6183092783207286","minimum","0.48342294125967306","S3","O3","D3","Critical","Stop release or production path until authorised review is complete.","True","S3|O3|D3","True","['Fused confidence 0.483 is below operational threshold 0.600.', 'Semantic label is unknown or not confidently mapped to the taxonomy.', 'Anomaly score is close to the decision boundary; margin=0.017.', 'Critical risk class requires operator confirmation before release decision.']","outputs/risk_padim_capsule_semantic_v3/artefacts/capsule__test__poke__014_heatmap_overlay.png","outputs/risk_padim_capsule_semantic_v3/artefacts/capsule__test__poke__014_mask.png","outputs/risk_padim_capsule_semantic_v3/artefacts/capsule__test__poke__014_annotated.png","simple_statistical_reference","0.42","minimum",""
"capsule__test__poke__015","data/mvtec_anomaly_detection/capsule/test/poke/015.png","39f343cff6f44a9c15dee56ed6695f4eb811273eb6f35115189b1b14dda8be9c","2026-06-08T23:17:41.067589+00:00","anomalib_padim","0.3833420343567793","0.5","True","0.3833420343567793","0.11665796564322067","0.6798112138384311","0.00909423828125","2","[{'x': 171, 'y': 91, 'w': 24, 'h': 22, 'area_px': 415, 'area_ratio': 0.0063323974609375, 'mean_heat': 0.6587668657302856, 'max_heat': 1.0, 'x2': 195, 'y2': 113, 'aspect_ratio': 1.0909090909090908}, {'x': 146, 'y': 104, 'w': 12, 'h': 19, 'area_px': 181, 'area_ratio': 0.0027618408203125, 'mean_heat': 0.46055683493614197, 'max_heat': 0.49803921580314636, 'x2': 158, 'y2': 123, 'aspect_ratio': 1.5833333333333333}]","crack","0.883","rules_constrained_taxonomy","171.0","91.0","24.0","22.0","415.0","0.0063323974609375","0.6587668657302856","1.0","195.0","113.0","1.0909090909090908","0.07765151515151515","122.75189393939394","137.1969696969697","26.22755183413078","20.3155303030303","['features|aspect=1.091|area=0.0063|dark_contrast=20.32|sat_contrast=26.23|edge_density=0.0777|flags=elongated:0_thin:1_dark:1_saturated:1_large:0_edge:1', 'dark_edge_rich_crack_like_region']","0.3833420343567793","0.6798112138384311","0.883","0.3833420343567793","0.59719727961208","minimum","0.3833420343567793","S4","O2","D3","Critical","Stop release or production path until authorised review is complete.","True","S4|O2|D3","True","['Fused confidence 0.383 is below operational threshold 0.600.', 'Critical risk class requires operator confirmation before release decision.']","outputs/risk_padim_capsule_semantic_v3/artefacts/capsule__test__poke__015_heatmap_overlay.png","outputs/risk_padim_capsule_semantic_v3/artefacts/capsule__test__poke__015_mask.png","outputs/risk_padim_capsule_semantic_v3/artefacts/capsule__test__poke__015_annotated.png","simple_statistical_reference","0.42","minimum",""
"capsule__test__poke__016","data/mvtec_anomaly_detection/capsule/test/poke/016.png","612810f76fdcf9b6b26e86e4978de50949fd18bb787f41084120a337e6db69c5","2026-06-08T23:17:41.119694+00:00","anomalib_padim","0.6272898628176682","0.5","True","0.6272898628176682","0.1272898628176682","0.7288469136302356","0.0100250244140625","2","[{'x': 21, 'y': 110, 'w': 25, 'h': 28, 'area_px': 544, 'area_ratio': 0.00830078125, 'mean_heat': 0.6221597790718079, 'max_heat': 1.0, 'x2': 46, 'y2': 138, 'aspect_ratio': 1.12}, {'x': 167, 'y': 159, 'w': 12, 'h': 12, 'area_px': 113, 'area_ratio': 0.0017242431640625, 'mean_heat': 0.5076522827148438, 'max_heat': 0.6039215922355652, 'x2': 179, 'y2': 171, 'aspect_ratio': 1.0}]","crack","0.883","rules_constrained_taxonomy","21.0","110.0","25.0","28.0","544.0","0.00830078125","0.6221597790718079","1.0","46.0","138.0","1.12","0.10285714285714286","24.584285714285713","55.15","3.422977510294583","22.050110864745015","['features|aspect=1.120|area=0.0083|dark_contrast=22.05|sat_contrast=3.42|edge_density=0.1029|flags=elongated:0_thin:1_dark:1_saturated:0_large:0_edge:1', 'dark_edge_rich_crack_like_region']","0.6272898628176682","0.7288469136302356","0.883","0.6272898628176682","0.7216845123570214","minimum","0.6272898628176682","S4","O2","D2","High","Quarantine item or lot pending quality engineer review.","True","S4|O2|D2","False","[]","outputs/risk_padim_capsule_semantic_v3/artefacts/capsule__test__poke__016_heatmap_overlay.png","outputs/risk_padim_capsule_semantic_v3/artefacts/capsule__test__poke__016_mask.png","outputs/risk_padim_capsule_semantic_v3/artefacts/capsule__test__poke__016_annotated.png","simple_statistical_reference","0.42","minimum",""
"capsule__test__poke__017","data/mvtec_anomaly_detection/capsule/test/poke/017.png","6aa71a125ac0f802b6d8c6900ffdb66223edbba0cd1ac02cb340d7f1f64b9119","2026-06-08T23:17:41.169654+00:00","anomalib_padim","0.5497144933236744","0.5","True","0.5497144933236744","0.04971449332367439","0.8404628008604049","0.0064849853515625","1","[{'x': 213, 'y': 101, 'w': 25, 'h': 23, 'area_px': 425, 'area_ratio': 0.0064849853515625, 'mean_heat': 0.6364659667015076, 'max_heat': 1.0, 'x2': 238, 'y2': 124, 'aspect_ratio': 1.0869565217391304}]","contamination","0.8659258791092258","rules_constrained_taxonomy","213.0","101.0","25.0","23.0","425.0","0.0064849853515625","0.6364659667015076","1.0","238.0","124.0","1.0869565217391304","0.13217391304347825","123.41565217391305","127.59826086956522","23.88094298066727","16.254146885281557","['features|aspect=1.087|area=0.0065|dark_contrast=16.25|sat_contrast=23.88|edge_density=0.1322|flags=elongated:0_thin:1_dark:0_saturated:1_large:0_edge:1', 'colour_or_saturation_shift']","0.5497144933236744","0.8404628008604049","0.8659258791092258","0.5497144933236744","0.7159918320310814","minimum","0.5497144933236744","S3","O2","D3","High","Quarantine item or lot pending quality engineer review.","True","S3|O2|D3","True","['Fused confidence 0.550 is below operational threshold 0.600.', 'Anomaly score is close to the decision boundary; margin=0.050.']","outputs/risk_padim_capsule_semantic_v3/artefacts/capsule__test__poke__017_heatmap_overlay.png","outputs/risk_padim_capsule_semantic_v3/artefacts/capsule__test__poke__017_mask.png","outputs/risk_padim_capsule_semantic_v3/artefacts/capsule__test__poke__017_annotated.png","simple_statistical_reference","0.42","minimum",""
"capsule__test__poke__018","data/mvtec_anomaly_detection/capsule/test/poke/018.png","3a8b1bb45cf4bef0f0df199d4c3483d7f51dd0b1ad9bc28d6aa9824f4405619d","2026-06-08T23:17:41.219909+00:00","anomalib_padim","0.425461201013105","0.5","True","0.425461201013105","0.07453879898689503","0.6835669826708813","0.011016845703125","2","[{'x': 173, 'y': 201, 'w': 23, 'h': 26, 'area_px': 469, 'area_ratio': 0.0071563720703125, 'mean_heat': 0.6601195335388184, 'max_heat': 1.0, 'x2': 196, 'y2': 227, 'aspect_ratio': 1.1304347826086956}, {'x': 192, 'y': 103, 'w': 18, 'h': 18, 'area_px': 253, 'area_ratio': 0.0038604736328125, 'mean_heat': 0.5432380437850952, 'max_heat': 0.6705882549285889, 'x2': 210, 'y2': 121, 'aspect_ratio': 1.0}]","unknown","0.5774999999999999","rules_constrained_taxonomy","173.0","201.0","23.0","26.0","469.0","0.0071563720703125","0.6601195335388184","1.0","196.0","227.0","1.1304347826086956","0.016722408026755852","7.802675585284281","199.3494983277592","0.2852365026278063","0.25489727663639883","['features|aspect=1.130|area=0.0072|dark_contrast=0.25|sat_contrast=0.29|edge_density=0.0167|flags=elongated:0_thin:1_dark:0_saturated:0_large:0_edge:0', 'no_rule_matched_confidently']","0.425461201013105","0.6835669826708813","0.5774999999999999","0.425461201013105","0.5409026352571615","minimum","0.425461201013105","S3","O3","D3","Critical","Stop release or production path until authorised review is complete.","True","S3|O3|D3","True","['Fused confidence 0.425 is below operational threshold 0.600.', 'Semantic label is unknown or not confidently mapped to the taxonomy.', 'Critical risk class requires operator confirmation before release decision.']","outputs/risk_padim_capsule_semantic_v3/artefacts/capsule__test__poke__018_heatmap_overlay.png","outputs/risk_padim_capsule_semantic_v3/artefacts/capsule__test__poke__018_mask.png","outputs/risk_padim_capsule_semantic_v3/artefacts/capsule__test__poke__018_annotated.png","simple_statistical_reference","0.42","minimum",""
"capsule__test__poke__019","data/mvtec_anomaly_detection/capsule/test/poke/019.png","41906b8812ea9016906882a5a9bb0b9aa6629670e792de6a2112b8672cdb4d55","2026-06-08T23:17:41.272196+00:00","anomalib_padim","0.3296488502420076","0.5","True","0.3296488502420076","0.17035114975799243","0.5909360159911718","0.01007080078125","3","[{'x': 183, 'y': 141, 'w': 26, 'h': 18, 'area_px': 342, 'area_ratio': 0.005218505859375, 'mean_heat': 0.5227497220039368, 'max_heat': 0.6235294342041016, 'x2': 209, 'y2': 159, 'aspect_ratio': 1.4444444444444444}, {'x': 60, 'y': 69, 'w': 17, 'h': 18, 'area_px': 244, 'area_ratio': 0.00372314453125, 'mean_heat': 0.6523464918136597, 'max_heat': 1.0, 'x2': 77, 'y2': 87, 'aspect_ratio': 1.0588235294117647}, {'x': 197, 'y': 115, 'w': 8, 'h': 13, 'area_px': 74, 'area_ratio': 0.001129150390625, 'mean_heat': 0.4381558299064636, 'max_heat': 0.45490196347236633, 'x2': 205, 'y2': 128, 'aspect_ratio': 1.625}]","contamination","0.7412238261310995","rules_constrained_taxonomy","183.0","141.0","26.0","18.0","342.0","0.005218505859375","0.5227497220039368","0.6235294342041016","209.0","159.0","1.4444444444444444","0.06196581196581197","142.1260683760684","96.74145299145299","28.710101989513774","17.494541406306112","['features|aspect=1.444|area=0.0052|dark_contrast=17.49|sat_contrast=28.71|edge_density=0.0620|flags=elongated:0_thin:1_dark:0_saturated:1_large:0_edge:1', 'colour_or_saturation_shift']","0.3296488502420076","0.5909360159911718","0.7412238261310995","0.3296488502420076","0.5109287439390298","minimum","0.3296488502420076","S3","O2","D3","High","Quarantine item or lot pending quality engineer review.","True","S3|O2|D3","True","['Fused confidence 0.330 is below operational threshold 0.600.']","outputs/risk_padim_capsule_semantic_v3/artefacts/capsule__test__poke__019_heatmap_overlay.png","outputs/risk_padim_capsule_semantic_v3/artefacts/capsule__test__poke__019_mask.png","outputs/risk_padim_capsule_semantic_v3/artefacts/capsule__test__poke__019_annotated.png","simple_statistical_reference","0.42","minimum",""
"capsule__test__poke__020","data/mvtec_anomaly_detection/capsule/test/poke/020.png","01e3fe444e2924034b2cca2cd36cbb8961cfc7b2c1810b749bb2d147649b382b","2026-06-08T23:17:41.336047+00:00","anomalib_padim","0.15386641334751242","0.5","True","0.15386641334751242","0.3461335866524876","0.6081073343188976","0.0347747802734375","3","[{'x': 50, 'y': 50, 'w': 35, 'h': 59, 'area_px': 1156, 'area_ratio': 0.01763916015625, 'mean_heat': 0.5371429324150085, 'max_heat': 0.8509804010391235, 'x2': 85, 'y2': 109, 'aspect_ratio': 1.6857142857142857}, {'x': 144, 'y': 90, 'w': 32, 'h': 47, 'area_px': 931, 'area_ratio': 0.0142059326171875, 'mean_heat': 0.56416255235672, 'max_heat': 1.0, 'x2': 176, 'y2': 137, 'aspect_ratio': 1.46875}, {'x': 218, 'y': 101, 'w': 15, 'h': 17, 'area_px': 192, 'area_ratio': 0.0029296875, 'mean_heat': 0.5490196347236633, 'max_heat': 0.7254902124404907, 'x2': 233, 'y2': 118, 'aspect_ratio': 1.1333333333333333}]","unknown","0.5253431403636932","rules_constrained_taxonomy","50.0","50.0","35.0","59.0","1156.0","0.01763916015625","0.5371429324150085","0.8509804010391235","85.0","109.0","1.6857142857142857","0.021307506053268765","15.44503631961259","144.77627118644068","0.6490813274462326","0.0","['features|aspect=1.686|area=0.0176|dark_contrast=0.00|sat_contrast=0.65|edge_density=0.0213|flags=elongated:0_thin:1_dark:0_saturated:0_large:0_edge:0', 'no_rule_matched_confidently']","0.15386641334751242","0.6081073343188976","0.5253431403636932","0.15386641334751242","0.38300787139297315","minimum","0.15386641334751242","S3","O3","D3","Critical","Stop release or production path until authorised review is complete.","True","S3|O3|D3","True","['Fused confidence 0.154 is below operational threshold 0.600.', 'Semantic label is unknown or not confidently mapped to the taxonomy.', 'Critical risk class requires operator confirmation before release decision.']","outputs/risk_padim_capsule_semantic_v3/artefacts/capsule__test__poke__020_heatmap_overlay.png","outputs/risk_padim_capsule_semantic_v3/artefacts/capsule__test__poke__020_mask.png","outputs/risk_padim_capsule_semantic_v3/artefacts/capsule__test__poke__020_annotated.png","simple_statistical_reference","0.42","minimum",""
"capsule__test__scratch__000","data/mvtec_anomaly_detection/capsule/test/scratch/000.png","f2affe78c2d06202819520c1d74a13cd4ff2467d5c6eaa52f073c2b0644f449f","2026-06-08T23:17:41.386776+00:00","anomalib_padim","0.5320134243773276","0.5","True","0.5320134243773276","0.03201342437732757","0.6659318882567542","0.01220703125","2","[{'x': 201, 'y': 213, 'w': 22, 'h': 27, 'area_px': 436, 'area_ratio': 0.00665283203125, 'mean_heat': 0.6156142950057983, 'max_heat': 0.9019607901573181, 'x2': 223, 'y2': 240, 'aspect_ratio': 1.2272727272727273}, {'x': 23, 'y': 159, 'w': 23, 'h': 20, 'area_px': 364, 'area_ratio': 0.00555419921875, 'mean_heat': 0.6687459945678711, 'max_heat': 1.0, 'x2': 46, 'y2': 179, 'aspect_ratio': 1.15}]","unknown","0.5431862765550612","rules_constrained_taxonomy","201.0","213.0","22.0","27.0","436.0","0.00665283203125","0.6156142950057983","0.9019607901573181","223.0","240.0","1.2272727272727273","0.008417508417508417","5.991582491582491","210.55723905723906","0.010554339807705482","0.0","['features|aspect=1.227|area=0.0067|dark_contrast=0.00|sat_contrast=0.01|edge_density=0.0084|flags=elongated:0_thin:1_dark:0_saturated:0_large:0_edge:0', 'no_rule_matched_confidently']","0.5320134243773276","0.6659318882567542","0.5431862765550612","0.5320134243773276","0.5749821765855889","minimum","0.5320134243773276","S3","O3","D3","Critical","Stop release or production path until authorised review is complete.","True","S3|O3|D3","True","['Fused confidence 0.532 is below operational threshold 0.600.', 'Semantic label is unknown or not confidently mapped to the taxonomy.', 'Anomaly score is close to the decision boundary; margin=0.032.', 'Critical risk class requires operator confirmation before release decision.']","outputs/risk_padim_capsule_semantic_v3/artefacts/capsule__test__scratch__000_heatmap_overlay.png","outputs/risk_padim_capsule_semantic_v3/artefacts/capsule__test__scratch__000_mask.png","outputs/risk_padim_capsule_semantic_v3/artefacts/capsule__test__scratch__000_annotated.png","simple_statistical_reference","0.42","minimum",""
"capsule__test__scratch__001","data/mvtec_anomaly_detection/capsule/test/scratch/001.png","873e3d60c26ebf78d3da28ebeaf98cdeb9e9cd54e9e417123cd42ada9dfda00a","2026-06-08T23:17:41.436560+00:00","anomalib_padim","0.40154225147130024","0.5","True","0.40154225147130024","0.09845774852869976","0.6796378234600315","0.00677490234375","2","[{'x': 55, 'y': 162, 'w': 20, 'h': 18, 'area_px': 287, 'area_ratio': 0.0043792724609375, 'mean_heat': 0.6621849536895752, 'max_heat': 1.0, 'x2': 75, 'y2': 180, 'aspect_ratio': 1.1111111111111112}, {'x': 237, 'y': 212, 'w': 14, 'h': 14, 'area_px': 157, 'area_ratio': 0.0023956298828125, 'mean_heat': 0.5404521226882935, 'max_heat': 0.6980392336845398, 'x2': 251, 'y2': 226, 'aspect_ratio': 1.0}]","unknown","0.5774999999999999","rules_constrained_taxonomy","55.0","162.0","20.0","18.0","287.0","0.0043792724609375","0.6621849536895752","1.0","75.0","180.0","1.1111111111111112","0.03333333333333333","13.85","143.96944444444443","0.2568627450980383","0.0","['features|aspect=1.111|area=0.0044|dark_contrast=0.00|sat_contrast=0.26|edge_density=0.0333|flags=elongated:0_thin:1_dark:0_saturated:0_large:0_edge:0', 'no_rule_matched_confidently']","0.40154225147130024","0.6796378234600315","0.5774999999999999","0.40154225147130024","0.5289603602000945","minimum","0.40154225147130024","S3","O3","D3","Critical","Stop release or production path until authorised review is complete.","True","S3|O3|D3","True","['Fused confidence 0.402 is below operational threshold 0.600.', 'Semantic label is unknown or not confidently mapped to the taxonomy.', 'Critical risk class requires operator confirmation before release decision.']","outputs/risk_padim_capsule_semantic_v3/artefacts/capsule__test__scratch__001_heatmap_overlay.png","outputs/risk_padim_capsule_semantic_v3/artefacts/capsule__test__scratch__001_mask.png","outputs/risk_padim_capsule_semantic_v3/artefacts/capsule__test__scratch__001_annotated.png","simple_statistical_reference","0.42","minimum",""
"capsule__test__scratch__002","data/mvtec_anomaly_detection/capsule/test/scratch/002.png","42b5cf1f33d376c206cf18f87417a8935387fb88f7a9aecc7f24234a0de1230f","2026-06-08T23:17:41.500537+00:00","anomalib_padim","0.69005689537357","0.5","True","0.69005689537357","0.19005689537356996","0.8596616327762603","0.0054779052734375","1","[{'x': 238, 'y': 191, 'w': 18, 'h': 24, 'area_px': 359, 'area_ratio': 0.0054779052734375, 'mean_heat': 0.6805287599563599, 'max_heat': 1.0, 'x2': 256, 'y2': 215, 'aspect_ratio': 1.3333333333333333}]","unknown","0.5774999999999999","rules_constrained_taxonomy","238.0","191.0","18.0","24.0","359.0","0.0054779052734375","0.6805287599563599","1.0","256.0","215.0","1.3333333333333333","0.03009259259259259","5.483796296296297","212.16203703703704","0.46139601139601094","0.0","['features|aspect=1.333|area=0.0055|dark_contrast=0.00|sat_contrast=0.46|edge_density=0.0301|flags=elongated:0_thin:1_dark:0_saturated:0_large:0_edge:0', 'no_rule_matched_confidently']","0.69005689537357","0.8596616327762603","0.5774999999999999","0.5774999999999999","0.7127990927509844","minimum","0.5774999999999999","S3","O3","D2","High","Quarantine item or lot pending quality engineer review.","True","S3|O3|D2","True","['Fused confidence 0.577 is below operational threshold 0.600.', 'Semantic label is unknown or not confidently mapped to the taxonomy.']","outputs/risk_padim_capsule_semantic_v3/artefacts/capsule__test__scratch__002_heatmap_overlay.png","outputs/risk_padim_capsule_semantic_v3/artefacts/capsule__test__scratch__002_mask.png","outputs/risk_padim_capsule_semantic_v3/artefacts/capsule__test__scratch__002_annotated.png","simple_statistical_reference","0.42","minimum",""
"capsule__test__scratch__003","data/mvtec_anomaly_detection/capsule/test/scratch/003.png","40aa88ba337cb327f148ee7e067e606e2fccecfe881bb81a0d1b74bf6abeb0c5","2026-06-08T23:17:41.556476+00:00","anomalib_padim","0.7673616312001486","0.5","True","0.7673616312001486","0.26736163120014855","0.8483839541673659","0.0059356689453125","1","[{'x': 223, 'y': 204, 'w': 23, 'h': 22, 'area_px': 389, 'area_ratio': 0.0059356689453125, 'mean_heat': 0.6548314690589905, 'max_heat': 1.0, 'x2': 246, 'y2': 226, 'aspect_ratio': 1.0454545454545454}]","unknown","0.5774999999999999","rules_constrained_taxonomy","223.0","204.0","23.0","22.0","389.0","0.0059356689453125","0.6548314690589905","1.0","246.0","226.0","1.0454545454545454","0.021739130434782608","5.426877470355731","208.6916996047431","0.13655032991417393","1.3454124060531285","['features|aspect=1.045|area=0.0059|dark_contrast=1.35|sat_contrast=0.14|edge_density=0.0217|flags=elongated:0_thin:1_dark:0_saturated:0_large:0_edge:0', 'no_rule_matched_confidently']","0.7673616312001486","0.8483839541673659","0.5774999999999999","0.5774999999999999","0.7442029202902765","minimum","0.5774999999999999","S3","O3","D2","High","Quarantine item or lot pending quality engineer review.","True","S3|O3|D2","True","['Fused confidence 0.577 is below operational threshold 0.600.', 'Semantic label is unknown or not confidently mapped to the taxonomy.']","outputs/risk_padim_capsule_semantic_v3/artefacts/capsule__test__scratch__003_heatmap_overlay.png","outputs/risk_padim_capsule_semantic_v3/artefacts/capsule__test__scratch__003_mask.png","outputs/risk_padim_capsule_semantic_v3/artefacts/capsule__test__scratch__003_annotated.png","simple_statistical_reference","0.42","minimum",""
"capsule__test__scratch__004","data/mvtec_anomaly_detection/capsule/test/scratch/004.png","10811cc8d0fd21bba9a49bfd2fb3a039ab728e6ab5842bc9c7ae1583060de80b","2026-06-08T23:17:41.634765+00:00","anomalib_padim","0.7202269883245979","0.5","True","0.7202269883245979","0.22022698832459786","0.840976783633232","0.007080078125","1","[{'x': 224, 'y': 200, 'w': 27, 'h': 24, 'area_px': 464, 'area_ratio': 0.007080078125, 'mean_heat': 0.636781632900238, 'max_heat': 1.0, 'x2': 251, 'y2': 224, 'aspect_ratio': 1.125}]","unknown","0.5774999999999999","rules_constrained_taxonomy","224.0","200.0","27.0","24.0","464.0","0.007080078125","0.636781632900238","1.0","251.0","224.0","1.125","0.024691358024691357","5.12962962962963","209.5462962962963","0.17537037037036995","0.8205787037036885","['features|aspect=1.125|area=0.0071|dark_contrast=0.82|sat_contrast=0.18|edge_density=0.0247|flags=elongated:0_thin:1_dark:0_saturated:0_large:0_edge:0', 'no_rule_matched_confidently']","0.7202269883245979","0.840976783633232","0.5774999999999999","0.5774999999999999","0.7207701798360386","minimum","0.5774999999999999","S3","O3","D2","High","Quarantine item or lot pending quality engineer review.","True","S3|O3|D2","True","['Fused confidence 0.577 is below operational threshold 0.600.', 'Semantic label is unknown or not confidently mapped to the taxonomy.']","outputs/risk_padim_capsule_semantic_v3/artefacts/capsule__test__scratch__004_heatmap_overlay.png","outputs/risk_padim_capsule_semantic_v3/artefacts/capsule__test__scratch__004_mask.png","outputs/risk_padim_capsule_semantic_v3/artefacts/capsule__test__scratch__004_annotated.png","simple_statistical_reference","0.42","minimum",""
"capsule__test__scratch__005","data/mvtec_anomaly_detection/capsule/test/scratch/005.png","23fae062f8cf5bee1a5244e8851be88c739e6cb5f952f2ba5534dc737fdbfc6a","2026-06-08T23:17:41.697528+00:00","anomalib_padim","0.47961162009108965","0.5","True","0.47961162009108965","0.020388379908910348","0.861919242143631","0.005279541015625","1","[{'x': 238, 'y': 206, 'w': 18, 'h': 22, 'area_px': 346, 'area_ratio': 0.005279541015625, 'mean_heat': 0.6858211755752563, 'max_heat': 1.0, 'x2': 256, 'y2': 228, 'aspect_ratio': 1.2222222222222223}]","unknown","0.5774999999999999","rules_constrained_taxonomy","238.0","206.0","18.0","22.0","346.0","0.005279541015625","0.6858211755752563","1.0","256.0","228.0","1.2222222222222223","0.04292929292929293","4.97979797979798","208.94949494949495","0.33700363963521784","0.9867398683188071","['features|aspect=1.222|area=0.0053|dark_contrast=0.99|sat_contrast=0.34|edge_density=0.0429|flags=elongated:0_thin:1_dark:0_saturated:0_large:0_edge:0', 'no_rule_matched_confidently']","0.47961162009108965","0.861919242143631","0.5774999999999999","0.47961162009108965","0.6187760016840795","minimum","0.47961162009108965","S3","O3","D3","Critical","Stop release or production path until authorised review is complete.","True","S3|O3|D3","True","['Fused confidence 0.480 is below operational threshold 0.600.', 'Semantic label is unknown or not confidently mapped to the taxonomy.', 'Anomaly score is close to the decision boundary; margin=0.020.', 'Critical risk class requires operator confirmation before release decision.']","outputs/risk_padim_capsule_semantic_v3/artefacts/capsule__test__scratch__005_heatmap_overlay.png","outputs/risk_padim_capsule_semantic_v3/artefacts/capsule__test__scratch__005_mask.png","outputs/risk_padim_capsule_semantic_v3/artefacts/capsule__test__scratch__005_annotated.png","simple_statistical_reference","0.42","minimum",""
"capsule__test__scratch__006","data/mvtec_anomaly_detection/capsule/test/scratch/006.png","a2ec6b8501226f3d1dab0df63689f3e222f5ae54709f9af5948fa8f06cdce7b9","2026-06-08T23:17:41.753633+00:00","anomalib_padim","0.24186488634750464","0.5","True","0.24186488634750464","0.25813511365249536","0.6352694251991025","0.0193328857421875","3","[{'x': 203, 'y': 116, 'w': 25, 'h': 38, 'area_px': 708, 'area_ratio': 0.01080322265625, 'mean_heat': 0.6539880633354187, 'max_heat': 1.0, 'x2': 228, 'y2': 154, 'aspect_ratio': 1.52}, {'x': 102, 'y': 220, 'w': 27, 'h': 23, 'area_px': 488, 'area_ratio': 0.0074462890625, 'mean_heat': 0.6601977348327637, 'max_heat': 0.9372549057006836, 'x2': 129, 'y2': 243, 'aspect_ratio': 1.173913043478261}, {'x': 189, 'y': 180, 'w': 9, 'h': 10, 'area_px': 71, 'area_ratio': 0.0010833740234375, 'mean_heat': 0.4612537920475006, 'max_heat': 0.501960813999176, 'x2': 198, 'y2': 190, 'aspect_ratio': 1.1111111111111112}]","unknown","0.5774999999999999","rules_constrained_taxonomy","203.0","116.0","25.0","38.0","708.0","0.01080322265625","0.6539880633354187","1.0","228.0","154.0","1.52","0.13894736842105262","146.09894736842105","129.09894736842105","15.140501117291876","0.7140607616602495","['features|aspect=1.520|area=0.0108|dark_contrast=0.71|sat_contrast=15.14|edge_density=0.1389|flags=elongated:0_thin:1_dark:0_saturated:0_large:0_edge:1', 'no_rule_matched_confidently']","0.24186488634750464","0.6352694251991025","0.5774999999999999","0.24186488634750464","0.4437950264161078","minimum","0.24186488634750464","S3","O3","D3","Critical","Stop release or production path until authorised review is complete.","True","S3|O3|D3","True","['Fused confidence 0.242 is below operational threshold 0.600.', 'Semantic label is unknown or not confidently mapped to the taxonomy.', 'Critical risk class requires operator confirmation before release decision.']","outputs/risk_padim_capsule_semantic_v3/artefacts/capsule__test__scratch__006_heatmap_overlay.png","outputs/risk_padim_capsule_semantic_v3/artefacts/capsule__test__scratch__006_mask.png","outputs/risk_padim_capsule_semantic_v3/artefacts/capsule__test__scratch__006_annotated.png","simple_statistical_reference","0.42","minimum",""
"capsule__test__scratch__007","data/mvtec_anomaly_detection/capsule/test/scratch/007.png","468c60496275b35ba5e6531bce1ff4ffdf45b50eea5166333d96cedd27aff9c2","2026-06-08T23:17:41.811405+00:00","anomalib_padim","0.6831466745398957","0.5","True","0.6831466745398957","0.18314667453989575","0.7108116375884228","0.0088043212890625","2","[{'x': 236, 'y': 190, 'w': 20, 'h': 27, 'area_px': 446, 'area_ratio': 0.006805419921875, 'mean_heat': 0.6819397211074829, 'max_heat': 1.0, 'x2': 256, 'y2': 217, 'aspect_ratio': 1.35}, {'x': 203, 'y': 105, 'w': 14, 'h': 13, 'area_px': 131, 'area_ratio': 0.0019989013671875, 'mean_heat': 0.4567280411720276, 'max_heat': 0.4941176474094391, 'x2': 217, 'y2': 118, 'aspect_ratio': 1.0769230769230769}]","unknown","0.5774999999999999","rules_constrained_taxonomy","236.0","190.0","20.0","27.0","446.0","0.006805419921875","0.6819397211074829","1.0","256.0","217.0","1.35","0.024074074074074074","5.638888888888889","213.3148148148148","0.49483204134366865","0.0","['features|aspect=1.350|area=0.0068|dark_contrast=0.00|sat_contrast=0.49|edge_density=0.0241|flags=elongated:0_thin:1_dark:0_saturated:0_large:0_edge:0', 'no_rule_matched_confidently']","0.6831466745398957","0.7108116375884228","0.5774999999999999","0.5774999999999999","0.66503449481948","minimum","0.5774999999999999","S3","O3","D2","High","Quarantine item or lot pending quality engineer review.","True","S3|O3|D2","True","['Fused confidence 0.577 is below operational threshold 0.600.', 'Semantic label is unknown or not confidently mapped to the taxonomy.']","outputs/risk_padim_capsule_semantic_v3/artefacts/capsule__test__scratch__007_heatmap_overlay.png","outputs/risk_padim_capsule_semantic_v3/artefacts/capsule__test__scratch__007_mask.png","outputs/risk_padim_capsule_semantic_v3/artefacts/capsule__test__scratch__007_annotated.png","simple_statistical_reference","0.42","minimum",""
"capsule__test__scratch__008","data/mvtec_anomaly_detection/capsule/test/scratch/008.png","3e56a31ae634749add4c51afc972156d0e6470959bbb5e804e13dc5c15296294","2026-06-08T23:17:41.865447+00:00","anomalib_padim","0.5996901718219995","0.5","True","0.5996901718219995","0.09969017182199946","0.7120532325030484","0.010528564453125","2","[{'x': 227, 'y': 204, 'w': 29, 'h': 21, 'area_px': 522, 'area_ratio': 0.007965087890625, 'mean_heat': 0.679024875164032, 'max_heat': 1.0, 'x2': 256, 'y2': 225, 'aspect_ratio': 1.380952380952381}, {'x': 159, 'y': 143, 'w': 17, 'h': 12, 'area_px': 168, 'area_ratio': 0.0025634765625, 'mean_heat': 0.48594775795936584, 'max_heat': 0.5607843399047852, 'x2': 176, 'y2': 155, 'aspect_ratio': 1.4166666666666667}]","unknown","0.5774999999999999","rules_constrained_taxonomy","227.0","204.0","29.0","21.0","522.0","0.007965087890625","0.679024875164032","1.0","256.0","225.0","1.380952380952381","0.024630541871921183","5.152709359605911","212.1313628899836","0.26073110788861076","0.07170504281407375","['features|aspect=1.381|area=0.0080|dark_contrast=0.07|sat_contrast=0.26|edge_density=0.0246|flags=elongated:0_thin:1_dark:0_saturated:0_large:0_edge:0', 'no_rule_matched_confidently']","0.5996901718219995","0.7120532325030484","0.5774999999999999","0.5774999999999999","0.6278515470708143","minimum","0.5774999999999999","S3","O3","D2","High","Quarantine item or lot pending quality engineer review.","True","S3|O3|D2","True","['Fused confidence 0.577 is below operational threshold 0.600.', 'Semantic label is unknown or not confidently mapped to the taxonomy.']","outputs/risk_padim_capsule_semantic_v3/artefacts/capsule__test__scratch__008_heatmap_overlay.png","outputs/risk_padim_capsule_semantic_v3/artefacts/capsule__test__scratch__008_mask.png","outputs/risk_padim_capsule_semantic_v3/artefacts/capsule__test__scratch__008_annotated.png","simple_statistical_reference","0.42","minimum",""
"capsule__test__scratch__009","data/mvtec_anomaly_detection/capsule/test/scratch/009.png","640e26355112bc65a4cc729edd4714ae12ca69acfa5a0f646fcb8fa03e04cd61","2026-06-08T23:17:41.914633+00:00","anomalib_padim","0.40262849345147367","0.5","True","0.40262849345147367","0.09737150654852633","0.8422157347202301","0.00335693359375","1","[{'x': 115, 'y': 138, 'w': 16, 'h': 18, 'area_px': 220, 'area_ratio': 0.00335693359375, 'mean_heat': 0.6447058916091919, 'max_heat': 1.0, 'x2': 131, 'y2': 156, 'aspect_ratio': 1.125}]","crack","0.883","rules_constrained_taxonomy","115.0","138.0","16.0","18.0","220.0","0.00335693359375","0.6447058916091919","1.0","131.0","156.0","1.125","0.09027777777777778","45.541666666666664","28.694444444444443","8.696384803921568","29.986621732026144","['features|aspect=1.125|area=0.0034|dark_contrast=29.99|sat_contrast=8.70|edge_density=0.0903|flags=elongated:0_thin:1_dark:1_saturated:0_large:0_edge:1', 'dark_edge_rich_crack_like_region']","0.40262849345147367","0.8422157347202301","0.883","0.40262849345147367","0.6545975424692322","minimum","0.40262849345147367","S4","O2","D3","Critical","Stop release or production path until authorised review is complete.","True","S4|O2|D3","True","['Fused confidence 0.403 is below operational threshold 0.600.', 'Critical risk class requires operator confirmation before release decision.']","outputs/risk_padim_capsule_semantic_v3/artefacts/capsule__test__scratch__009_heatmap_overlay.png","outputs/risk_padim_capsule_semantic_v3/artefacts/capsule__test__scratch__009_mask.png","outputs/risk_padim_capsule_semantic_v3/artefacts/capsule__test__scratch__009_annotated.png","simple_statistical_reference","0.42","minimum",""
"capsule__test__scratch__010","data/mvtec_anomaly_detection/capsule/test/scratch/010.png","ed445d2a41ffd00d09217a0f038081e790a94fcc869bc5c5698913941fc19246","2026-06-08T23:17:41.966532+00:00","anomalib_padim","0.19944027849728493","0.5","True","0.19944027849728493","0.30055972150271504","0.6363844340424845","0.025482177734375","3","[{'x': 141, 'y': 133, 'w': 39, 'h': 31, 'area_px': 948, 'area_ratio': 0.01446533203125, 'mean_heat': 0.6526516079902649, 'max_heat': 1.0, 'x2': 180, 'y2': 164, 'aspect_ratio': 1.2580645161290323}, {'x': 36, 'y': 19, 'w': 27, 'h': 29, 'area_px': 561, 'area_ratio': 0.0085601806640625, 'mean_heat': 0.5444200038909912, 'max_heat': 0.7254902124404907, 'x2': 63, 'y2': 48, 'aspect_ratio': 1.0740740740740742}, {'x': 142, 'y': 65, 'w': 13, 'h': 16, 'area_px': 161, 'area_ratio': 0.0024566650390625, 'mean_heat': 0.5394958257675171, 'max_heat': 0.6823529601097107, 'x2': 155, 'y2': 81, 'aspect_ratio': 1.2307692307692308}]","unknown","0.5774999999999999","rules_constrained_taxonomy","141.0","133.0","39.0","31.0","948.0","0.01446533203125","0.6526516079902649","1.0","180.0","164.0","1.2580645161290323","0.16790736145574855","106.7402812241522","124.31348221670802","12.919391475602879","7.060599021202989","['features|aspect=1.258|area=0.0145|dark_contrast=7.06|sat_contrast=12.92|edge_density=0.1679|flags=elongated:0_thin:1_dark:0_saturated:0_large:0_edge:1', 'no_rule_matched_confidently']","0.19944027849728493","0.6363844340424845","0.5774999999999999","0.19944027849728493","0.42503845553652353","minimum","0.19944027849728493","S3","O3","D3","Critical","Stop release or production path until authorised review is complete.","True","S3|O3|D3","True","['Fused confidence 0.199 is below operational threshold 0.600.', 'Semantic label is unknown or not confidently mapped to the taxonomy.', 'Critical risk class requires operator confirmation before release decision.']","outputs/risk_padim_capsule_semantic_v3/artefacts/capsule__test__scratch__010_heatmap_overlay.png","outputs/risk_padim_capsule_semantic_v3/artefacts/capsule__test__scratch__010_mask.png","outputs/risk_padim_capsule_semantic_v3/artefacts/capsule__test__scratch__010_annotated.png","simple_statistical_reference","0.42","minimum",""
"capsule__test__scratch__011","data/mvtec_anomaly_detection/capsule/test/scratch/011.png","2b600445249d235479d2e108d427bb5dd65f1458509115a1ae40330378208a8b","2026-06-08T23:17:42.016999+00:00","anomalib_padim","0.5467996204331921","0.5","True","0.5467996204331921","0.04679962043319208","0.7431201994717226","0.0062103271484375","2","[{'x': 213, 'y': 114, 'w': 23, 'h': 19, 'area_px': 367, 'area_ratio': 0.0055999755859375, 'mean_heat': 0.6438852548599243, 'max_heat': 1.0, 'x2': 236, 'y2': 133, 'aspect_ratio': 1.2105263157894737}, {'x': 49, 'y': 135, 'w': 7, 'h': 9, 'area_px': 40, 'area_ratio': 0.0006103515625, 'mean_heat': 0.4452940821647644, 'max_heat': 0.4588235318660736, 'x2': 56, 'y2': 144, 'aspect_ratio': 1.2857142857142858}]","unknown","0.5774999999999999","rules_constrained_taxonomy","213.0","114.0","23.0","19.0","367.0","0.0055999755859375","0.6438852548599243","1.0","236.0","133.0","1.2105263157894737","0.08466819221967964","138.98398169336383","113.12814645308924","18.822076931459065","12.276981752038964","['features|aspect=1.211|area=0.0056|dark_contrast=12.28|sat_contrast=18.82|edge_density=0.0847|flags=elongated:0_thin:1_dark:0_saturated:0_large:0_edge:1', 'no_rule_matched_confidently']","0.5467996204331921","0.7431201994717226","0.5774999999999999","0.5467996204331921","0.6133708890364531","minimum","0.5467996204331921","S3","O3","D3","Critical","Stop release or production path until authorised review is complete.","True","S3|O3|D3","True","['Fused confidence 0.547 is below operational threshold 0.600.', 'Semantic label is unknown or not confidently mapped to the taxonomy.', 'Anomaly score is close to the decision boundary; margin=0.047.', 'Critical risk class requires operator confirmation before release decision.']","outputs/risk_padim_capsule_semantic_v3/artefacts/capsule__test__scratch__011_heatmap_overlay.png","outputs/risk_padim_capsule_semantic_v3/artefacts/capsule__test__scratch__011_mask.png","outputs/risk_padim_capsule_semantic_v3/artefacts/capsule__test__scratch__011_annotated.png","simple_statistical_reference","0.42","minimum",""
"capsule__test__scratch__012","data/mvtec_anomaly_detection/capsule/test/scratch/012.png","10da7d708dba9a273461adf5a2950d6f5e158b5ba19c5ffd3dc0c650ac08c70f","2026-06-08T23:17:42.069814+00:00","anomalib_padim","0.4151134794875282","0.5","True","0.4151134794875282","0.08488652051247181","0.5875515185457836","0.0125274658203125","3","[{'x': 77, 'y': 63, 'w': 20, 'h': 20, 'area_px': 326, 'area_ratio': 0.004974365234375, 'mean_heat': 0.6548057794570923, 'max_heat': 1.0, 'x2': 97, 'y2': 83, 'aspect_ratio': 1.0}, {'x': 28, 'y': 95, 'w': 16, 'h': 22, 'area_px': 272, 'area_ratio': 0.004150390625, 'mean_heat': 0.6109862327575684, 'max_heat': 0.9019607901573181, 'x2': 44, 'y2': 117, 'aspect_ratio': 1.375}, {'x': 161, 'y': 99, 'w': 19, 'h': 16, 'area_px': 223, 'area_ratio': 0.0034027099609375, 'mean_heat': 0.5972391366958618, 'max_heat': 0.8470588326454163, 'x2': 180, 'y2': 115, 'aspect_ratio': 1.1875}]","unknown","0.5774999999999999","rules_constrained_taxonomy","77.0","63.0","20.0","20.0","326.0","0.004974365234375","0.6548057794570923","1.0","97.0","83.0","1.0","0.0175","7.7625","187.315","1.1202160493827167","0.0","['features|aspect=1.000|area=0.0050|dark_contrast=0.00|sat_contrast=1.12|edge_density=0.0175|flags=elongated:0_thin:1_dark:0_saturated:0_large:0_edge:0', 'no_rule_matched_confidently']","0.4151134794875282","0.5875515185457836","0.5774999999999999","0.4151134794875282","0.5074415213331227","minimum","0.4151134794875282","S3","O3","D3","Critical","Stop release or production path until authorised review is complete.","True","S3|O3|D3","True","['Fused confidence 0.415 is below operational threshold 0.600.', 'Semantic label is unknown or not confidently mapped to the taxonomy.', 'Critical risk class requires operator confirmation before release decision.']","outputs/risk_padim_capsule_semantic_v3/artefacts/capsule__test__scratch__012_heatmap_overlay.png","outputs/risk_padim_capsule_semantic_v3/artefacts/capsule__test__scratch__012_mask.png","outputs/risk_padim_capsule_semantic_v3/artefacts/capsule__test__scratch__012_annotated.png","simple_statistical_reference","0.42","minimum",""
"capsule__test__scratch__013","data/mvtec_anomaly_detection/capsule/test/scratch/013.png","08a532f218f9155fb934a4a704b5b054b71e366628f4a1294950a30c1a2f71c3","2026-06-08T23:17:42.123558+00:00","anomalib_padim","0.399787766771242","0.5","True","0.399787766771242","0.100212233228758","0.6544368494916452","0.0262908935546875","4","[{'x': 67, 'y': 91, 'w': 62, 'h': 24, 'area_px': 1200, 'area_ratio': 0.018310546875, 'mean_heat': 0.6127287745475769, 'max_heat': 0.8666666746139526, 'x2': 129, 'y2': 115, 'aspect_ratio': 2.5833333333333335}, {'x': 220, 'y': 202, 'w': 20, 'h': 23, 'area_px': 369, 'area_ratio': 0.0056304931640625, 'mean_heat': 0.633859395980835, 'max_heat': 1.0, 'x2': 240, 'y2': 225, 'aspect_ratio': 1.15}, {'x': 111, 'y': 218, 'w': 9, 'h': 13, 'area_px': 83, 'area_ratio': 0.0012664794921875, 'mean_heat': 0.46213090419769287, 'max_heat': 0.501960813999176, 'x2': 120, 'y2': 231, 'aspect_ratio': 1.4444444444444444}, {'x': 192, 'y': 181, 'w': 8, 'h': 11, 'area_px': 71, 'area_ratio': 0.0010833740234375, 'mean_heat': 0.48848390579223633, 'max_heat': 0.5490196347236633, 'x2': 200, 'y2': 192, 'aspect_ratio': 1.375}]","unknown","0.5308333361148834","rules_constrained_taxonomy","67.0","91.0","62.0","24.0","1200.0","0.018310546875","0.6127287745475769","0.8666666746139526","129.0","115.0","2.5833333333333335","0.19086021505376344","34.186155913978496","65.33131720430107","0.7579507857733674","13.872849462365593","['features|aspect=2.583|area=0.0183|dark_contrast=13.87|sat_contrast=0.76|edge_density=0.1909|flags=elongated:0_thin:1_dark:0_saturated:0_large:0_edge:1', 'no_rule_matched_confidently']","0.399787766771242","0.6544368494916452","0.5308333361148834","0.399787766771242","0.5089438839232733","minimum","0.399787766771242","S3","O3","D3","Critical","Stop release or production path until authorised review is complete.","True","S3|O3|D3","True","['Fused confidence 0.400 is below operational threshold 0.600.', 'Semantic label is unknown or not confidently mapped to the taxonomy.', 'Critical risk class requires operator confirmation before release decision.']","outputs/risk_padim_capsule_semantic_v3/artefacts/capsule__test__scratch__013_heatmap_overlay.png","outputs/risk_padim_capsule_semantic_v3/artefacts/capsule__test__scratch__013_mask.png","outputs/risk_padim_capsule_semantic_v3/artefacts/capsule__test__scratch__013_annotated.png","simple_statistical_reference","0.42","minimum",""
"capsule__test__scratch__014","data/mvtec_anomaly_detection/capsule/test/scratch/014.png","f635566a061fec1d63ebdf07d26f3a685812b274d4ca0101acf284155e4d6704","2026-06-08T23:17:42.175708+00:00","anomalib_padim","0.30565019352418327","0.5","True","0.30565019352418327","0.19434980647581673","0.7437916910151674","0.0330657958984375","2","[{'x': 81, 'y': 107, 'w': 64, 'h': 52, 'area_px': 1774, 'area_ratio': 0.027069091796875, 'mean_heat': 0.5704246759414673, 'max_heat': 1.0, 'x2': 145, 'y2': 159, 'aspect_ratio': 1.2307692307692308}, {'x': 198, 'y': 201, 'w': 23, 'h': 22, 'area_px': 393, 'area_ratio': 0.0059967041015625, 'mean_heat': 0.5763708353042603, 'max_heat': 0.8196078538894653, 'x2': 221, 'y2': 223, 'aspect_ratio': 1.0454545454545454}]","surface_defect","0.753","rules_constrained_taxonomy","81.0","107.0","64.0","52.0","1774.0","0.027069091796875","0.5704246759414673","1.0","145.0","159.0","1.2307692307692308","0.03545673076923077","55.33383413461539","61.08713942307692","0.9667173359728451","11.856794400452486","['features|aspect=1.231|area=0.0271|dark_contrast=11.86|sat_contrast=0.97|edge_density=0.0355|flags=elongated:0_thin:0_dark:0_saturated:0_large:0_edge:0', 'high_heat_moderate_area_surface_defect_fallback']","0.30565019352418327","0.7437916910151674","0.753","0.30565019352418327","0.5489300943904327","minimum","0.30565019352418327","S3","O2","D3","High","Quarantine item or lot pending quality engineer review.","True","S3|O2|D3","True","['Fused confidence 0.306 is below operational threshold 0.600.']","outputs/risk_padim_capsule_semantic_v3/artefacts/capsule__test__scratch__014_heatmap_overlay.png","outputs/risk_padim_capsule_semantic_v3/artefacts/capsule__test__scratch__014_mask.png","outputs/risk_padim_capsule_semantic_v3/artefacts/capsule__test__scratch__014_annotated.png","simple_statistical_reference","0.42","minimum",""
"capsule__test__scratch__015","data/mvtec_anomaly_detection/capsule/test/scratch/015.png","5c2aa9ea18d892aabf60463ef08bf4eaaf2f4543b7739a6b3f66e9109409b1dd","2026-06-08T23:17:42.229350+00:00","anomalib_padim","0.4354981263407141","0.5","True","0.4354981263407141","0.06450187365928589","0.5000289633653388","0.0157928466796875","5","[{'x': 217, 'y': 115, 'w': 19, 'h': 21, 'area_px': 308, 'area_ratio': 0.00469970703125, 'mean_heat': 0.6455182433128357, 'max_heat': 1.0, 'x2': 236, 'y2': 136, 'aspect_ratio': 1.105263157894737}, {'x': 205, 'y': 202, 'w': 18, 'h': 18, 'area_px': 254, 'area_ratio': 0.003875732421875, 'mean_heat': 0.6144202947616577, 'max_heat': 0.8941176533699036, 'x2': 223, 'y2': 220, 'aspect_ratio': 1.0}, {'x': 140, 'y': 93, 'w': 17, 'h': 18, 'area_px': 230, 'area_ratio': 0.003509521484375, 'mean_heat': 0.5705200433731079, 'max_heat': 0.772549033164978, 'x2': 157, 'y2': 111, 'aspect_ratio': 1.0588235294117647}, {'x': 149, 'y': 57, 'w': 12, 'h': 15, 'area_px': 138, 'area_ratio': 0.002105712890625, 'mean_heat': 0.5108837485313416, 'max_heat': 0.6117647290229797, 'x2': 161, 'y2': 72, 'aspect_ratio': 1.25}, {'x': 57, 'y': 132, 'w': 12, 'h': 12, 'area_px': 105, 'area_ratio': 0.0016021728515625, 'mean_heat': 0.4460877776145935, 'max_heat': 0.47058823704719543, 'x2': 69, 'y2': 144, 'aspect_ratio': 1.0}]","contamination","0.8718183819345662","rules_constrained_taxonomy","217.0","115.0","19.0","21.0","308.0","0.00469970703125","0.6455182433128357","1.0","236.0","136.0","1.105263157894737","0.017543859649122806","157.0250626566416","116.53383458646617","27.91000474158369","9.61133915870758","['features|aspect=1.105|area=0.0047|dark_contrast=9.61|sat_contrast=27.91|edge_density=0.0175|flags=elongated:0_thin:1_dark:0_saturated:1_large:0_edge:0', 'colour_or_saturation_shift']","0.4354981263407141","0.5000289633653388","0.8718183819345662","0.4354981263407141","0.5639374413465645","minimum","0.4354981263407141","S3","O2","D3","High","Quarantine item or lot pending quality engineer review.","True","S3|O2|D3","True","['Fused confidence 0.435 is below operational threshold 0.600.', 'Anomaly score is close to the decision boundary; margin=0.065.']","outputs/risk_padim_capsule_semantic_v3/artefacts/capsule__test__scratch__015_heatmap_overlay.png","outputs/risk_padim_capsule_semantic_v3/artefacts/capsule__test__scratch__015_mask.png","outputs/risk_padim_capsule_semantic_v3/artefacts/capsule__test__scratch__015_annotated.png","simple_statistical_reference","0.42","minimum",""
"capsule__test__scratch__016","data/mvtec_anomaly_detection/capsule/test/scratch/016.png","88d285a89ac941ad0fa6173451ebb439b022fdfe3ec7ae15f01dad74166baa04","2026-06-08T23:17:42.283274+00:00","anomalib_padim","0.5316400158240371","0.5","True","0.5316400158240371","0.03164001582403708","0.5664200555341079","0.0141754150390625","3","[{'x': 152, 'y': 141, 'w': 28, 'h': 17, 'area_px': 363, 'area_ratio': 0.0055389404296875, 'mean_heat': 0.5267326235771179, 'max_heat': 0.6745098233222961, 'x2': 180, 'y2': 158, 'aspect_ratio': 1.6470588235294117}, {'x': 168, 'y': 0, 'w': 24, 'h': 15, 'area_px': 293, 'area_ratio': 0.0044708251953125, 'mean_heat': 0.6238908767700195, 'max_heat': 1.0, 'x2': 192, 'y2': 15, 'aspect_ratio': 1.6}, {'x': 207, 'y': 201, 'w': 18, 'h': 20, 'area_px': 273, 'area_ratio': 0.0041656494140625, 'mean_heat': 0.5794441103935242, 'max_heat': 0.7921568751335144, 'x2': 225, 'y2': 221, 'aspect_ratio': 1.1111111111111112}]","unknown","0.46357843816280364","rules_constrained_taxonomy","152.0","141.0","28.0","17.0","363.0","0.0055389404296875","0.5267326235771179","0.6745098233222961","180.0","158.0","1.6470588235294117","0.09873949579831932","141.03781512605042","108.99159663865547","19.75544598004491","9.250827603768784","['features|aspect=1.647|area=0.0055|dark_contrast=9.25|sat_contrast=19.76|edge_density=0.0987|flags=elongated:0_thin:1_dark:0_saturated:0_large:0_edge:1', 'no_rule_matched_confidently']","0.5316400158240371","0.5664200555341079","0.46357843816280364","0.46357843816280364","0.52505863332175","minimum","0.46357843816280364","S3","O3","D3","Critical","Stop release or production path until authorised review is complete.","True","S3|O3|D3","True","['Fused confidence 0.464 is below operational threshold 0.600.', 'Semantic label is unknown or not confidently mapped to the taxonomy.', 'Anomaly score is close to the decision boundary; margin=0.032.', 'Critical risk class requires operator confirmation before release decision.']","outputs/risk_padim_capsule_semantic_v3/artefacts/capsule__test__scratch__016_heatmap_overlay.png","outputs/risk_padim_capsule_semantic_v3/artefacts/capsule__test__scratch__016_mask.png","outputs/risk_padim_capsule_semantic_v3/artefacts/capsule__test__scratch__016_annotated.png","simple_statistical_reference","0.42","minimum",""
"capsule__test__scratch__017","data/mvtec_anomaly_detection/capsule/test/scratch/017.png","4fefcd482a9d7dc7516ee76657db2547c8474007b1514b56e1fefc29839f30cf","2026-06-08T23:17:42.340968+00:00","anomalib_padim","0.5585926781544205","0.5","True","0.5585926781544205","0.058592678154420486","0.6253247792443271","0.006591796875","2","[{'x': 130, 'y': 0, 'w': 20, 'h': 13, 'area_px': 209, 'area_ratio': 0.0031890869140625, 'mean_heat': 0.6256497502326965, 'max_heat': 1.0, 'x2': 150, 'y2': 13, 'aspect_ratio': 1.5384615384615385}, {'x': 174, 'y': 205, 'w': 17, 'h': 17, 'area_px': 223, 'area_ratio': 0.0034027099609375, 'mean_heat': 0.5386266112327576, 'max_heat': 0.6784313917160034, 'x2': 191, 'y2': 222, 'aspect_ratio': 1.0}]","unknown","0.5774999999999999","rules_constrained_taxonomy","130.0","0.0","20.0","13.0","209.0","0.0031890869140625","0.6256497502326965","1.0","150.0","13.0","1.5384615384615385","0.03076923076923077","2.8653846153846154","222.44615384615383","0.5737688237688237","0.0","['features|aspect=1.538|area=0.0032|dark_contrast=0.00|sat_contrast=0.57|edge_density=0.0308|flags=elongated:0_thin:1_dark:0_saturated:0_large:0_edge:0', 'no_rule_matched_confidently']","0.5585926781544205","0.6253247792443271","0.5774999999999999","0.5585926781544205","0.5833391389427873","minimum","0.5585926781544205","S3","O3","D2","High","Quarantine item or lot pending quality engineer review.","True","S3|O3|D2","True","['Fused confidence 0.559 is below operational threshold 0.600.', 'Semantic label is unknown or not confidently mapped to the taxonomy.', 'Anomaly score is close to the decision boundary; margin=0.059.']","outputs/risk_padim_capsule_semantic_v3/artefacts/capsule__test__scratch__017_heatmap_overlay.png","outputs/risk_padim_capsule_semantic_v3/artefacts/capsule__test__scratch__017_mask.png","outputs/risk_padim_capsule_semantic_v3/artefacts/capsule__test__scratch__017_annotated.png","simple_statistical_reference","0.42","minimum",""
"capsule__test__scratch__018","data/mvtec_anomaly_detection/capsule/test/scratch/018.png","ee36046089cd9cc7482058a120d0824a871437232b7c2536bb8fdbde2afd6526","2026-06-08T23:17:42.396000+00:00","anomalib_padim","0.6174463355217965","0.5","True","0.6174463355217965","0.11744633552179651","0.5712924668119719","0.0130157470703125","3","[{'x': 150, 'y': 93, 'w': 26, 'h': 17, 'area_px': 322, 'area_ratio': 0.004913330078125, 'mean_heat': 0.5374985337257385, 'max_heat': 0.6784313917160034, 'x2': 176, 'y2': 110, 'aspect_ratio': 1.5294117647058822}, {'x': 141, 'y': 0, 'w': 21, 'h': 16, 'area_px': 264, 'area_ratio': 0.0040283203125, 'mean_heat': 0.6520795822143555, 'max_heat': 1.0, 'x2': 162, 'y2': 16, 'aspect_ratio': 1.3125}, {'x': 162, 'y': 205, 'w': 17, 'h': 20, 'area_px': 267, 'area_ratio': 0.0040740966796875, 'mean_heat': 0.6087244153022766, 'max_heat': 0.8666666746139526, 'x2': 179, 'y2': 225, 'aspect_ratio': 1.1764705882352942}]","unknown","0.4649509871006011","rules_constrained_taxonomy","150.0","93.0","26.0","17.0","322.0","0.004913330078125","0.5374985337257385","0.6784313917160034","176.0","110.0","1.5294117647058822","0.18099547511312217","117.60407239819004","151.0","16.521821315938965","3.186868686868678","['features|aspect=1.529|area=0.0049|dark_contrast=3.19|sat_contrast=16.52|edge_density=0.1810|flags=elongated:0_thin:1_dark:0_saturated:0_large:0_edge:1', 'no_rule_matched_confidently']","0.6174463355217965","0.5712924668119719","0.4649509871006011","0.4649509871006011","0.5654763378035503","minimum","0.4649509871006011","S3","O3","D3","Critical","Stop release or production path until authorised review is complete.","True","S3|O3|D3","True","['Fused confidence 0.465 is below operational threshold 0.600.', 'Semantic label is unknown or not confidently mapped to the taxonomy.', 'Critical risk class requires operator confirmation before release decision.']","outputs/risk_padim_capsule_semantic_v3/artefacts/capsule__test__scratch__018_heatmap_overlay.png","outputs/risk_padim_capsule_semantic_v3/artefacts/capsule__test__scratch__018_mask.png","outputs/risk_padim_capsule_semantic_v3/artefacts/capsule__test__scratch__018_annotated.png","simple_statistical_reference","0.42","minimum",""
"capsule__test__scratch__019","data/mvtec_anomaly_detection/capsule/test/scratch/019.png","100f302f1da941165f4df94726685edca222c6937fffb069a9d77adae9b38570","2026-06-08T23:17:42.450744+00:00","anomalib_padim","0.7167681705972483","0.5","True","0.7167681705972483","0.2167681705972483","0.6314819861794059","0.010040283203125","3","[{'x': 173, 'y': 40, 'w': 20, 'h': 25, 'area_px': 401, 'area_ratio': 0.0061187744140625, 'mean_heat': 0.6773948073387146, 'max_heat': 1.0, 'x2': 193, 'y2': 65, 'aspect_ratio': 1.25}, {'x': 180, 'y': 142, 'w': 14, 'h': 12, 'area_px': 129, 'area_ratio': 0.0019683837890625, 'mean_heat': 0.5041496157646179, 'max_heat': 0.615686297416687, 'x2': 194, 'y2': 154, 'aspect_ratio': 1.1666666666666667}, {'x': 192, 'y': 209, 'w': 13, 'h': 13, 'area_px': 128, 'area_ratio': 0.001953125, 'mean_heat': 0.48924633860588074, 'max_heat': 0.5568627715110779, 'x2': 205, 'y2': 222, 'aspect_ratio': 1.0}]","unknown","0.5774999999999999","rules_constrained_taxonomy","173.0","40.0","20.0","25.0","401.0","0.0061187744140625","0.6773948073387146","1.0","193.0","65.0","1.25","0.016","9.358","219.884","0.3445745257452568","1.6925582655826759","['features|aspect=1.250|area=0.0061|dark_contrast=1.69|sat_contrast=0.34|edge_density=0.0160|flags=elongated:0_thin:1_dark:0_saturated:0_large:0_edge:0', 'no_rule_matched_confidently']","0.7167681705972483","0.6314819861794059","0.5774999999999999","0.5774999999999999","0.6563652726225835","minimum","0.5774999999999999","S3","O3","D2","High","Quarantine item or lot pending quality engineer review.","True","S3|O3|D2","True","['Fused confidence 0.577 is below operational threshold 0.600.', 'Semantic label is unknown or not confidently mapped to the taxonomy.']","outputs/risk_padim_capsule_semantic_v3/artefacts/capsule__test__scratch__019_heatmap_overlay.png","outputs/risk_padim_capsule_semantic_v3/artefacts/capsule__test__scratch__019_mask.png","outputs/risk_padim_capsule_semantic_v3/artefacts/capsule__test__scratch__019_annotated.png","simple_statistical_reference","0.42","minimum",""
"capsule__test__scratch__020","data/mvtec_anomaly_detection/capsule/test/scratch/020.png","093bc97fa7a7c2a21337981c725a503e7da858f787968e032522aedd246bacd4","2026-06-08T23:17:42.512311+00:00","anomalib_padim","0.5181972049247295","0.5","True","0.5181972049247295","0.018197204924729538","0.6675353957547757","0.0106964111328125","2","[{'x': 137, 'y': 39, 'w': 24, 'h': 26, 'area_px': 470, 'area_ratio': 0.007171630859375, 'mean_heat': 0.6536003351211548, 'max_heat': 1.0, 'x2': 161, 'y2': 65, 'aspect_ratio': 1.0833333333333333}, {'x': 179, 'y': 101, 'w': 33, 'h': 10, 'area_px': 231, 'area_ratio': 0.0035247802734375, 'mean_heat': 0.44690608978271484, 'max_heat': 0.47843137383461, 'x2': 212, 'y2': 111, 'aspect_ratio': 3.3}]","unknown","0.5774999999999999","rules_constrained_taxonomy","137.0","39.0","24.0","26.0","470.0","0.007171630859375","0.6536003351211548","1.0","161.0","65.0","1.0833333333333333","0.01282051282051282","8.363782051282051","216.2227564102564","0.06776556776556752","0.9355769230769226","['features|aspect=1.083|area=0.0072|dark_contrast=0.94|sat_contrast=0.07|edge_density=0.0128|flags=elongated:0_thin:1_dark:0_saturated:0_large:0_edge:0', 'no_rule_matched_confidently']","0.5181972049247295","0.6675353957547757","0.5774999999999999","0.5181972049247295","0.5778243609425611","minimum","0.5181972049247295","S3","O3","D3","Critical","Stop release or production path until authorised review is complete.","True","S3|O3|D3","True","['Fused confidence 0.518 is below operational threshold 0.600.', 'Semantic label is unknown or not confidently mapped to the taxonomy.', 'Anomaly score is close to the decision boundary; margin=0.018.', 'Critical risk class requires operator confirmation before release decision.']","outputs/risk_padim_capsule_semantic_v3/artefacts/capsule__test__scratch__020_heatmap_overlay.png","outputs/risk_padim_capsule_semantic_v3/artefacts/capsule__test__scratch__020_mask.png","outputs/risk_padim_capsule_semantic_v3/artefacts/capsule__test__scratch__020_annotated.png","simple_statistical_reference","0.42","minimum",""
"capsule__test__scratch__021","data/mvtec_anomaly_detection/capsule/test/scratch/021.png","4f842004993f5e1bfd51d25201b8fadfe487ce5ca9dd19509e37abad1d697a44","2026-06-08T23:17:42.568928+00:00","anomalib_padim","0.6331354676491588","0.5","True","0.6331354676491588","0.13313546764915885","0.8538864552974701","0.0073394775390625","1","[{'x': 141, 'y': 37, 'w': 21, 'h': 28, 'area_px': 481, 'area_ratio': 0.0073394775390625, 'mean_heat': 0.6651095151901245, 'max_heat': 1.0, 'x2': 162, 'y2': 65, 'aspect_ratio': 1.3333333333333333}]","unknown","0.5774999999999999","rules_constrained_taxonomy","141.0","37.0","21.0","28.0","481.0","0.0073394775390625","0.6651095151901245","1.0","162.0","65.0","1.3333333333333333","0.013605442176870748","7.710884353741497","215.64285714285714","0.08434872720587006","1.2889610389610482","['features|aspect=1.333|area=0.0073|dark_contrast=1.29|sat_contrast=0.08|edge_density=0.0136|flags=elongated:0_thin:1_dark:0_saturated:0_large:0_edge:0', 'no_rule_matched_confidently']","0.6331354676491588","0.8538864552974701","0.5774999999999999","0.5774999999999999","0.6854518970313626","minimum","0.5774999999999999","S3","O3","D2","High","Quarantine item or lot pending quality engineer review.","True","S3|O3|D2","True","['Fused confidence 0.577 is below operational threshold 0.600.', 'Semantic label is unknown or not confidently mapped to the taxonomy.']","outputs/risk_padim_capsule_semantic_v3/artefacts/capsule__test__scratch__021_heatmap_overlay.png","outputs/risk_padim_capsule_semantic_v3/artefacts/capsule__test__scratch__021_mask.png","outputs/risk_padim_capsule_semantic_v3/artefacts/capsule__test__scratch__021_annotated.png","simple_statistical_reference","0.42","minimum",""
"capsule__test__scratch__022","data/mvtec_anomaly_detection/capsule/test/scratch/022.png","92b5f90ce33d9080f9de3fc4bca5bdfa81c385994d5418789417fd29407aedad","2026-06-08T23:17:42.627652+00:00","anomalib_padim","0.3747041038434151","0.5","True","0.3747041038434151","0.12529589615658487","0.587493217996645","0.0144500732421875","3","[{'x': 156, 'y': 39, 'w': 23, 'h': 25, 'area_px': 451, 'area_ratio': 0.0068817138671875, 'mean_heat': 0.6402243971824646, 'max_heat': 1.0, 'x2': 179, 'y2': 64, 'aspect_ratio': 1.0869565217391304}, {'x': 137, 'y': 134, 'w': 28, 'h': 23, 'area_px': 438, 'area_ratio': 0.006683349609375, 'mean_heat': 0.5568717122077942, 'max_heat': 0.7254902124404907, 'x2': 165, 'y2': 157, 'aspect_ratio': 1.2173913043478262}, {'x': 184, 'y': 209, 'w': 8, 'h': 9, 'area_px': 58, 'area_ratio': 0.000885009765625, 'mean_heat': 0.472819447517395, 'max_heat': 0.5215686559677124, 'x2': 192, 'y2': 218, 'aspect_ratio': 1.125}]","unknown","0.5774999999999999","rules_constrained_taxonomy","156.0","39.0","23.0","25.0","451.0","0.0068817138671875","0.6402243971824646","1.0","179.0","64.0","1.0869565217391304","0.01391304347826087","9.608695652173912","218.87652173913042","0.26810234657530607","2.242302526035303","['features|aspect=1.087|area=0.0069|dark_contrast=2.24|sat_contrast=0.27|edge_density=0.0139|flags=elongated:0_thin:1_dark:0_saturated:0_large:0_edge:0', 'no_rule_matched_confidently']","0.3747041038434151","0.587493217996645","0.5774999999999999","0.3747041038434151","0.48923981212853024","minimum","0.3747041038434151","S3","O3","D3","Critical","Stop release or production path until authorised review is complete.","True","S3|O3|D3","True","['Fused confidence 0.375 is below operational threshold 0.600.', 'Semantic label is unknown or not confidently mapped to the taxonomy.', 'Critical risk class requires operator confirmation before release decision.']","outputs/risk_padim_capsule_semantic_v3/artefacts/capsule__test__scratch__022_heatmap_overlay.png","outputs/risk_padim_capsule_semantic_v3/artefacts/capsule__test__scratch__022_mask.png","outputs/risk_padim_capsule_semantic_v3/artefacts/capsule__test__scratch__022_annotated.png","simple_statistical_reference","0.42","minimum",""
"capsule__test__squeeze__000","data/mvtec_anomaly_detection/capsule/test/squeeze/000.png","28e839bfc1dcc9c8c811d0f3817fb7c1184147883f5fefbb7b6fef787e69dc9a","2026-06-08T23:17:42.690168+00:00","anomalib_padim","1.0","0.5","True","1.0","0.5","0.7016645958614373","0.0192108154296875","2","[{'x': 140, 'y': 144, 'w': 47, 'h': 32, 'area_px': 972, 'area_ratio': 0.01483154296875, 'mean_heat': 0.58439040184021, 'max_heat': 1.0, 'x2': 187, 'y2': 176, 'aspect_ratio': 1.46875}, {'x': 156, 'y': 80, 'w': 17, 'h': 22, 'area_px': 287, 'area_ratio': 0.0043792724609375, 'mean_heat': 0.4861516058444977, 'max_heat': 0.572549045085907, 'x2': 173, 'y2': 102, 'aspect_ratio': 1.2941176470588236}]","unknown","0.5774999999999999","rules_constrained_taxonomy","140.0","144.0","47.0","32.0","972.0","0.01483154296875","0.58439040184021","1.0","187.0","176.0","1.46875","0.10571808510638298","112.21542553191489","126.14627659574468","18.66549166948103","13.97045620848813","['features|aspect=1.469|area=0.0148|dark_contrast=13.97|sat_contrast=18.67|edge_density=0.1057|flags=elongated:0_thin:1_dark:0_saturated:0_large:0_edge:1', 'no_rule_matched_confidently']","1.0","0.7016645958614373","0.5774999999999999","0.5774999999999999","0.8048743787584312","minimum","0.5774999999999999","S3","O3","D2","High","Quarantine item or lot pending quality engineer review.","True","S3|O3|D2","True","['Fused confidence 0.577 is below operational threshold 0.600.', 'Semantic label is unknown or not confidently mapped to the taxonomy.']","outputs/risk_padim_capsule_semantic_v3/artefacts/capsule__test__squeeze__000_heatmap_overlay.png","outputs/risk_padim_capsule_semantic_v3/artefacts/capsule__test__squeeze__000_mask.png","outputs/risk_padim_capsule_semantic_v3/artefacts/capsule__test__squeeze__000_annotated.png","simple_statistical_reference","0.42","minimum",""
"capsule__test__squeeze__001","data/mvtec_anomaly_detection/capsule/test/squeeze/001.png","3e60541e78494f3a3d410859f742ea3aa3b9d050a86e1eba967c616d46b6643e","2026-06-08T23:17:42.750506+00:00","anomalib_padim","1.0","0.5","True","1.0","0.5","0.7026352800374864","0.03729248046875","2","[{'x': 96, 'y': 144, 'w': 58, 'h': 44, 'area_px': 1696, 'area_ratio': 0.02587890625, 'mean_heat': 0.5883070230484009, 'max_heat': 1.0, 'x2': 154, 'y2': 188, 'aspect_ratio': 1.3181818181818181}, {'x': 104, 'y': 72, 'w': 45, 'h': 30, 'area_px': 748, 'area_ratio': 0.01141357421875, 'mean_heat': 0.5578064322471619, 'max_heat': 0.8039215803146362, 'x2': 149, 'y2': 102, 'aspect_ratio': 1.5}]","surface_defect","0.753","rules_constrained_taxonomy","96.0","144.0","58.0","44.0","1696.0","0.02587890625","0.5883070230484009","1.0","154.0","188.0","1.3181818181818181","0.06426332288401254","47.82954545454545","101.0826802507837","1.3304463554463553","9.66304046993703","['features|aspect=1.318|area=0.0259|dark_contrast=9.66|sat_contrast=1.33|edge_density=0.0643|flags=elongated:0_thin:0_dark:0_saturated:0_large:0_edge:1', 'high_heat_moderate_area_surface_defect_fallback']","1.0","0.7026352800374864","0.753","0.7026352800374864","0.8490405840112459","minimum","0.7026352800374864","S3","O2","D2","High","Quarantine item or lot pending quality engineer review.","True","S3|O2|D2","False","[]","outputs/risk_padim_capsule_semantic_v3/artefacts/capsule__test__squeeze__001_heatmap_overlay.png","outputs/risk_padim_capsule_semantic_v3/artefacts/capsule__test__squeeze__001_mask.png","outputs/risk_padim_capsule_semantic_v3/artefacts/capsule__test__squeeze__001_annotated.png","simple_statistical_reference","0.42","minimum",""
"capsule__test__squeeze__002","data/mvtec_anomaly_detection/capsule/test/squeeze/002.png","057d11aeff99cac7065c36bfe9c59af373affbe783ab27abc244aeec7353878a","2026-06-08T23:17:42.822463+00:00","anomalib_padim","0.4545495831412526","0.5","True","0.4545495831412526","0.0454504168587474","0.4947641980652654","0.0242462158203125","5","[{'x': 108, 'y': 0, 'w': 23, 'h': 27, 'area_px': 441, 'area_ratio': 0.0067291259765625, 'mean_heat': 0.6436886191368103, 'max_heat': 1.0, 'x2': 131, 'y2': 27, 'aspect_ratio': 1.173913043478261}, {'x': 215, 'y': 207, 'w': 24, 'h': 20, 'area_px': 389, 'area_ratio': 0.0059356689453125, 'mean_heat': 0.6097888350486755, 'max_heat': 0.8352941274642944, 'x2': 239, 'y2': 227, 'aspect_ratio': 1.2}, {'x': 42, 'y': 151, 'w': 33, 'h': 18, 'area_px': 438, 'area_ratio': 0.006683349609375, 'mean_heat': 0.4781627953052521, 'max_heat': 0.5647059082984924, 'x2': 75, 'y2': 169, 'aspect_ratio': 1.8333333333333333}, {'x': 76, 'y': 201, 'w': 15, 'h': 18, 'area_px': 188, 'area_ratio': 0.00286865234375, 'mean_heat': 0.5054652094841003, 'max_heat': 0.6078431606292725, 'x2': 91, 'y2': 219, 'aspect_ratio': 1.2}, {'x': 78, 'y': 173, 'w': 13, 'h': 14, 'area_px': 133, 'area_ratio': 0.0020294189453125, 'mean_heat': 0.5111013650894165, 'max_heat': 0.6274510025978088, 'x2': 91, 'y2': 187, 'aspect_ratio': 1.0769230769230769}]","unknown","0.5774999999999999","rules_constrained_taxonomy","108.0","0.0","23.0","27.0","441.0","0.0067291259765625","0.6436886191368103","1.0","131.0","27.0","1.173913043478261","0.028985507246376812","4.175523349436393","225.19001610305958","0.13436676045371687","0.0","['features|aspect=1.174|area=0.0067|dark_contrast=0.00|sat_contrast=0.13|edge_density=0.0290|flags=elongated:0_thin:1_dark:0_saturated:0_large:0_edge:0', 'no_rule_matched_confidently']","0.4545495831412526","0.4947641980652654","0.5774999999999999","0.4545495831412526","0.4973515718331432","minimum","0.4545495831412526","S3","O3","D3","Critical","Stop release or production path until authorised review is complete.","True","S3|O3|D3","True","['Fused confidence 0.455 is below operational threshold 0.600.', 'Semantic label is unknown or not confidently mapped to the taxonomy.', 'Anomaly score is close to the decision boundary; margin=0.045.', 'Critical risk class requires operator confirmation before release decision.']","outputs/risk_padim_capsule_semantic_v3/artefacts/capsule__test__squeeze__002_heatmap_overlay.png","outputs/risk_padim_capsule_semantic_v3/artefacts/capsule__test__squeeze__002_mask.png","outputs/risk_padim_capsule_semantic_v3/artefacts/capsule__test__squeeze__002_annotated.png","simple_statistical_reference","0.42","minimum",""
"capsule__test__squeeze__003","data/mvtec_anomaly_detection/capsule/test/squeeze/003.png","9f1de3ad0ae22f3dc6dd842eae09fd7347170c5706f534c909952a96d0cc5437","2026-06-08T23:17:42.920982+00:00","anomalib_padim","0.9529639097955742","0.5","True","0.9529639097955742","0.4529639097955742","0.5993244147003223","0.01226806640625","3","[{'x': 221, 'y': 122, 'w': 21, 'h': 26, 'area_px': 404, 'area_ratio': 0.00616455078125, 'mean_heat': 0.541176438331604, 'max_heat': 0.7176470756530762, 'x2': 242, 'y2': 148, 'aspect_ratio': 1.2380952380952381}, {'x': 35, 'y': 168, 'w': 18, 'h': 21, 'area_px': 281, 'area_ratio': 0.0042877197265625, 'mean_heat': 0.642495334148407, 'max_heat': 1.0, 'x2': 53, 'y2': 189, 'aspect_ratio': 1.1666666666666667}, {'x': 109, 'y': 164, 'w': 12, 'h': 12, 'area_px': 119, 'area_ratio': 0.0018157958984375, 'mean_heat': 0.512967586517334, 'max_heat': 0.6196078658103943, 'x2': 121, 'y2': 176, 'aspect_ratio': 1.0}]","unknown","0.47867647647857664","rules_constrained_taxonomy","221.0","122.0","21.0","26.0","404.0","0.00616455078125","0.541176438331604","0.7176470756530762","242.0","148.0","1.2380952380952381","0.10073260073260074","88.83516483516483","122.87728937728937","3.4683694683694597","16.94832194832196","['features|aspect=1.238|area=0.0062|dark_contrast=16.95|sat_contrast=3.47|edge_density=0.1007|flags=elongated:0_thin:1_dark:0_saturated:0_large:0_edge:1', 'no_rule_matched_confidently']","0.9529639097955742","0.5993244147003223","0.47867647647857664","0.47867647647857664","0.7283002029377492","minimum","0.47867647647857664","S3","O3","D3","Critical","Stop release or production path until authorised review is complete.","True","S3|O3|D3","True","['Fused confidence 0.479 is below operational threshold 0.600.', 'Semantic label is unknown or not confidently mapped to the taxonomy.', 'Critical risk class requires operator confirmation before release decision.']","outputs/risk_padim_capsule_semantic_v3/artefacts/capsule__test__squeeze__003_heatmap_overlay.png","outputs/risk_padim_capsule_semantic_v3/artefacts/capsule__test__squeeze__003_mask.png","outputs/risk_padim_capsule_semantic_v3/artefacts/capsule__test__squeeze__003_annotated.png","simple_statistical_reference","0.42","minimum",""
"capsule__test__squeeze__004","data/mvtec_anomaly_detection/capsule/test/squeeze/004.png","6d5f8898ae3d8affadd8c8853a8026c48586aa71c7cbe8fb7e1f8186163eae46","2026-06-08T23:17:43.080896+00:00","anomalib_padim","0.49110562143097347","0.5","True","0.49110562143097347","0.008894378569026529","0.7774507237718082","0.030303955078125","2","[{'x': 18, 'y': 90, 'w': 40, 'h': 61, 'area_px': 1755, 'area_ratio': 0.0267791748046875, 'mean_heat': 0.6358371376991272, 'max_heat': 1.0, 'x2': 58, 'y2': 151, 'aspect_ratio': 1.525}, {'x': 220, 'y': 217, 'w': 16, 'h': 20, 'area_px': 231, 'area_ratio': 0.0035247802734375, 'mean_heat': 0.5670486092567444, 'max_heat': 0.7647058963775635, 'x2': 236, 'y2': 237, 'aspect_ratio': 1.25}]","crack","0.831","rules_constrained_taxonomy","18.0","90.0","40.0","61.0","1755.0","0.0267791748046875","0.6358371376991272","1.0","58.0","151.0","1.525","0.07745901639344262","23.074590163934428","79.1672131147541","3.747363818850939","19.6660429149305","['features|aspect=1.525|area=0.0268|dark_contrast=19.67|sat_contrast=3.75|edge_density=0.0775|flags=elongated:0_thin:0_dark:1_saturated:0_large:0_edge:1', 'dark_edge_rich_crack_like_region']","0.49110562143097347","0.7774507237718082","0.831","0.49110562143097347","0.6619827467754805","minimum","0.49110562143097347","S4","O2","D3","Critical","Stop release or production path until authorised review is complete.","True","S4|O2|D3","True","['Fused confidence 0.491 is below operational threshold 0.600.', 'Anomaly score is close to the decision boundary; margin=0.009.', 'Critical risk class requires operator confirmation before release decision.']","outputs/risk_padim_capsule_semantic_v3/artefacts/capsule__test__squeeze__004_heatmap_overlay.png","outputs/risk_padim_capsule_semantic_v3/artefacts/capsule__test__squeeze__004_mask.png","outputs/risk_padim_capsule_semantic_v3/artefacts/capsule__test__squeeze__004_annotated.png","simple_statistical_reference","0.42","minimum",""
"capsule__test__squeeze__005","data/mvtec_anomaly_detection/capsule/test/squeeze/005.png","550557b98d77ceb698d72060e66d8fe0f0598c3efbd62966da3a70763eea2433","2026-06-08T23:17:43.195991+00:00","anomalib_padim","0.7706062487645516","0.5","True","0.7706062487645516","0.27060624876455164","0.6910316599091604","0.0179290771484375","3","[{'x': 206, 'y': 84, 'w': 37, 'h': 32, 'area_px': 872, 'area_ratio': 0.0133056640625, 'mean_heat': 0.6306484937667847, 'max_heat': 1.0, 'x2': 243, 'y2': 116, 'aspect_ratio': 1.15625}, {'x': 38, 'y': 164, 'w': 20, 'h': 17, 'area_px': 263, 'area_ratio': 0.0040130615234375, 'mean_heat': 0.6358011364936829, 'max_heat': 0.9333333373069763, 'x2': 58, 'y2': 181, 'aspect_ratio': 1.1764705882352942}, {'x': 173, 'y': 145, 'w': 8, 'h': 6, 'area_px': 40, 'area_ratio': 0.0006103515625, 'mean_heat': 0.4588235914707184, 'max_heat': 0.47843137383461, 'x2': 181, 'y2': 151, 'aspect_ratio': 1.3333333333333333}]","unknown","0.5774999999999999","rules_constrained_taxonomy","206.0","84.0","37.0","32.0","872.0","0.0133056640625","0.6306484937667847","1.0","243.0","116.0","1.15625","0.044763513513513514","71.79476351351352","163.59290540540542","6.865911312255648","6.492000254971941","['features|aspect=1.156|area=0.0133|dark_contrast=6.49|sat_contrast=6.87|edge_density=0.0448|flags=elongated:0_thin:1_dark:0_saturated:0_large:0_edge:0', 'no_rule_matched_confidently']","0.7706062487645516","0.6910316599091604","0.5774999999999999","0.5774999999999999","0.6984573099167963","minimum","0.5774999999999999","S3","O3","D2","High","Quarantine item or lot pending quality engineer review.","True","S3|O3|D2","True","['Fused confidence 0.577 is below operational threshold 0.600.', 'Semantic label is unknown or not confidently mapped to the taxonomy.']","outputs/risk_padim_capsule_semantic_v3/artefacts/capsule__test__squeeze__005_heatmap_overlay.png","outputs/risk_padim_capsule_semantic_v3/artefacts/capsule__test__squeeze__005_mask.png","outputs/risk_padim_capsule_semantic_v3/artefacts/capsule__test__squeeze__005_annotated.png","simple_statistical_reference","0.42","minimum",""
"capsule__test__squeeze__006","data/mvtec_anomaly_detection/capsule/test/squeeze/006.png","ce1d557eadfc4405172155258c0258b27b2dddb00504b2cd9dcdb43f9b6dfe62","2026-06-08T23:17:43.286771+00:00","anomalib_padim","1.0","0.5","True","1.0","0.5","0.7410478413795016","0.0199127197265625","2","[{'x': 145, 'y': 144, 'w': 42, 'h': 33, 'area_px': 1161, 'area_ratio': 0.0177154541015625, 'mean_heat': 0.5993177890777588, 'max_heat': 1.0, 'x2': 187, 'y2': 177, 'aspect_ratio': 1.2727272727272727}, {'x': 158, 'y': 85, 'w': 13, 'h': 14, 'area_px': 144, 'area_ratio': 0.002197265625, 'mean_heat': 0.4613562226295471, 'max_heat': 0.5058823823928833, 'x2': 171, 'y2': 99, 'aspect_ratio': 1.0769230769230769}]","unknown","0.5774999999999999","rules_constrained_taxonomy","145.0","144.0","42.0","33.0","1161.0","0.0177154541015625","0.5993177890777588","1.0","187.0","177.0","1.2727272727272727","0.07287157287157287","106.73015873015873","130.76479076479077","13.408554226288217","11.51775673696855","['features|aspect=1.273|area=0.0177|dark_contrast=11.52|sat_contrast=13.41|edge_density=0.0729|flags=elongated:0_thin:1_dark:0_saturated:0_large:0_edge:1', 'no_rule_matched_confidently']","1.0","0.7410478413795016","0.5774999999999999","0.5774999999999999","0.8166893524138505","minimum","0.5774999999999999","S3","O3","D2","High","Quarantine item or lot pending quality engineer review.","True","S3|O3|D2","True","['Fused confidence 0.577 is below operational threshold 0.600.', 'Semantic label is unknown or not confidently mapped to the taxonomy.']","outputs/risk_padim_capsule_semantic_v3/artefacts/capsule__test__squeeze__006_heatmap_overlay.png","outputs/risk_padim_capsule_semantic_v3/artefacts/capsule__test__squeeze__006_mask.png","outputs/risk_padim_capsule_semantic_v3/artefacts/capsule__test__squeeze__006_annotated.png","simple_statistical_reference","0.42","minimum",""
"capsule__test__squeeze__007","data/mvtec_anomaly_detection/capsule/test/squeeze/007.png","8650a8a8c307ee3dfb943cf1ce7baf8d83f602598d14669e6d312a45e78e5dfd","2026-06-08T23:17:43.371437+00:00","anomalib_padim","1.0","0.5","True","1.0","0.5","0.6643965306026596","0.034912109375","2","[{'x': 83, 'y': 148, 'w': 56, 'h': 36, 'area_px': 1287, 'area_ratio': 0.0196380615234375, 'mean_heat': 0.5934305787086487, 'max_heat': 1.0, 'x2': 139, 'y2': 184, 'aspect_ratio': 1.5555555555555556}, {'x': 81, 'y': 67, 'w': 48, 'h': 30, 'area_px': 1001, 'area_ratio': 0.0152740478515625, 'mean_heat': 0.5938140153884888, 'max_heat': 0.9960784316062927, 'x2': 129, 'y2': 97, 'aspect_ratio': 1.6}]","unknown","0.5774999999999999","rules_constrained_taxonomy","83.0","148.0","56.0","36.0","1287.0","0.0196380615234375","0.5934305787086487","1.0","139.0","184.0","1.5555555555555556","0.06299603174603174","31.952876984126984","82.9141865079365","2.358554639804641","16.95440323565323","['features|aspect=1.556|area=0.0196|dark_contrast=16.95|sat_contrast=2.36|edge_density=0.0630|flags=elongated:0_thin:1_dark:0_saturated:0_large:0_edge:1', 'no_rule_matched_confidently']","1.0","0.6643965306026596","0.5774999999999999","0.5774999999999999","0.7936939591807979","minimum","0.5774999999999999","S3","O3","D2","High","Quarantine item or lot pending quality engineer review.","True","S3|O3|D2","True","['Fused confidence 0.577 is below operational threshold 0.600.', 'Semantic label is unknown or not confidently mapped to the taxonomy.']","outputs/risk_padim_capsule_semantic_v3/artefacts/capsule__test__squeeze__007_heatmap_overlay.png","outputs/risk_padim_capsule_semantic_v3/artefacts/capsule__test__squeeze__007_mask.png","outputs/risk_padim_capsule_semantic_v3/artefacts/capsule__test__squeeze__007_annotated.png","simple_statistical_reference","0.42","minimum",""
"capsule__test__squeeze__008","data/mvtec_anomaly_detection/capsule/test/squeeze/008.png","3c16fb6d6353c4daf656788dedbcdc0bfecc59206dd4d3fe9476c4277350c8ce","2026-06-08T23:17:43.423398+00:00","anomalib_padim","0.7677829258475594","0.5","True","0.7677829258475594","0.26778292584755936","0.8314254701137542","0.01153564453125","1","[{'x': 143, 'y': 145, 'w': 46, 'h': 24, 'area_px': 756, 'area_ratio': 0.01153564453125, 'mean_heat': 0.6093682050704956, 'max_heat': 1.0, 'x2': 189, 'y2': 169, 'aspect_ratio': 1.9166666666666667}]","unknown","0.5774999999999999","rules_constrained_taxonomy","143.0","145.0","46.0","24.0","756.0","0.01153564453125","0.6093682050704956","1.0","189.0","169.0","1.9166666666666667","0.041666666666666664","69.75271739130434","132.52264492753622","6.078734221598879","4.151145395044438","['features|aspect=1.917|area=0.0115|dark_contrast=4.15|sat_contrast=6.08|edge_density=0.0417|flags=elongated:0_thin:1_dark:0_saturated:0_large:0_edge:0', 'no_rule_matched_confidently']","0.7677829258475594","0.8314254701137542","0.5774999999999999","0.5774999999999999","0.739304957665528","minimum","0.5774999999999999","S3","O3","D2","High","Quarantine item or lot pending quality engineer review.","True","S3|O3|D2","True","['Fused confidence 0.577 is below operational threshold 0.600.', 'Semantic label is unknown or not confidently mapped to the taxonomy.']","outputs/risk_padim_capsule_semantic_v3/artefacts/capsule__test__squeeze__008_heatmap_overlay.png","outputs/risk_padim_capsule_semantic_v3/artefacts/capsule__test__squeeze__008_mask.png","outputs/risk_padim_capsule_semantic_v3/artefacts/capsule__test__squeeze__008_annotated.png","simple_statistical_reference","0.42","minimum",""
"capsule__test__squeeze__009","data/mvtec_anomaly_detection/capsule/test/squeeze/009.png","e131c1a2c4244b0be1a48ba4de390f3e88bc2bbe925548f83b3f28b149d9ac17","2026-06-08T23:17:43.482002+00:00","anomalib_padim","0.5718690720040541","0.5","True","0.5718690720040541","0.07186907200405412","0.7240225758519885","0.04327392578125","2","[{'x': 68, 'y': 133, 'w': 74, 'h': 41, 'area_px': 1998, 'area_ratio': 0.030487060546875, 'mean_heat': 0.5439164638519287, 'max_heat': 0.8313725590705872, 'x2': 142, 'y2': 174, 'aspect_ratio': 1.8048780487804879}, {'x': 175, 'y': 227, 'w': 34, 'h': 29, 'area_px': 838, 'area_ratio': 0.012786865234375, 'mean_heat': 0.6641957759857178, 'max_heat': 1.0, 'x2': 209, 'y2': 256, 'aspect_ratio': 1.1724137931034482}]","unknown","0.5184803956747055","rules_constrained_taxonomy","68.0","133.0","74.0","41.0","1998.0","0.030487060546875","0.5439164638519287","0.8313725590705872","142.0","174.0","1.8048780487804879","0.07086354647330258","27.35893210283454","106.13876071193144","5.108124427379888","4.970011217893116","['features|aspect=1.805|area=0.0305|dark_contrast=4.97|sat_contrast=5.11|edge_density=0.0709|flags=elongated:0_thin:0_dark:0_saturated:0_large:0_edge:1', 'no_rule_matched_confidently']","0.5718690720040541","0.7240225758519885","0.5184803956747055","0.5184803956747055","0.6041679540760974","minimum","0.5184803956747055","S3","O3","D3","Critical","Stop release or production path until authorised review is complete.","True","S3|O3|D3","True","['Fused confidence 0.518 is below operational threshold 0.600.', 'Semantic label is unknown or not confidently mapped to the taxonomy.', 'Critical risk class requires operator confirmation before release decision.']","outputs/risk_padim_capsule_semantic_v3/artefacts/capsule__test__squeeze__009_heatmap_overlay.png","outputs/risk_padim_capsule_semantic_v3/artefacts/capsule__test__squeeze__009_mask.png","outputs/risk_padim_capsule_semantic_v3/artefacts/capsule__test__squeeze__009_annotated.png","simple_statistical_reference","0.42","minimum",""
"capsule__test__squeeze__010","data/mvtec_anomaly_detection/capsule/test/squeeze/010.png","5981c80512292dc9e1805b9a0cf9590146a70f188347bd9a356b8d3dd3dff30f","2026-06-08T23:17:43.534372+00:00","anomalib_padim","0.8623775280961359","0.5","True","0.8623775280961359","0.3623775280961359","0.5111148446256861","0.027801513671875","7","[{'x': 216, 'y': 121, 'w': 29, 'h': 40, 'area_px': 766, 'area_ratio': 0.011688232421875, 'mean_heat': 0.5471765995025635, 'max_heat': 0.7215686440467834, 'x2': 245, 'y2': 161, 'aspect_ratio': 1.3793103448275863}, {'x': 162, 'y': 240, 'w': 29, 'h': 16, 'area_px': 397, 'area_ratio': 0.0060577392578125, 'mean_heat': 0.6404306888580322, 'max_heat': 1.0, 'x2': 191, 'y2': 256, 'aspect_ratio': 1.8125}, {'x': 134, 'y': 142, 'w': 14, 'h': 24, 'area_px': 251, 'area_ratio': 0.0038299560546875, 'mean_heat': 0.49844545125961304, 'max_heat': 0.5803921818733215, 'x2': 148, 'y2': 166, 'aspect_ratio': 1.7142857142857142}, {'x': 20, 'y': 114, 'w': 12, 'h': 18, 'area_px': 164, 'area_ratio': 0.00250244140625, 'mean_heat': 0.4563845098018646, 'max_heat': 0.49803921580314636, 'x2': 32, 'y2': 132, 'aspect_ratio': 1.5}, {'x': 182, 'y': 143, 'w': 14, 'h': 13, 'area_px': 142, 'area_ratio': 0.002166748046875, 'mean_heat': 0.516459584236145, 'max_heat': 0.6392157077789307, 'x2': 196, 'y2': 156, 'aspect_ratio': 1.0769230769230769}, {'x': 48, 'y': 88, 'w': 8, 'h': 9, 'area_px': 60, 'area_ratio': 0.00091552734375, 'mean_heat': 0.4754902124404907, 'max_heat': 0.5215686559677124, 'x2': 56, 'y2': 97, 'aspect_ratio': 1.125}, {'x': 136, 'y': 90, 'w': 7, 'h': 8, 'area_px': 42, 'area_ratio': 0.000640869140625, 'mean_heat': 0.44827261567115784, 'max_heat': 0.47058823704719543, 'x2': 143, 'y2': 98, 'aspect_ratio': 1.1428571428571428}]","unknown","0.4800490254163742","rules_constrained_taxonomy","216.0","121.0","29.0","40.0","766.0","0.011688232421875","0.5471765995025635","0.7215686440467834","245.0","161.0","1.3793103448275863","0.05775862068965517","78.06379310344828","135.2060344827586","5.103872468527641","10.542378215654082","['features|aspect=1.379|area=0.0117|dark_contrast=10.54|sat_contrast=5.10|edge_density=0.0578|flags=elongated:0_thin:1_dark:0_saturated:0_large:0_edge:0', 'no_rule_matched_confidently']","0.8623775280961359","0.5111148446256861","0.4800490254163742","0.4800490254163742","0.6614165973850605","minimum","0.4800490254163742","S3","O3","D3","Critical","Stop release or production path until authorised review is complete.","True","S3|O3|D3","True","['Fused confidence 0.480 is below operational threshold 0.600.', 'Semantic label is unknown or not confidently mapped to the taxonomy.', 'Critical risk class requires operator confirmation before release decision.']","outputs/risk_padim_capsule_semantic_v3/artefacts/capsule__test__squeeze__010_heatmap_overlay.png","outputs/risk_padim_capsule_semantic_v3/artefacts/capsule__test__squeeze__010_mask.png","outputs/risk_padim_capsule_semantic_v3/artefacts/capsule__test__squeeze__010_annotated.png","simple_statistical_reference","0.42","minimum",""
"capsule__test__squeeze__011","data/mvtec_anomaly_detection/capsule/test/squeeze/011.png","46e573a917f738d07564eec5cf5ab0a3c6d4b4f0fe6373e62f0a06603260ce24","2026-06-08T23:17:43.585832+00:00","anomalib_padim","0.7784989068840482","0.5","True","0.7784989068840482","0.2784989068840482","0.7510175646863737","0.0585479736328125","3","[{'x': 25, 'y': 78, 'w': 71, 'h': 77, 'area_px': 3141, 'area_ratio': 0.0479278564453125, 'mean_heat': 0.582428514957428, 'max_heat': 1.0, 'x2': 96, 'y2': 155, 'aspect_ratio': 1.0845070422535212}, {'x': 221, 'y': 220, 'w': 20, 'h': 21, 'area_px': 335, 'area_ratio': 0.0051116943359375, 'mean_heat': 0.6585777401924133, 'max_heat': 0.9803921580314636, 'x2': 241, 'y2': 241, 'aspect_ratio': 1.05}, {'x': 175, 'y': 229, 'w': 19, 'h': 27, 'area_px': 361, 'area_ratio': 0.0055084228515625, 'mean_heat': 0.5364727973937988, 'max_heat': 0.6705882549285889, 'x2': 194, 'y2': 256, 'aspect_ratio': 1.4210526315789473}]","dent","0.8162563769059452","rules_constrained_taxonomy","25.0","78.0","71.0","77.0","3141.0","0.0479278564453125","0.582428514957428","1.0","96.0","155.0","1.0845070422535212","0.05450887141027986","29.025242363270532","59.488201938906165","4.038961310248656","18.65875146611176","['features|aspect=1.085|area=0.0479|dark_contrast=18.66|sat_contrast=4.04|edge_density=0.0545|flags=elongated:0_thin:0_dark:1_saturated:0_large:0_edge:0', 'local_dark_depression_like_region']","0.7784989068840482","0.7510175646863737","0.8162563769059452","0.7510175646863737","0.7796938717302201","minimum","0.7510175646863737","S3","O2","D2","High","Quarantine item or lot pending quality engineer review.","True","S3|O2|D2","False","[]","outputs/risk_padim_capsule_semantic_v3/artefacts/capsule__test__squeeze__011_heatmap_overlay.png","outputs/risk_padim_capsule_semantic_v3/artefacts/capsule__test__squeeze__011_mask.png","outputs/risk_padim_capsule_semantic_v3/artefacts/capsule__test__squeeze__011_annotated.png","simple_statistical_reference","0.42","minimum",""
"capsule__test__squeeze__012","data/mvtec_anomaly_detection/capsule/test/squeeze/012.png","9ab2faa52919adf2d631b8ab40985612796c8caae0ab2559f641876d89f0708a","2026-06-08T23:17:43.686279+00:00","anomalib_padim","0.322171925804153","0.5","True","0.322171925804153","0.177828074195847","0.7412141661105891","0.0858001708984375","3","[{'x': 99, 'y': 67, 'w': 92, 'h': 108, 'area_px': 4883, 'area_ratio': 0.0745086669921875, 'mean_heat': 0.5559142231941223, 'max_heat': 1.0, 'x2': 191, 'y2': 175, 'aspect_ratio': 1.173913043478261}, {'x': 32, 'y': 232, 'w': 18, 'h': 24, 'area_px': 360, 'area_ratio': 0.0054931640625, 'mean_heat': 0.5647059082984924, 'max_heat': 0.7568627595901489, 'x2': 50, 'y2': 256, 'aspect_ratio': 1.3333333333333333}, {'x': 58, 'y': 116, 'w': 28, 'h': 22, 'area_px': 380, 'area_ratio': 0.00579833984375, 'mean_heat': 0.45261096954345703, 'max_heat': 0.49803921580314636, 'x2': 86, 'y2': 138, 'aspect_ratio': 1.2727272727272727}]","surface_defect","0.753","rules_constrained_taxonomy","99.0","67.0","92.0","108.0","4883.0","0.0745086669921875","0.5559142231941223","1.0","191.0","175.0","1.173913043478261","0.06964573268921095","69.02636876006441","127.68619162640901","8.601338891486158","7.257506103579047","['features|aspect=1.174|area=0.0745|dark_contrast=7.26|sat_contrast=8.60|edge_density=0.0696|flags=elongated:0_thin:0_dark:0_saturated:0_large:0_edge:1', 'high_heat_moderate_area_surface_defect_fallback']","0.322171925804153","0.7412141661105891","0.753","0.322171925804153","0.5555916164450456","minimum","0.322171925804153","S3","O2","D3","High","Quarantine item or lot pending quality engineer review.","True","S3|O2|D3","True","['Fused confidence 0.322 is below operational threshold 0.600.']","outputs/risk_padim_capsule_semantic_v3/artefacts/capsule__test__squeeze__012_heatmap_overlay.png","outputs/risk_padim_capsule_semantic_v3/artefacts/capsule__test__squeeze__012_mask.png","outputs/risk_padim_capsule_semantic_v3/artefacts/capsule__test__squeeze__012_annotated.png","simple_statistical_reference","0.42","minimum",""
"capsule__test__squeeze__013","data/mvtec_anomaly_detection/capsule/test/squeeze/013.png","e1d897f13ae7c2a27dcbe9e723a6808fd8d67edcf361e956dcb9007c3a45c737","2026-06-08T23:17:43.823153+00:00","anomalib_padim","0.5889099307366267","0.5","True","0.5889099307366267","0.08890993073662667","0.6573083823753305","0.0562744140625","4","[{'x': 193, 'y': 80, 'w': 55, 'h': 87, 'area_px': 2570, 'area_ratio': 0.039215087890625, 'mean_heat': 0.5803235173225403, 'max_heat': 1.0, 'x2': 248, 'y2': 167, 'aspect_ratio': 1.5818181818181818}, {'x': 17, 'y': 105, 'w': 29, 'h': 47, 'area_px': 865, 'area_ratio': 0.0131988525390625, 'mean_heat': 0.48870906233787537, 'max_heat': 0.6274510025978088, 'x2': 46, 'y2': 152, 'aspect_ratio': 1.6206896551724137}, {'x': 133, 'y': 149, 'w': 14, 'h': 19, 'area_px': 195, 'area_ratio': 0.0029754638671875, 'mean_heat': 0.518210232257843, 'max_heat': 0.6392157077789307, 'x2': 147, 'y2': 168, 'aspect_ratio': 1.3571428571428572}, {'x': 47, 'y': 88, 'w': 9, 'h': 8, 'area_px': 58, 'area_ratio': 0.000885009765625, 'mean_heat': 0.4676809012889862, 'max_heat': 0.5098039507865906, 'x2': 56, 'y2': 96, 'aspect_ratio': 1.125}]","surface_defect","0.753","rules_constrained_taxonomy","193.0","80.0","55.0","87.0","2570.0","0.039215087890625","0.5803235173225403","1.0","248.0","167.0","1.5818181818181818","0.052664576802507836","78.0626959247649","150.71201671891328","13.234581607795121","10.28278705518764","['features|aspect=1.582|area=0.0392|dark_contrast=10.28|sat_contrast=13.23|edge_density=0.0527|flags=elongated:0_thin:0_dark:0_saturated:0_large:0_edge:0', 'high_heat_moderate_area_surface_defect_fallback']","0.5889099307366267","0.6573083823753305","0.753","0.5889099307366267","0.6504519835440812","minimum","0.5889099307366267","S3","O2","D2","High","Quarantine item or lot pending quality engineer review.","True","S3|O2|D2","True","['Fused confidence 0.589 is below operational threshold 0.600.']","outputs/risk_padim_capsule_semantic_v3/artefacts/capsule__test__squeeze__013_heatmap_overlay.png","outputs/risk_padim_capsule_semantic_v3/artefacts/capsule__test__squeeze__013_mask.png","outputs/risk_padim_capsule_semantic_v3/artefacts/capsule__test__squeeze__013_annotated.png","simple_statistical_reference","0.42","minimum",""
"capsule__test__squeeze__014","data/mvtec_anomaly_detection/capsule/test/squeeze/014.png","b9ea85e491b90c032b0ef245ab0b013b4b6c15926e2843d9e9dbdb41205c4889","2026-06-08T23:17:43.901782+00:00","anomalib_padim","1.0","0.5","True","1.0","0.5","0.6557965804192097","0.0287628173828125","2","[{'x': 108, 'y': 72, 'w': 53, 'h': 29, 'area_px': 1020, 'area_ratio': 0.01556396484375, 'mean_heat': 0.5694310069084167, 'max_heat': 0.7333333492279053, 'x2': 161, 'y2': 101, 'aspect_ratio': 1.8275862068965518}, {'x': 109, 'y': 160, 'w': 45, 'h': 27, 'area_px': 865, 'area_ratio': 0.0131988525390625, 'mean_heat': 0.6299399733543396, 'max_heat': 1.0, 'x2': 154, 'y2': 187, 'aspect_ratio': 1.6666666666666667}]","unknown","0.48416667222976684","rules_constrained_taxonomy","108.0","72.0","53.0","29.0","1020.0","0.01556396484375","0.5694310069084167","0.7333333492279053","161.0","101.0","1.8275862068965518","0.02797657774886142","57.02472348731295","114.66363044892648","4.453064872176071","13.18178017909284","['features|aspect=1.828|area=0.0156|dark_contrast=13.18|sat_contrast=4.45|edge_density=0.0280|flags=elongated:0_thin:1_dark:0_saturated:0_large:0_edge:0', 'no_rule_matched_confidently']","1.0","0.6557965804192097","0.48416667222976684","0.48416667222976684","0.7677806421832047","minimum","0.48416667222976684","S3","O3","D3","Critical","Stop release or production path until authorised review is complete.","True","S3|O3|D3","True","['Fused confidence 0.484 is below operational threshold 0.600.', 'Semantic label is unknown or not confidently mapped to the taxonomy.', 'Critical risk class requires operator confirmation before release decision.']","outputs/risk_padim_capsule_semantic_v3/artefacts/capsule__test__squeeze__014_heatmap_overlay.png","outputs/risk_padim_capsule_semantic_v3/artefacts/capsule__test__squeeze__014_mask.png","outputs/risk_padim_capsule_semantic_v3/artefacts/capsule__test__squeeze__014_annotated.png","simple_statistical_reference","0.42","minimum",""
"capsule__test__squeeze__015","data/mvtec_anomaly_detection/capsule/test/squeeze/015.png","31bd0709c5e0e416b2610045839391543ce0b9408a1f1765a1026463fbfbb120","2026-06-08T23:17:43.959751+00:00","anomalib_padim","0.8762519317276113","0.5","True","0.8762519317276113","0.3762519317276113","0.8589166671037674","0.0338134765625","1","[{'x': 31, 'y': 82, 'w': 79, 'h': 41, 'area_px': 2216, 'area_ratio': 0.0338134765625, 'mean_heat': 0.6395183205604553, 'max_heat': 1.0, 'x2': 110, 'y2': 123, 'aspect_ratio': 1.9268292682926829}]","surface_defect","0.753","rules_constrained_taxonomy","31.0","82.0","79.0","41.0","2216.0","0.0338134765625","0.6395183205604553","1.0","110.0","123.0","1.9268292682926829","0.0466193269527632","20.99691262735412","89.47175054029022","0.08370856456556908","5.8074738364410905","['features|aspect=1.927|area=0.0338|dark_contrast=5.81|sat_contrast=0.08|edge_density=0.0466|flags=elongated:0_thin:0_dark:0_saturated:0_large:0_edge:0', 'high_heat_moderate_area_surface_defect_fallback']","0.8762519317276113","0.8589166671037674","0.753","0.753","0.8402383694085553","minimum","0.753","S3","O2","D2","High","Quarantine item or lot pending quality engineer review.","True","S3|O2|D2","False","[]","outputs/risk_padim_capsule_semantic_v3/artefacts/capsule__test__squeeze__015_heatmap_overlay.png","outputs/risk_padim_capsule_semantic_v3/artefacts/capsule__test__squeeze__015_mask.png","outputs/risk_padim_capsule_semantic_v3/artefacts/capsule__test__squeeze__015_annotated.png","simple_statistical_reference","0.42","minimum",""
"capsule__test__squeeze__016","data/mvtec_anomaly_detection/capsule/test/squeeze/016.png","c7ed7b1bd4564c4f3ee8becef329d97626d6fb6862c7723809df8a39190640c2","2026-06-08T23:17:44.044918+00:00","anomalib_padim","0.9935208569942557","0.5","True","0.9935208569942557","0.49352085699425574","0.8286523371934891","0.012115478515625","1","[{'x': 157, 'y': 143, 'w': 32, 'h': 31, 'area_px': 794, 'area_ratio': 0.012115478515625, 'mean_heat': 0.6024003624916077, 'max_heat': 1.0, 'x2': 189, 'y2': 174, 'aspect_ratio': 1.032258064516129}]","unknown","0.5774999999999999","rules_constrained_taxonomy","157.0","143.0","32.0","31.0","794.0","0.012115478515625","0.6024003624916077","1.0","189.0","174.0","1.032258064516129","0.07862903225806452","114.76108870967742","125.02923387096774","15.62722346145047","12.214117192862034","['features|aspect=1.032|area=0.0121|dark_contrast=12.21|sat_contrast=15.63|edge_density=0.0786|flags=elongated:0_thin:1_dark:0_saturated:0_large:0_edge:1', 'no_rule_matched_confidently']","0.9935208569942557","0.8286523371934891","0.5774999999999999","0.5774999999999999","0.8400550868054617","minimum","0.5774999999999999","S3","O3","D2","High","Quarantine item or lot pending quality engineer review.","True","S3|O3|D2","True","['Fused confidence 0.577 is below operational threshold 0.600.', 'Semantic label is unknown or not confidently mapped to the taxonomy.']","outputs/risk_padim_capsule_semantic_v3/artefacts/capsule__test__squeeze__016_heatmap_overlay.png","outputs/risk_padim_capsule_semantic_v3/artefacts/capsule__test__squeeze__016_mask.png","outputs/risk_padim_capsule_semantic_v3/artefacts/capsule__test__squeeze__016_annotated.png","simple_statistical_reference","0.42","minimum",""
"capsule__test__squeeze__017","data/mvtec_anomaly_detection/capsule/test/squeeze/017.png","f96d65a4ac8b65746dd62174a8f1970898299b9ca07f6e91491167f464ce0700","2026-06-08T23:17:44.101066+00:00","anomalib_padim","0.7229511406853798","0.5","True","0.7229511406853798","0.2229511406853798","0.7643885127982891","0.02423095703125","2","[{'x': 20, 'y': 82, 'w': 36, 'h': 48, 'area_px': 1238, 'area_ratio': 0.018890380859375, 'mean_heat': 0.6238968968391418, 'max_heat': 0.929411768913269, 'x2': 56, 'y2': 130, 'aspect_ratio': 1.3333333333333333}, {'x': 240, 'y': 198, 'w': 16, 'h': 25, 'area_px': 350, 'area_ratio': 0.005340576171875, 'mean_heat': 0.6997199654579163, 'max_heat': 1.0, 'x2': 256, 'y2': 223, 'aspect_ratio': 1.5625}]","unknown","0.5527941191196442","rules_constrained_taxonomy","20.0","82.0","36.0","48.0","1238.0","0.018890380859375","0.6238968968391418","0.929411768913269","56.0","130.0","1.3333333333333333","0.04976851851851852","16.25289351851852","108.55208333333333","0.7165353454415957","7.831931089743591","['features|aspect=1.333|area=0.0189|dark_contrast=7.83|sat_contrast=0.72|edge_density=0.0498|flags=elongated:0_thin:1_dark:0_saturated:0_large:0_edge:0', 'no_rule_matched_confidently']","0.7229511406853798","0.7643885127982891","0.5527941191196442","0.5527941191196442","0.6928430969278188","minimum","0.5527941191196442","S3","O3","D2","High","Quarantine item or lot pending quality engineer review.","True","S3|O3|D2","True","['Fused confidence 0.553 is below operational threshold 0.600.', 'Semantic label is unknown or not confidently mapped to the taxonomy.']","outputs/risk_padim_capsule_semantic_v3/artefacts/capsule__test__squeeze__017_heatmap_overlay.png","outputs/risk_padim_capsule_semantic_v3/artefacts/capsule__test__squeeze__017_mask.png","outputs/risk_padim_capsule_semantic_v3/artefacts/capsule__test__squeeze__017_annotated.png","simple_statistical_reference","0.42","minimum",""
"capsule__test__squeeze__018","data/mvtec_anomaly_detection/capsule/test/squeeze/018.png","01c1cdcc7256f649610df76d9ca1baab74d829f49f62008c562d2620b1172ade","2026-06-08T23:17:44.156596+00:00","anomalib_padim","0.5057103652334187","0.5","True","0.5057103652334187","0.005710365233418724","0.6924731691784218","0.0303497314453125","3","[{'x': 180, 'y': 131, 'w': 51, 'h': 40, 'area_px': 1437, 'area_ratio': 0.0219268798828125, 'mean_heat': 0.6333237886428833, 'max_heat': 1.0, 'x2': 231, 'y2': 171, 'aspect_ratio': 1.275}, {'x': 60, 'y': 71, 'w': 17, 'h': 20, 'area_px': 279, 'area_ratio': 0.0042572021484375, 'mean_heat': 0.6367278099060059, 'max_heat': 0.9607843160629272, 'x2': 77, 'y2': 91, 'aspect_ratio': 1.1764705882352942}, {'x': 21, 'y': 114, 'w': 26, 'h': 25, 'area_px': 273, 'area_ratio': 0.0041656494140625, 'mean_heat': 0.4589384198188782, 'max_heat': 0.5254902243614197, 'x2': 47, 'y2': 139, 'aspect_ratio': 1.04}]","surface_defect","0.753","rules_constrained_taxonomy","180.0","131.0","51.0","40.0","1437.0","0.0219268798828125","0.6333237886428833","1.0","231.0","171.0","1.275","0.0784313725490196","88.09803921568627","129.05588235294118","7.022346251933612","10.21250783895647","['features|aspect=1.275|area=0.0219|dark_contrast=10.21|sat_contrast=7.02|edge_density=0.0784|flags=elongated:0_thin:1_dark:0_saturated:0_large:0_edge:1', 'high_heat_moderate_area_surface_defect_fallback']","0.5057103652334187","0.6924731691784218","0.753","0.5057103652334187","0.623561615108565","minimum","0.5057103652334187","S3","O2","D3","High","Quarantine item or lot pending quality engineer review.","True","S3|O2|D3","True","['Fused confidence 0.506 is below operational threshold 0.600.', 'Anomaly score is close to the decision boundary; margin=0.006.']","outputs/risk_padim_capsule_semantic_v3/artefacts/capsule__test__squeeze__018_heatmap_overlay.png","outputs/risk_padim_capsule_semantic_v3/artefacts/capsule__test__squeeze__018_mask.png","outputs/risk_padim_capsule_semantic_v3/artefacts/capsule__test__squeeze__018_annotated.png","simple_statistical_reference","0.42","minimum",""
"capsule__test__squeeze__019","data/mvtec_anomaly_detection/capsule/test/squeeze/019.png","af90e2923a87291bdfc110d928b4c2a417189088f7c837cca4e7f44717508203","2026-06-08T23:17:44.207868+00:00","anomalib_padim","0.6014548516259671","0.5","True","0.6014548516259671","0.10145485162596712","0.8318515241146087","0.010009765625","1","[{'x': 192, 'y': 95, 'w': 34, 'h': 27, 'area_px': 656, 'area_ratio': 0.010009765625, 'mean_heat': 0.6124342679977417, 'max_heat': 1.0, 'x2': 226, 'y2': 122, 'aspect_ratio': 1.2592592592592593}]","unknown","0.5774999999999999","rules_constrained_taxonomy","192.0","95.0","34.0","27.0","656.0","0.010009765625","0.6124342679977417","1.0","226.0","122.0","1.2592592592592593","0.08932461873638345","125.17320261437908","144.50653594771242","19.12157470740233","3.747417540659683","['features|aspect=1.259|area=0.0100|dark_contrast=3.75|sat_contrast=19.12|edge_density=0.0893|flags=elongated:0_thin:1_dark:0_saturated:0_large:0_edge:1', 'no_rule_matched_confidently']","0.6014548516259671","0.8318515241146087","0.5774999999999999","0.5774999999999999","0.6645851404660679","minimum","0.5774999999999999","S3","O3","D2","High","Quarantine item or lot pending quality engineer review.","True","S3|O3|D2","True","['Fused confidence 0.577 is below operational threshold 0.600.', 'Semantic label is unknown or not confidently mapped to the taxonomy.']","outputs/risk_padim_capsule_semantic_v3/artefacts/capsule__test__squeeze__019_heatmap_overlay.png","outputs/risk_padim_capsule_semantic_v3/artefacts/capsule__test__squeeze__019_mask.png","outputs/risk_padim_capsule_semantic_v3/artefacts/capsule__test__squeeze__019_annotated.png","simple_statistical_reference","0.42","minimum",""
