"image_id","image_path","image_sha256","created_utc","detection.detector_name","detection.image_score","detection.threshold","detection.is_anomalous","detection.confidence","detection.score_margin","localisation.confidence","localisation.mask_area_ratio","localisation.component_count","localisation.boxes","semantic.label","semantic.confidence","semantic.method","semantic.evidence.selected_box.x","semantic.evidence.selected_box.y","semantic.evidence.selected_box.w","semantic.evidence.selected_box.h","semantic.evidence.selected_box.area_px","semantic.evidence.selected_box.area_ratio","semantic.evidence.selected_box.mean_heat","semantic.evidence.selected_box.max_heat","semantic.evidence.selected_box.x2","semantic.evidence.selected_box.y2","semantic.evidence.selected_box.aspect_ratio","semantic.evidence.edge_density","semantic.evidence.mean_saturation","semantic.evidence.mean_value","semantic.evidence.saturation_contrast","semantic.evidence.dark_contrast","semantic.evidence.rules","confidence.components.anomaly","confidence.components.localisation","confidence.components.semantic","confidence.fusion.minimum","confidence.fusion.weighted_average","confidence.fusion.preferred_strategy","confidence.fusion.preferred","risk.severity","risk.occurrence","risk.detection","risk.risk_class","risk.action","risk.mapped","risk.rpm_lookup_key","review.requires_review","review.reasons","artefacts.heatmap_overlay","artefacts.mask","artefacts.annotated","config_summary.detector","config_summary.localisation_threshold","config_summary.fusion_preferred_strategy","semantic.evidence.reason"
"capsule__test__crack__000","data/mvtec_anomaly_detection/capsule/test/crack/000.png","6462a533da731a19e4df05fc1815719b94603aee341a2ac620add75ec2334ef4","2026-06-08T23:11:11.818707+00:00","anomalib_patchcore","0.38658223039518885","0.5","True","0.38658223039518885","0.11341776960481115","0.540916899924969","0.125823974609375","5","[{'x': 70, 'y': 33, 'w': 66, 'h': 67, 'area_px': 3244, 'area_ratio': 0.04949951171875, 'mean_heat': 0.6174911260604858, 'max_heat': 1.0, 'x2': 136, 'y2': 100, 'aspect_ratio': 1.0151515151515151}, {'x': 183, 'y': 132, 'w': 54, 'h': 48, 'area_px': 1824, 'area_ratio': 0.02783203125, 'mean_heat': 0.5719793438911438, 'max_heat': 0.8156862854957581, 'x2': 237, 'y2': 180, 'aspect_ratio': 1.125}, {'x': 162, 'y': 11, 'w': 84, 'h': 29, 'area_px': 1616, 'area_ratio': 0.024658203125, 'mean_heat': 0.44848817586898804, 'max_heat': 0.5137255191802979, 'x2': 246, 'y2': 40, 'aspect_ratio': 2.896551724137931}, {'x': 66, 'y': 113, 'w': 37, 'h': 57, 'area_px': 1483, 'area_ratio': 0.0226287841796875, 'mean_heat': 0.46451419591903687, 'max_heat': 0.5372549295425415, 'x2': 103, 'y2': 170, 'aspect_ratio': 1.5405405405405406}, {'x': 184, 'y': 48, 'w': 12, 'h': 8, 'area_px': 79, 'area_ratio': 0.0012054443359375, 'mean_heat': 0.4318689703941345, 'max_heat': 0.4431372582912445, 'x2': 196, 'y2': 56, 'aspect_ratio': 1.5}]","surface_defect","0.753","rules_constrained_taxonomy","70.0","33.0","66.0","67.0","3244.0","0.04949951171875","0.6174911260604858","1.0","136.0","100.0","1.0151515151515151","0.023066485753052916","10.292175486205338","177.31207598371776","3.702388134129661","0.0","['features|aspect=1.015|area=0.0495|dark_contrast=0.00|sat_contrast=3.70|edge_density=0.0231|flags=elongated:0_thin:0_dark:0_saturated:0_large:0_edge:0', 'high_heat_moderate_area_surface_defect_fallback']","0.38658223039518885","0.540916899924969","0.753","0.38658223039518885","0.5244870736553258","minimum","0.38658223039518885","S3","O2","D3","High","Quarantine item or lot pending quality engineer review.","True","S3|O2|D3","True","['Fused confidence 0.387 is below operational threshold 0.600.']","outputs/risk_patchcore_capsule_semantic_v3/artefacts/capsule__test__crack__000_heatmap_overlay.png","outputs/risk_patchcore_capsule_semantic_v3/artefacts/capsule__test__crack__000_mask.png","outputs/risk_patchcore_capsule_semantic_v3/artefacts/capsule__test__crack__000_annotated.png","simple_statistical_reference","0.42","minimum",""
"capsule__test__crack__001","data/mvtec_anomaly_detection/capsule/test/crack/001.png","dd07c258e465acf0dc3770da851f3671fb4721df60bc460e053a95b9b21acccb","2026-06-08T23:11:11.876093+00:00","anomalib_patchcore","1.0","0.5","True","1.0","0.5","0.9162683302164079","0.1389923095703125","1","[{'x': 12, 'y': 92, 'w': 140, 'h': 89, 'area_px': 9109, 'area_ratio': 0.1389923095703125, 'mean_heat': 0.7250407338142395, 'max_heat': 1.0, 'x2': 152, 'y2': 181, 'aspect_ratio': 1.5730337078651686}]","deformation","0.779","rules_constrained_taxonomy","12.0","92.0","140.0","89.0","9109.0","0.1389923095703125","0.7250407338142395","1.0","152.0","181.0","1.5730337078651686","0.07584269662921349","38.173113964687","97.18154093097914","2.84442043599347","17.283477384039173","['features|aspect=1.573|area=0.1390|dark_contrast=17.28|sat_contrast=2.84|edge_density=0.0758|flags=elongated:0_thin:0_dark:0_saturated:0_large:1_edge:1', 'large_irregular_edge_region']","1.0","0.9162683302164079","0.779","0.779","0.9196304990649223","minimum","0.779","S4","O1","D2","Medium","Reinspect item and consider rework if defect is confirmed.","True","S4|O1|D2","False","[]","outputs/risk_patchcore_capsule_semantic_v3/artefacts/capsule__test__crack__001_heatmap_overlay.png","outputs/risk_patchcore_capsule_semantic_v3/artefacts/capsule__test__crack__001_mask.png","outputs/risk_patchcore_capsule_semantic_v3/artefacts/capsule__test__crack__001_annotated.png","simple_statistical_reference","0.42","minimum",""
"capsule__test__crack__002","data/mvtec_anomaly_detection/capsule/test/crack/002.png","d7ff9e57c30e59fb1d5ec8885de04b14e6ebb20321e7a68398389dc7e28f2e2e","2026-06-08T23:11:11.930020+00:00","anomalib_patchcore","0.5821583026124868","0.5","True","0.5821583026124868","0.0821583026124868","0.8413777554035187","0.1212158203125","1","[{'x': 18, 'y': 46, 'w': 127, 'h': 106, 'area_px': 7944, 'area_ratio': 0.1212158203125, 'mean_heat': 0.5586172342300415, 'max_heat': 1.0, 'x2': 145, 'y2': 152, 'aspect_ratio': 1.1981132075471699}]","stain","0.8049999999999999","rules_constrained_taxonomy","18.0","46.0","127.0","106.0","7944.0","0.1212158203125","0.5586172342300415","1.0","145.0","152.0","1.1981132075471699","0.05823800326845937","25.437230723518052","121.90707175753974","0.3087855552851124","9.989466130801418","['features|aspect=1.198|area=0.1212|dark_contrast=9.99|sat_contrast=0.31|edge_density=0.0582|flags=elongated:0_thin:0_dark:0_saturated:0_large:1_edge:0', 'large_low_edge_region']","0.5821583026124868","0.8413777554035187","0.8049999999999999","0.5821583026124868","0.7156345627966747","minimum","0.5821583026124868","S4","O2","D2","High","Quarantine item or lot pending quality engineer review.","True","S4|O2|D2","True","['Fused confidence 0.582 is below operational threshold 0.600.']","outputs/risk_patchcore_capsule_semantic_v3/artefacts/capsule__test__crack__002_heatmap_overlay.png","outputs/risk_patchcore_capsule_semantic_v3/artefacts/capsule__test__crack__002_mask.png","outputs/risk_patchcore_capsule_semantic_v3/artefacts/capsule__test__crack__002_annotated.png","simple_statistical_reference","0.42","minimum",""
"capsule__test__crack__003","data/mvtec_anomaly_detection/capsule/test/crack/003.png","c53205f6aba7f10cf1302155ec173c4b5fc04a85cec9d5cf32bb464443f8bab3","2026-06-08T23:11:11.980710+00:00","anomalib_patchcore","0.5302531001381379","0.5","True","0.5302531001381379","0.030253100138137867","0.5448648883941363","0.1266326904296875","4","[{'x': 94, 'y': 34, 'w': 58, 'h': 62, 'area_px': 2873, 'area_ratio': 0.0438385009765625, 'mean_heat': 0.5534176230430603, 'max_heat': 0.7529411911964417, 'x2': 152, 'y2': 96, 'aspect_ratio': 1.0689655172413792}, {'x': 195, 'y': 108, 'w': 52, 'h': 76, 'area_px': 2411, 'area_ratio': 0.0367889404296875, 'mean_heat': 0.6013419032096863, 'max_heat': 1.0, 'x2': 247, 'y2': 184, 'aspect_ratio': 1.4615384615384615}, {'x': 53, 'y': 96, 'w': 63, 'h': 64, 'area_px': 2445, 'area_ratio': 0.0373077392578125, 'mean_heat': 0.49469345808029175, 'max_heat': 0.6392157077789307, 'x2': 116, 'y2': 160, 'aspect_ratio': 1.0158730158730158}, {'x': 150, 'y': 102, 'w': 31, 'h': 26, 'area_px': 570, 'area_ratio': 0.008697509765625, 'mean_heat': 0.4540213644504547, 'max_heat': 0.501960813999176, 'x2': 181, 'y2': 128, 'aspect_ratio': 1.1923076923076923}]","unknown","0.4910294169187545","rules_constrained_taxonomy","94.0","34.0","58.0","62.0","2873.0","0.0438385009765625","0.5534176230430603","0.7529411911964417","152.0","96.0","1.0689655172413792","0.024193548387096774","13.458565072302559","191.34872080088988","5.946493832756346","0.0","['features|aspect=1.069|area=0.0438|dark_contrast=0.00|sat_contrast=5.95|edge_density=0.0242|flags=elongated:0_thin:0_dark:0_saturated:0_large:0_edge:0', 'no_rule_matched_confidently']","0.5302531001381379","0.5448648883941363","0.4910294169187545","0.4910294169187545","0.5248307158100916","minimum","0.4910294169187545","S3","O3","D3","Critical","Stop release or production path until authorised review is complete.","True","S3|O3|D3","True","['Fused confidence 0.491 is below operational threshold 0.600.', 'Semantic label is unknown or not confidently mapped to the taxonomy.', 'Anomaly score is close to the decision boundary; margin=0.030.', 'Critical risk class requires operator confirmation before release decision.']","outputs/risk_patchcore_capsule_semantic_v3/artefacts/capsule__test__crack__003_heatmap_overlay.png","outputs/risk_patchcore_capsule_semantic_v3/artefacts/capsule__test__crack__003_mask.png","outputs/risk_patchcore_capsule_semantic_v3/artefacts/capsule__test__crack__003_annotated.png","simple_statistical_reference","0.42","minimum",""
"capsule__test__crack__004","data/mvtec_anomaly_detection/capsule/test/crack/004.png","5f9a15491b9b942276e72deeaf4f89a5fe9be28a797177eaf6e09cceaed83cce","2026-06-08T23:11:12.032002+00:00","anomalib_patchcore","0.8882961115665785","0.5","True","0.8882961115665785","0.3882961115665785","0.6668775603290968","0.113372802734375","3","[{'x': 109, 'y': 46, 'w': 92, 'h': 81, 'area_px': 4123, 'area_ratio': 0.0629119873046875, 'mean_heat': 0.5959632992744446, 'max_heat': 1.0, 'x2': 201, 'y2': 127, 'aspect_ratio': 1.1358024691358024}, {'x': 77, 'y': 175, 'w': 49, 'h': 47, 'area_px': 1821, 'area_ratio': 0.0277862548828125, 'mean_heat': 0.5787878632545471, 'max_heat': 0.8156862854957581, 'x2': 126, 'y2': 222, 'aspect_ratio': 1.0425531914893618}, {'x': 221, 'y': 159, 'w': 35, 'h': 50, 'area_px': 1486, 'area_ratio': 0.022674560546875, 'mean_heat': 0.6343678832054138, 'max_heat': 0.9098039269447327, 'x2': 256, 'y2': 209, 'aspect_ratio': 1.4285714285714286}]","surface_defect","0.753","rules_constrained_taxonomy","109.0","46.0","92.0","81.0","4123.0","0.0629119873046875","0.5959632992744446","1.0","201.0","127.0","1.1358024691358024","0.03972088030059045","49.30716586151369","173.79240472356415","1.5424655942360985","0.0","['features|aspect=1.136|area=0.0629|dark_contrast=0.00|sat_contrast=1.54|edge_density=0.0397|flags=elongated:0_thin:0_dark:0_saturated:0_large:0_edge:0', 'high_heat_moderate_area_surface_defect_fallback']","0.8882961115665785","0.6668775603290968","0.753","0.6668775603290968","0.7880465183036893","minimum","0.6668775603290968","S3","O2","D2","High","Quarantine item or lot pending quality engineer review.","True","S3|O2|D2","False","[]","outputs/risk_patchcore_capsule_semantic_v3/artefacts/capsule__test__crack__004_heatmap_overlay.png","outputs/risk_patchcore_capsule_semantic_v3/artefacts/capsule__test__crack__004_mask.png","outputs/risk_patchcore_capsule_semantic_v3/artefacts/capsule__test__crack__004_annotated.png","simple_statistical_reference","0.42","minimum",""
"capsule__test__crack__005","data/mvtec_anomaly_detection/capsule/test/crack/005.png","0b4b50fbd5d7a91d41ca2b30ecafc34a2877f3543456f3b9c0fafadc075fa9a7","2026-06-08T23:11:12.085314+00:00","anomalib_patchcore","0.3603347225881051","0.5","True","0.3603347225881051","0.13966527741189488","0.7353711096270055","0.102874755859375","3","[{'x': 0, 'y': 82, 'w': 156, 'h': 71, 'area_px': 6057, 'area_ratio': 0.0924224853515625, 'mean_heat': 0.5809657573699951, 'max_heat': 1.0, 'x2': 156, 'y2': 153, 'aspect_ratio': 2.1971830985915495}, {'x': 206, 'y': 110, 'w': 27, 'h': 37, 'area_px': 466, 'area_ratio': 0.007110595703125, 'mean_heat': 0.43992260098457336, 'max_heat': 0.46666666865348816, 'x2': 233, 'y2': 147, 'aspect_ratio': 1.3703703703703705}, {'x': 31, 'y': 32, 'w': 18, 'h': 16, 'area_px': 219, 'area_ratio': 0.0033416748046875, 'mean_heat': 0.4433879852294922, 'max_heat': 0.46666666865348816, 'x2': 49, 'y2': 48, 'aspect_ratio': 1.125}]","stain","0.8049999999999999","rules_constrained_taxonomy","0.0","82.0","156.0","71.0","6057.0","0.0924224853515625","0.5809657573699951","1.0","156.0","153.0","2.1971830985915495","0.03539183820873962","37.03132899963886","89.85617551462622","0.018923616964343637","11.40798204074244","['features|aspect=2.197|area=0.0924|dark_contrast=11.41|sat_contrast=0.02|edge_density=0.0354|flags=elongated:0_thin:0_dark:0_saturated:0_large:1_edge:0', 'large_low_edge_region']","0.3603347225881051","0.7353711096270055","0.8049999999999999","0.3603347225881051","0.584011958052749","minimum","0.3603347225881051","S3","O2","D3","High","Quarantine item or lot pending quality engineer review.","True","S3|O2|D3","True","['Fused confidence 0.360 is below operational threshold 0.600.']","outputs/risk_patchcore_capsule_semantic_v3/artefacts/capsule__test__crack__005_heatmap_overlay.png","outputs/risk_patchcore_capsule_semantic_v3/artefacts/capsule__test__crack__005_mask.png","outputs/risk_patchcore_capsule_semantic_v3/artefacts/capsule__test__crack__005_annotated.png","simple_statistical_reference","0.42","minimum",""
"capsule__test__crack__006","data/mvtec_anomaly_detection/capsule/test/crack/006.png","d63295f7073046911ab3d84d5d38ca12adbb0de33951a05d03578da9e0163904","2026-06-08T23:11:12.145902+00:00","anomalib_patchcore","0.6223164337327605","0.5","True","0.6223164337327605","0.12231643373276047","0.8760947167873383","0.0482635498046875","1","[{'x': 144, 'y': 133, 'w': 77, 'h': 55, 'area_px': 3163, 'area_ratio': 0.0482635498046875, 'mean_heat': 0.657622218132019, 'max_heat': 1.0, 'x2': 221, 'y2': 188, 'aspect_ratio': 1.4}]","surface_defect","0.753","rules_constrained_taxonomy","144.0","133.0","77.0","55.0","3163.0","0.0482635498046875","0.657622218132019","1.0","221.0","188.0","1.4","0.07981109799291618","78.52727272727273","141.51877213695394","4.411719191001339","8.741564073859337","['features|aspect=1.400|area=0.0483|dark_contrast=8.74|sat_contrast=4.41|edge_density=0.0798|flags=elongated:0_thin:0_dark:0_saturated:0_large:0_edge:1', 'high_heat_moderate_area_surface_defect_fallback']","0.6223164337327605","0.8760947167873383","0.753","0.6223164337327605","0.7311208102159437","minimum","0.6223164337327605","S3","O2","D2","High","Quarantine item or lot pending quality engineer review.","True","S3|O2|D2","False","[]","outputs/risk_patchcore_capsule_semantic_v3/artefacts/capsule__test__crack__006_heatmap_overlay.png","outputs/risk_patchcore_capsule_semantic_v3/artefacts/capsule__test__crack__006_mask.png","outputs/risk_patchcore_capsule_semantic_v3/artefacts/capsule__test__crack__006_annotated.png","simple_statistical_reference","0.42","minimum",""
"capsule__test__crack__007","data/mvtec_anomaly_detection/capsule/test/crack/007.png","de3bf8155e2b6e153688ef71bbb5bdcc0f390e20e48dd60aa36cedad5b37717d","2026-06-08T23:11:12.197132+00:00","anomalib_patchcore","0.7259515699598901","0.5","True","0.7259515699598901","0.22595156995989008","0.6186571868753765","0.0886993408203125","3","[{'x': 194, 'y': 116, 'w': 62, 'h': 61, 'area_px': 2841, 'area_ratio': 0.0433502197265625, 'mean_heat': 0.6261216998100281, 'max_heat': 1.0, 'x2': 256, 'y2': 177, 'aspect_ratio': 1.0163934426229508}, {'x': 141, 'y': 214, 'w': 53, 'h': 42, 'area_px': 1705, 'area_ratio': 0.0260162353515625, 'mean_heat': 0.5443827509880066, 'max_heat': 0.7215686440467834, 'x2': 194, 'y2': 256, 'aspect_ratio': 1.2619047619047619}, {'x': 64, 'y': 117, 'w': 54, 'h': 36, 'area_px': 1267, 'area_ratio': 0.0193328857421875, 'mean_heat': 0.4715662896633148, 'max_heat': 0.5529412031173706, 'x2': 118, 'y2': 153, 'aspect_ratio': 1.5}]","surface_defect","0.753","rules_constrained_taxonomy","194.0","116.0","62.0","61.0","2841.0","0.0433502197265625","0.6261216998100281","1.0","256.0","177.0","1.0163934426229508","0.05790586991010047","73.28609201480698","147.70359598096246","1.4315465602615234","4.250207358555173","['features|aspect=1.016|area=0.0434|dark_contrast=4.25|sat_contrast=1.43|edge_density=0.0579|flags=elongated:0_thin:0_dark:0_saturated:0_large:0_edge:0', 'high_heat_moderate_area_surface_defect_fallback']","0.7259515699598901","0.6186571868753765","0.753","0.6186571868753765","0.7005253625445635","minimum","0.6186571868753765","S3","O2","D2","High","Quarantine item or lot pending quality engineer review.","True","S3|O2|D2","False","[]","outputs/risk_patchcore_capsule_semantic_v3/artefacts/capsule__test__crack__007_heatmap_overlay.png","outputs/risk_patchcore_capsule_semantic_v3/artefacts/capsule__test__crack__007_mask.png","outputs/risk_patchcore_capsule_semantic_v3/artefacts/capsule__test__crack__007_annotated.png","simple_statistical_reference","0.42","minimum",""
"capsule__test__crack__008","data/mvtec_anomaly_detection/capsule/test/crack/008.png","b53477da88bffb2f380a5616b50020f98db5fc1040ff26bbe3d5e25490f5e2e1","2026-06-08T23:11:12.248380+00:00","anomalib_patchcore","0.3481923766917971","0.5","True","0.3481923766917971","0.1518076233082029","0.6613783541402048","0.1714630126953125","4","[{'x': 43, 'y': 91, 'w': 185, 'h': 73, 'area_px': 7853, 'area_ratio': 0.1198272705078125, 'mean_heat': 0.5655063986778259, 'max_heat': 1.0, 'x2': 228, 'y2': 164, 'aspect_ratio': 2.5342465753424657}, {'x': 26, 'y': 15, 'w': 50, 'h': 45, 'area_px': 1536, 'area_ratio': 0.0234375, 'mean_heat': 0.49794474244117737, 'max_heat': 0.6078431606292725, 'x2': 76, 'y2': 60, 'aspect_ratio': 1.1111111111111112}, {'x': 192, 'y': 206, 'w': 50, 'h': 36, 'area_px': 1465, 'area_ratio': 0.0223541259765625, 'mean_heat': 0.5116857290267944, 'max_heat': 0.6274510025978088, 'x2': 242, 'y2': 242, 'aspect_ratio': 1.3888888888888888}, {'x': 67, 'y': 194, 'w': 22, 'h': 22, 'area_px': 383, 'area_ratio': 0.0058441162109375, 'mean_heat': 0.4668304920196533, 'max_heat': 0.5215686559677124, 'x2': 89, 'y2': 216, 'aspect_ratio': 1.0}]","deformation","0.779","rules_constrained_taxonomy","43.0","91.0","185.0","73.0","7853.0","0.1198272705078125","0.5655063986778259","1.0","228.0","164.0","2.5342465753424657","0.06619770455386893","77.70225842280637","92.57882265827472","11.651389173547045","10.811137652530803","['features|aspect=2.534|area=0.1198|dark_contrast=10.81|sat_contrast=11.65|edge_density=0.0662|flags=elongated:0_thin:0_dark:0_saturated:0_large:1_edge:1', 'large_irregular_edge_region']","0.3481923766917971","0.6613783541402048","0.779","0.3481923766917971","0.5498500757533701","minimum","0.3481923766917971","S4","O1","D3","High","Quarantine item or lot pending quality engineer review.","True","S4|O1|D3","True","['Fused confidence 0.348 is below operational threshold 0.600.']","outputs/risk_patchcore_capsule_semantic_v3/artefacts/capsule__test__crack__008_heatmap_overlay.png","outputs/risk_patchcore_capsule_semantic_v3/artefacts/capsule__test__crack__008_mask.png","outputs/risk_patchcore_capsule_semantic_v3/artefacts/capsule__test__crack__008_annotated.png","simple_statistical_reference","0.42","minimum",""
"capsule__test__crack__009","data/mvtec_anomaly_detection/capsule/test/crack/009.png","782833236292a0ea278d42fd87265dae63be3aed5f8649e76dfa95a5616fd755","2026-06-08T23:11:12.297200+00:00","anomalib_patchcore","0.4099807015580857","0.5","True","0.4099807015580857","0.09001929844191431","0.7422229953269361","0.1187286376953125","3","[{'x': 57, 'y': 80, 'w': 157, 'h': 63, 'area_px': 6948, 'area_ratio': 0.10601806640625, 'mean_heat': 0.6166080236434937, 'max_heat': 1.0, 'x2': 214, 'y2': 143, 'aspect_ratio': 2.492063492063492}, {'x': 207, 'y': 203, 'w': 34, 'h': 30, 'area_px': 767, 'area_ratio': 0.0117034912109375, 'mean_heat': 0.47333383560180664, 'max_heat': 0.5490196347236633, 'x2': 241, 'y2': 233, 'aspect_ratio': 1.1333333333333333}, {'x': 81, 'y': 199, 'w': 8, 'h': 10, 'area_px': 66, 'area_ratio': 0.001007080078125, 'mean_heat': 0.43273913860321045, 'max_heat': 0.4431372582912445, 'x2': 89, 'y2': 209, 'aspect_ratio': 1.25}]","deformation","0.779","rules_constrained_taxonomy","57.0","80.0","157.0","63.0","6948.0","0.10601806640625","0.6166080236434937","1.0","214.0","143.0","2.492063492063492","0.09230613689212415","65.57112526539278","114.23182691335558","1.5166875687512373","4.309989139911423","['features|aspect=2.492|area=0.1060|dark_contrast=4.31|sat_contrast=1.52|edge_density=0.0923|flags=elongated:0_thin:0_dark:0_saturated:0_large:1_edge:1', 'large_irregular_edge_region']","0.4099807015580857","0.7422229953269361","0.779","0.4099807015580857","0.6019082142992194","minimum","0.4099807015580857","S4","O1","D3","High","Quarantine item or lot pending quality engineer review.","True","S4|O1|D3","True","['Fused confidence 0.410 is below operational threshold 0.600.']","outputs/risk_patchcore_capsule_semantic_v3/artefacts/capsule__test__crack__009_heatmap_overlay.png","outputs/risk_patchcore_capsule_semantic_v3/artefacts/capsule__test__crack__009_mask.png","outputs/risk_patchcore_capsule_semantic_v3/artefacts/capsule__test__crack__009_annotated.png","simple_statistical_reference","0.42","minimum",""
"capsule__test__crack__010","data/mvtec_anomaly_detection/capsule/test/crack/010.png","e6b6bf744e2d563ce02319699a30fa25e2a23dae26fd09901b9f3c3cf74cdce6","2026-06-08T23:11:12.349337+00:00","anomalib_patchcore","1.0","0.5","True","1.0","0.5","0.8998344153165816","0.0675201416015625","1","[{'x': 75, 'y': 92, 'w': 79, 'h': 73, 'area_px': 4425, 'area_ratio': 0.0675201416015625, 'mean_heat': 0.6836318373680115, 'max_heat': 1.0, 'x2': 154, 'y2': 165, 'aspect_ratio': 1.082191780821918}]","surface_defect","0.753","rules_constrained_taxonomy","75.0","92.0","79.0","73.0","4425.0","0.0675201416015625","0.6836318373680115","1.0","154.0","165.0","1.082191780821918","0.06693254725160395","73.69204092249002","94.07820357204785","10.110254997002144","8.293529130495017","['features|aspect=1.082|area=0.0675|dark_contrast=8.29|sat_contrast=10.11|edge_density=0.0669|flags=elongated:0_thin:0_dark:0_saturated:0_large:0_edge:1', 'high_heat_moderate_area_surface_defect_fallback']","1.0","0.8998344153165816","0.753","0.753","0.9082003245949746","minimum","0.753","S3","O2","D2","High","Quarantine item or lot pending quality engineer review.","True","S3|O2|D2","False","[]","outputs/risk_patchcore_capsule_semantic_v3/artefacts/capsule__test__crack__010_heatmap_overlay.png","outputs/risk_patchcore_capsule_semantic_v3/artefacts/capsule__test__crack__010_mask.png","outputs/risk_patchcore_capsule_semantic_v3/artefacts/capsule__test__crack__010_annotated.png","simple_statistical_reference","0.42","minimum",""
"capsule__test__crack__011","data/mvtec_anomaly_detection/capsule/test/crack/011.png","f414406fd3a64283e0540349e11a2a1f7f6e705a9c1e50fd649c372562832e7f","2026-06-08T23:11:12.398385+00:00","anomalib_patchcore","0.8403871327775314","0.5","True","0.8403871327775314","0.3403871327775314","0.8612756639719008","0.04583740234375","1","[{'x': 85, 'y': 92, 'w': 68, 'h': 57, 'area_px': 3004, 'area_ratio': 0.04583740234375, 'mean_heat': 0.6280606389045715, 'max_heat': 1.0, 'x2': 153, 'y2': 149, 'aspect_ratio': 1.1929824561403508}]","surface_defect","0.753","rules_constrained_taxonomy","85.0","92.0","68.0","57.0","3004.0","0.04583740234375","0.6280606389045715","1.0","153.0","149.0","1.1929824561403508","0.10087719298245613","59.10835913312693","82.68550051599587","1.7742104051425898","7.480676913880188","['features|aspect=1.193|area=0.0458|dark_contrast=7.48|sat_contrast=1.77|edge_density=0.1009|flags=elongated:0_thin:0_dark:0_saturated:0_large:0_edge:1', 'high_heat_moderate_area_surface_defect_fallback']","0.8403871327775314","0.8612756639719008","0.753","0.753","0.8248069089414594","minimum","0.753","S3","O2","D2","High","Quarantine item or lot pending quality engineer review.","True","S3|O2|D2","False","[]","outputs/risk_patchcore_capsule_semantic_v3/artefacts/capsule__test__crack__011_heatmap_overlay.png","outputs/risk_patchcore_capsule_semantic_v3/artefacts/capsule__test__crack__011_mask.png","outputs/risk_patchcore_capsule_semantic_v3/artefacts/capsule__test__crack__011_annotated.png","simple_statistical_reference","0.42","minimum",""
"capsule__test__crack__012","data/mvtec_anomaly_detection/capsule/test/crack/012.png","51da9479d5dfc761473cb55b2bcfd0a9cc9d29137e97602ce5d82f814a840e60","2026-06-08T23:11:12.462087+00:00","anomalib_patchcore","0.7551888135561544","0.5","True","0.7551888135561544","0.2551888135561544","0.7160906458449193","0.122467041015625","4","[{'x': 50, 'y': 90, 'w': 136, 'h': 86, 'area_px': 7032, 'area_ratio': 0.1072998046875, 'mean_heat': 0.6153126358985901, 'max_heat': 1.0, 'x2': 186, 'y2': 176, 'aspect_ratio': 1.5813953488372092}, {'x': 47, 'y': 157, 'w': 20, 'h': 27, 'area_px': 415, 'area_ratio': 0.0063323974609375, 'mean_heat': 0.4619041085243225, 'max_heat': 0.5098039507865906, 'x2': 67, 'y2': 184, 'aspect_ratio': 1.35}, {'x': 219, 'y': 213, 'w': 22, 'h': 25, 'area_px': 405, 'area_ratio': 0.0061798095703125, 'mean_heat': 0.4544275403022766, 'max_heat': 0.48627451062202454, 'x2': 241, 'y2': 238, 'aspect_ratio': 1.1363636363636365}, {'x': 102, 'y': 223, 'w': 15, 'h': 15, 'area_px': 174, 'area_ratio': 0.002655029296875, 'mean_heat': 0.44505301117897034, 'max_heat': 0.47058823704719543, 'x2': 117, 'y2': 238, 'aspect_ratio': 1.0}]","stain","0.8049999999999999","rules_constrained_taxonomy","50.0","90.0","136.0","86.0","7032.0","0.1072998046875","0.6153126358985901","1.0","186.0","176.0","1.5813953488372092","0.05429206566347469","60.32583789329686","89.30677154582763","5.7275406796745685","11.920782633738938","['features|aspect=1.581|area=0.1073|dark_contrast=11.92|sat_contrast=5.73|edge_density=0.0543|flags=elongated:0_thin:0_dark:0_saturated:0_large:1_edge:0', 'large_low_edge_region']","0.7551888135561544","0.7160906458449193","0.8049999999999999","0.7160906458449193","0.7559121598537453","minimum","0.7160906458449193","S4","O2","D2","High","Quarantine item or lot pending quality engineer review.","True","S4|O2|D2","False","[]","outputs/risk_patchcore_capsule_semantic_v3/artefacts/capsule__test__crack__012_heatmap_overlay.png","outputs/risk_patchcore_capsule_semantic_v3/artefacts/capsule__test__crack__012_mask.png","outputs/risk_patchcore_capsule_semantic_v3/artefacts/capsule__test__crack__012_annotated.png","simple_statistical_reference","0.42","minimum",""
"capsule__test__crack__013","data/mvtec_anomaly_detection/capsule/test/crack/013.png","dcbb91269aa12ab84a1bb098db2e10327caa3d685a81559fc26e63edb91b7066","2026-06-08T23:11:12.523005+00:00","anomalib_patchcore","0.6571451368812403","0.5","True","0.6571451368812403","0.15714513688124032","0.7691190949989235","0.0729827880859375","2","[{'x': 27, 'y': 114, 'w': 118, 'h': 83, 'area_px': 4193, 'area_ratio': 0.0639801025390625, 'mean_heat': 0.571294903755188, 'max_heat': 1.0, 'x2': 145, 'y2': 197, 'aspect_ratio': 1.4216867469879517}, {'x': 85, 'y': 214, 'w': 27, 'h': 28, 'area_px': 590, 'area_ratio': 0.009002685546875, 'mean_heat': 0.48695915937423706, 'max_heat': 0.572549045085907, 'x2': 112, 'y2': 242, 'aspect_ratio': 1.037037037037037}]","surface_defect","0.753","rules_constrained_taxonomy","27.0","114.0","118.0","83.0","4193.0","0.0639801025390625","0.571294903755188","1.0","145.0","197.0","1.4216867469879517","0.039207678170308354","29.032570961813356","99.07024709005513","0.8691326413827838","10.224642100356448","['features|aspect=1.422|area=0.0640|dark_contrast=10.22|sat_contrast=0.87|edge_density=0.0392|flags=elongated:0_thin:0_dark:0_saturated:0_large:0_edge:0', 'high_heat_moderate_area_surface_defect_fallback']","0.6571451368812403","0.7691190949989235","0.753","0.6571451368812403","0.7147010400962353","minimum","0.6571451368812403","S3","O2","D2","High","Quarantine item or lot pending quality engineer review.","True","S3|O2|D2","False","[]","outputs/risk_patchcore_capsule_semantic_v3/artefacts/capsule__test__crack__013_heatmap_overlay.png","outputs/risk_patchcore_capsule_semantic_v3/artefacts/capsule__test__crack__013_mask.png","outputs/risk_patchcore_capsule_semantic_v3/artefacts/capsule__test__crack__013_annotated.png","simple_statistical_reference","0.42","minimum",""
"capsule__test__crack__014","data/mvtec_anomaly_detection/capsule/test/crack/014.png","7bc31f4c4acf1d0878d55b62742f5933afeabb41e0509840fc864cc2dbef339c","2026-06-08T23:11:12.575275+00:00","anomalib_patchcore","0.7552431371764857","0.5","True","0.7552431371764857","0.2552431371764857","0.7198568274517325","0.043212890625","2","[{'x': 96, 'y': 92, 'w': 56, 'h': 46, 'area_px': 2055, 'area_ratio': 0.0313568115234375, 'mean_heat': 0.6287353038787842, 'max_heat': 1.0, 'x2': 152, 'y2': 138, 'aspect_ratio': 1.2173913043478262}, {'x': 41, 'y': 173, 'w': 31, 'h': 32, 'area_px': 777, 'area_ratio': 0.0118560791015625, 'mean_heat': 0.5281752943992615, 'max_heat': 0.6823529601097107, 'x2': 72, 'y2': 205, 'aspect_ratio': 1.032258064516129}]","surface_defect","0.753","rules_constrained_taxonomy","96.0","92.0","56.0","46.0","2055.0","0.0313568115234375","0.6287353038787842","1.0","152.0","138.0","1.2173913043478262","0.08346273291925466","63.56405279503105","87.85791925465838","3.253792938400231","7.284553863621184","['features|aspect=1.217|area=0.0314|dark_contrast=7.28|sat_contrast=3.25|edge_density=0.0835|flags=elongated:0_thin:0_dark:0_saturated:0_large:0_edge:1', 'high_heat_moderate_area_surface_defect_fallback']","0.7552431371764857","0.7198568274517325","0.753","0.7198568274517325","0.7440664599649384","minimum","0.7198568274517325","S3","O2","D2","High","Quarantine item or lot pending quality engineer review.","True","S3|O2|D2","False","[]","outputs/risk_patchcore_capsule_semantic_v3/artefacts/capsule__test__crack__014_heatmap_overlay.png","outputs/risk_patchcore_capsule_semantic_v3/artefacts/capsule__test__crack__014_mask.png","outputs/risk_patchcore_capsule_semantic_v3/artefacts/capsule__test__crack__014_annotated.png","simple_statistical_reference","0.42","minimum",""
"capsule__test__crack__015","data/mvtec_anomaly_detection/capsule/test/crack/015.png","ed0ebdbea5764d2031057aedbd4e0152cfbbc250d222fb40acf58d0c3f13be91","2026-06-08T23:11:12.624430+00:00","anomalib_patchcore","1.0","0.5","True","1.0","0.5","0.8761456102132796","0.0505828857421875","1","[{'x': 81, 'y': 94, 'w': 75, 'h': 59, 'area_px': 3315, 'area_ratio': 0.0505828857421875, 'mean_heat': 0.6545140147209167, 'max_heat': 1.0, 'x2': 156, 'y2': 153, 'aspect_ratio': 1.271186440677966}]","surface_defect","0.753","rules_constrained_taxonomy","81.0","94.0","75.0","59.0","3315.0","0.0505828857421875","0.6545140147209167","1.0","156.0","153.0","1.271186440677966","0.05062146892655367","60.79661016949152","70.42056497175142","1.9385881914695418","7.93386726268082","['features|aspect=1.271|area=0.0506|dark_contrast=7.93|sat_contrast=1.94|edge_density=0.0506|flags=elongated:0_thin:0_dark:0_saturated:0_large:0_edge:0', 'high_heat_moderate_area_surface_defect_fallback']","1.0","0.8761456102132796","0.753","0.753","0.901093683063984","minimum","0.753","S3","O2","D2","High","Quarantine item or lot pending quality engineer review.","True","S3|O2|D2","False","[]","outputs/risk_patchcore_capsule_semantic_v3/artefacts/capsule__test__crack__015_heatmap_overlay.png","outputs/risk_patchcore_capsule_semantic_v3/artefacts/capsule__test__crack__015_mask.png","outputs/risk_patchcore_capsule_semantic_v3/artefacts/capsule__test__crack__015_annotated.png","simple_statistical_reference","0.42","minimum",""
"capsule__test__crack__016","data/mvtec_anomaly_detection/capsule/test/crack/016.png","d79566142ee85520ae5db0a443b3643aed87152c9a5bf6dbd42cb7f2c119a770","2026-06-08T23:11:12.679526+00:00","anomalib_patchcore","0.2453850704650465","0.5","True","0.2453850704650465","0.25461492953495346","0.548557966290659","0.22607421875","7","[{'x': 41, 'y': 91, 'w': 98, 'h': 115, 'area_px': 6677, 'area_ratio': 0.1018829345703125, 'mean_heat': 0.5949354767799377, 'max_heat': 1.0, 'x2': 139, 'y2': 206, 'aspect_ratio': 1.1734693877551021}, {'x': 110, 'y': 209, 'w': 55, 'h': 47, 'area_px': 1925, 'area_ratio': 0.0293731689453125, 'mean_heat': 0.6271209716796875, 'max_heat': 0.9803921580314636, 'x2': 165, 'y2': 256, 'aspect_ratio': 1.1702127659574468}, {'x': 0, 'y': 208, 'w': 68, 'h': 48, 'area_px': 2083, 'area_ratio': 0.0317840576171875, 'mean_heat': 0.4893902838230133, 'max_heat': 0.6313725709915161, 'x2': 68, 'y2': 256, 'aspect_ratio': 1.4166666666666667}, {'x': 191, 'y': 15, 'w': 60, 'h': 46, 'area_px': 1773, 'area_ratio': 0.0270538330078125, 'mean_heat': 0.4779624938964844, 'max_heat': 0.5960784554481506, 'x2': 251, 'y2': 61, 'aspect_ratio': 1.3043478260869565}, {'x': 212, 'y': 207, 'w': 39, 'h': 37, 'area_px': 1162, 'area_ratio': 0.017730712890625, 'mean_heat': 0.5118558406829834, 'max_heat': 0.6392157077789307, 'x2': 251, 'y2': 244, 'aspect_ratio': 1.054054054054054}, {'x': 183, 'y': 140, 'w': 38, 'h': 36, 'area_px': 883, 'area_ratio': 0.0134735107421875, 'mean_heat': 0.500717282295227, 'max_heat': 0.615686297416687, 'x2': 221, 'y2': 176, 'aspect_ratio': 1.0555555555555556}, {'x': 16, 'y': 16, 'w': 23, 'h': 19, 'area_px': 313, 'area_ratio': 0.0047760009765625, 'mean_heat': 0.44653260707855225, 'max_heat': 0.47843137383461, 'x2': 39, 'y2': 35, 'aspect_ratio': 1.2105263157894737}]","stain","0.8049999999999999","rules_constrained_taxonomy","41.0","91.0","98.0","115.0","6677.0","0.1018829345703125","0.5949354767799377","1.0","139.0","206.0","1.1734693877551021","0.032475598935226266","27.456078083407277","93.70159716060337","0.6373329250298454","14.075689567667695","['features|aspect=1.173|area=0.1019|dark_contrast=14.08|sat_contrast=0.64|edge_density=0.0325|flags=elongated:0_thin:0_dark:0_saturated:0_large:1_edge:0', 'large_low_edge_region']","0.2453850704650465","0.548557966290659","0.8049999999999999","0.2453850704650465","0.4762406715964686","minimum","0.2453850704650465","S4","O2","D3","Critical","Stop release or production path until authorised review is complete.","True","S4|O2|D3","True","['Fused confidence 0.245 is below operational threshold 0.600.', 'Critical risk class requires operator confirmation before release decision.']","outputs/risk_patchcore_capsule_semantic_v3/artefacts/capsule__test__crack__016_heatmap_overlay.png","outputs/risk_patchcore_capsule_semantic_v3/artefacts/capsule__test__crack__016_mask.png","outputs/risk_patchcore_capsule_semantic_v3/artefacts/capsule__test__crack__016_annotated.png","simple_statistical_reference","0.42","minimum",""
"capsule__test__crack__017","data/mvtec_anomaly_detection/capsule/test/crack/017.png","6bb618afda23bd841859c2a4f9b6878ef37ff783299789725662a370d56fc99d","2026-06-08T23:11:12.732957+00:00","anomalib_patchcore","1.0","0.5","True","1.0","0.5","0.7803307669202315","0.04833984375","2","[{'x': 150, 'y': 66, 'w': 60, 'h': 64, 'area_px': 2932, 'area_ratio': 0.04473876953125, 'mean_heat': 0.6454659104347229, 'max_heat': 1.0, 'x2': 210, 'y2': 130, 'aspect_ratio': 1.0666666666666667}, {'x': 24, 'y': 172, 'w': 19, 'h': 16, 'area_px': 236, 'area_ratio': 0.00360107421875, 'mean_heat': 0.4550681710243225, 'max_heat': 0.4941176474094391, 'x2': 43, 'y2': 188, 'aspect_ratio': 1.1875}]","surface_defect","0.753","rules_constrained_taxonomy","150.0","66.0","60.0","64.0","2932.0","0.04473876953125","0.6454659104347229","1.0","210.0","130.0","1.0666666666666667","0.06536458333333334","84.9078125","174.88697916666666","5.65419407894737","5.258580043859666","['features|aspect=1.067|area=0.0447|dark_contrast=5.26|sat_contrast=5.65|edge_density=0.0654|flags=elongated:0_thin:0_dark:0_saturated:0_large:0_edge:1', 'high_heat_moderate_area_surface_defect_fallback']","1.0","0.7803307669202315","0.753","0.753","0.8723492300760695","minimum","0.753","S3","O2","D2","High","Quarantine item or lot pending quality engineer review.","True","S3|O2|D2","False","[]","outputs/risk_patchcore_capsule_semantic_v3/artefacts/capsule__test__crack__017_heatmap_overlay.png","outputs/risk_patchcore_capsule_semantic_v3/artefacts/capsule__test__crack__017_mask.png","outputs/risk_patchcore_capsule_semantic_v3/artefacts/capsule__test__crack__017_annotated.png","simple_statistical_reference","0.42","minimum",""
"capsule__test__crack__018","data/mvtec_anomaly_detection/capsule/test/crack/018.png","1e4e8416bf13c74855eddc1a9e58c7595f9602838a2732ed0b167695b2253182","2026-06-08T23:11:12.785609+00:00","anomalib_patchcore","0.6142910629558954","0.5","True","0.6142910629558954","0.11429106295589542","0.5944612018540758","0.0847625732421875","5","[{'x': 182, 'y': 99, 'w': 65, 'h': 79, 'area_px': 3145, 'area_ratio': 0.0479888916015625, 'mean_heat': 0.6002905368804932, 'max_heat': 1.0, 'x2': 247, 'y2': 178, 'aspect_ratio': 1.2153846153846153}, {'x': 71, 'y': 115, 'w': 49, 'h': 28, 'area_px': 959, 'area_ratio': 0.0146331787109375, 'mean_heat': 0.4742644429206848, 'max_heat': 0.5490196347236633, 'x2': 120, 'y2': 143, 'aspect_ratio': 1.75}, {'x': 144, 'y': 27, 'w': 31, 'h': 30, 'area_px': 757, 'area_ratio': 0.0115509033203125, 'mean_heat': 0.48939311504364014, 'max_heat': 0.5764706134796143, 'x2': 175, 'y2': 57, 'aspect_ratio': 1.0333333333333334}, {'x': 122, 'y': 225, 'w': 31, 'h': 23, 'area_px': 518, 'area_ratio': 0.007904052734375, 'mean_heat': 0.45028388500213623, 'max_heat': 0.48627451062202454, 'x2': 153, 'y2': 248, 'aspect_ratio': 1.3478260869565217}, {'x': 153, 'y': 139, 'w': 14, 'h': 16, 'area_px': 176, 'area_ratio': 0.002685546875, 'mean_heat': 0.4432263672351837, 'max_heat': 0.46666666865348816, 'x2': 167, 'y2': 155, 'aspect_ratio': 1.1428571428571428}]","surface_defect","0.753","rules_constrained_taxonomy","182.0","99.0","65.0","79.0","3145.0","0.0479888916015625","0.6002905368804932","1.0","247.0","178.0","1.2153846153846153","0.06621226874391431","93.88607594936708","146.81421616358324","14.780812791472343","9.45556941146549","['features|aspect=1.215|area=0.0480|dark_contrast=9.46|sat_contrast=14.78|edge_density=0.0662|flags=elongated:0_thin:0_dark:0_saturated:0_large:0_edge:1', 'high_heat_moderate_area_surface_defect_fallback']","0.6142910629558954","0.5944612018540758","0.753","0.5944612018540758","0.6430193388863757","minimum","0.5944612018540758","S3","O2","D2","High","Quarantine item or lot pending quality engineer review.","True","S3|O2|D2","True","['Fused confidence 0.594 is below operational threshold 0.600.']","outputs/risk_patchcore_capsule_semantic_v3/artefacts/capsule__test__crack__018_heatmap_overlay.png","outputs/risk_patchcore_capsule_semantic_v3/artefacts/capsule__test__crack__018_mask.png","outputs/risk_patchcore_capsule_semantic_v3/artefacts/capsule__test__crack__018_annotated.png","simple_statistical_reference","0.42","minimum",""
"capsule__test__crack__019","data/mvtec_anomaly_detection/capsule/test/crack/019.png","ec586c61c746b65bbec897e4c006d3f7a7d6b87f5e13c0c5b7326518d8e25f22","2026-06-08T23:11:12.843992+00:00","anomalib_patchcore","0.45284358733628294","0.5","True","0.45284358733628294","0.04715641266371706","0.7822376990273491","0.1134490966796875","2","[{'x': 35, 'y': 82, 'w': 180, 'h': 79, 'area_px': 7352, 'area_ratio': 0.1121826171875, 'mean_heat': 0.5385499596595764, 'max_heat': 1.0, 'x2': 215, 'y2': 161, 'aspect_ratio': 2.278481012658228}, {'x': 223, 'y': 24, 'w': 8, 'h': 14, 'area_px': 83, 'area_ratio': 0.0012664794921875, 'mean_heat': 0.42844322323799133, 'max_heat': 0.43529412150382996, 'x2': 231, 'y2': 38, 'aspect_ratio': 1.75}]","deformation","0.779","rules_constrained_taxonomy","35.0","82.0","180.0","79.0","7352.0","0.1121826171875","0.5385499596595764","1.0","215.0","161.0","2.278481012658228","0.07433192686357243","69.79423347398031","93.78403656821378","8.508734011037241","11.859196514492993","['features|aspect=2.278|area=0.1122|dark_contrast=11.86|sat_contrast=8.51|edge_density=0.0743|flags=elongated:0_thin:0_dark:0_saturated:0_large:1_edge:1', 'large_irregular_edge_region']","0.45284358733628294","0.7822376990273491","0.779","0.45284358733628294","0.633200924009532","minimum","0.45284358733628294","S4","O1","D3","High","Quarantine item or lot pending quality engineer review.","True","S4|O1|D3","True","['Fused confidence 0.453 is below operational threshold 0.600.', 'Anomaly score is close to the decision boundary; margin=0.047.']","outputs/risk_patchcore_capsule_semantic_v3/artefacts/capsule__test__crack__019_heatmap_overlay.png","outputs/risk_patchcore_capsule_semantic_v3/artefacts/capsule__test__crack__019_mask.png","outputs/risk_patchcore_capsule_semantic_v3/artefacts/capsule__test__crack__019_annotated.png","simple_statistical_reference","0.42","minimum",""
"capsule__test__crack__020","data/mvtec_anomaly_detection/capsule/test/crack/020.png","4b9ce648bbfb22d9c0eee48eb5aaafa070810978a0015e24b90bfcfd4fca1e88","2026-06-08T23:11:12.894389+00:00","anomalib_patchcore","0.5015983103320573","0.5","True","0.5015983103320573","0.0015983103320572623","0.6839426732442259","0.0825653076171875","4","[{'x': 62, 'y': 112, 'w': 102, 'h': 69, 'area_px': 4315, 'area_ratio': 0.0658416748046875, 'mean_heat': 0.5832803845405579, 'max_heat': 1.0, 'x2': 164, 'y2': 181, 'aspect_ratio': 1.4782608695652173}, {'x': 14, 'y': 0, 'w': 34, 'h': 31, 'area_px': 891, 'area_ratio': 0.0135955810546875, 'mean_heat': 0.48790302872657776, 'max_heat': 0.5764706134796143, 'x2': 48, 'y2': 31, 'aspect_ratio': 1.096774193548387}, {'x': 69, 'y': 84, 'w': 13, 'h': 11, 'area_px': 115, 'area_ratio': 0.0017547607421875, 'mean_heat': 0.4342370629310608, 'max_heat': 0.4470588266849518, 'x2': 82, 'y2': 95, 'aspect_ratio': 1.1818181818181819}, {'x': 144, 'y': 91, 'w': 11, 'h': 11, 'area_px': 90, 'area_ratio': 0.001373291015625, 'mean_heat': 0.43037042021751404, 'max_heat': 0.4431372582912445, 'x2': 155, 'y2': 102, 'aspect_ratio': 1.0}]","surface_defect","0.753","rules_constrained_taxonomy","62.0","112.0","102.0","69.0","4315.0","0.0658416748046875","0.5832803845405579","1.0","164.0","181.0","1.4782608695652173","0.06450696220517192","48.61807331628304","88.43364592213698","0.6213634458942039","9.565057966198026","['features|aspect=1.478|area=0.0658|dark_contrast=9.57|sat_contrast=0.62|edge_density=0.0645|flags=elongated:0_thin:0_dark:0_saturated:0_large:0_edge:1', 'high_heat_moderate_area_surface_defect_fallback']","0.5015983103320573","0.6839426732442259","0.753","0.5015983103320573","0.6191520416226935","minimum","0.5015983103320573","S3","O2","D3","High","Quarantine item or lot pending quality engineer review.","True","S3|O2|D3","True","['Fused confidence 0.502 is below operational threshold 0.600.', 'Anomaly score is close to the decision boundary; margin=0.002.']","outputs/risk_patchcore_capsule_semantic_v3/artefacts/capsule__test__crack__020_heatmap_overlay.png","outputs/risk_patchcore_capsule_semantic_v3/artefacts/capsule__test__crack__020_mask.png","outputs/risk_patchcore_capsule_semantic_v3/artefacts/capsule__test__crack__020_annotated.png","simple_statistical_reference","0.42","minimum",""
"capsule__test__crack__021","data/mvtec_anomaly_detection/capsule/test/crack/021.png","d3e8b402bd2df1af7835e7ea3bb387d9d004cc877fea345025583970751a9558","2026-06-08T23:11:12.953505+00:00","anomalib_patchcore","0.31980194247128607","0.5","True","0.31980194247128607","0.18019805752871393","0.7517497967558024","0.1385650634765625","2","[{'x': 58, 'y': 66, 'w': 160, 'h': 88, 'area_px': 7490, 'area_ratio': 0.114288330078125, 'mean_heat': 0.5664331316947937, 'max_heat': 1.0, 'x2': 218, 'y2': 154, 'aspect_ratio': 1.8181818181818181}, {'x': 23, 'y': 0, 'w': 55, 'h': 40, 'area_px': 1591, 'area_ratio': 0.0242767333984375, 'mean_heat': 0.5202277898788452, 'max_heat': 0.686274528503418, 'x2': 78, 'y2': 40, 'aspect_ratio': 1.375}]","stain","0.8049999999999999","rules_constrained_taxonomy","58.0","66.0","160.0","88.0","7490.0","0.114288330078125","0.5664331316947937","1.0","218.0","154.0","1.8181818181818181","0.047798295454545454","65.32769886363636","121.27848011363636","4.48291083916083","3.469498470279717","['features|aspect=1.818|area=0.1143|dark_contrast=3.47|sat_contrast=4.48|edge_density=0.0478|flags=elongated:0_thin:0_dark:0_saturated:0_large:1_edge:0', 'large_low_edge_region']","0.31980194247128607","0.7517497967558024","0.8049999999999999","0.31980194247128607","0.5706858131388195","minimum","0.31980194247128607","S4","O2","D3","Critical","Stop release or production path until authorised review is complete.","True","S4|O2|D3","True","['Fused confidence 0.320 is below operational threshold 0.600.', 'Critical risk class requires operator confirmation before release decision.']","outputs/risk_patchcore_capsule_semantic_v3/artefacts/capsule__test__crack__021_heatmap_overlay.png","outputs/risk_patchcore_capsule_semantic_v3/artefacts/capsule__test__crack__021_mask.png","outputs/risk_patchcore_capsule_semantic_v3/artefacts/capsule__test__crack__021_annotated.png","simple_statistical_reference","0.42","minimum",""
"capsule__test__crack__022","data/mvtec_anomaly_detection/capsule/test/crack/022.png","75f1a25009977e45a5127951d3853eae5c0d44751dddf0a9765710915ba37572","2026-06-08T23:11:13.005512+00:00","anomalib_patchcore","0.46451813036303524","0.5","True","0.46451813036303524","0.03548186963696476","0.6481770106094501","0.057373046875","4","[{'x': 184, 'y': 77, 'w': 63, 'h': 57, 'area_px': 2598, 'area_ratio': 0.039642333984375, 'mean_heat': 0.6385575532913208, 'max_heat': 1.0, 'x2': 247, 'y2': 134, 'aspect_ratio': 1.105263157894737}, {'x': 105, 'y': 70, 'w': 31, 'h': 32, 'area_px': 690, 'area_ratio': 0.010528564453125, 'mean_heat': 0.4828247129917145, 'max_heat': 0.5529412031173706, 'x2': 136, 'y2': 102, 'aspect_ratio': 1.032258064516129}, {'x': 71, 'y': 120, 'w': 22, 'h': 16, 'area_px': 252, 'area_ratio': 0.00384521484375, 'mean_heat': 0.42928728461265564, 'max_heat': 0.4470588266849518, 'x2': 93, 'y2': 136, 'aspect_ratio': 1.375}, {'x': 208, 'y': 224, 'w': 18, 'h': 16, 'area_px': 220, 'area_ratio': 0.00335693359375, 'mean_heat': 0.435329794883728, 'max_heat': 0.45098039507865906, 'x2': 226, 'y2': 240, 'aspect_ratio': 1.125}]","surface_defect","0.753","rules_constrained_taxonomy","184.0","77.0","63.0","57.0","2598.0","0.039642333984375","0.6385575532913208","1.0","247.0","134.0","1.105263157894737","0.039821776663881925","92.37566137566138","159.09830130882762","11.835692587730051","7.151568640886268","['features|aspect=1.105|area=0.0396|dark_contrast=7.15|sat_contrast=11.84|edge_density=0.0398|flags=elongated:0_thin:0_dark:0_saturated:0_large:0_edge:0', 'high_heat_moderate_area_surface_defect_fallback']","0.46451813036303524","0.6481770106094501","0.753","0.46451813036303524","0.5917362618462009","minimum","0.46451813036303524","S3","O2","D3","High","Quarantine item or lot pending quality engineer review.","True","S3|O2|D3","True","['Fused confidence 0.465 is below operational threshold 0.600.', 'Anomaly score is close to the decision boundary; margin=0.035.']","outputs/risk_patchcore_capsule_semantic_v3/artefacts/capsule__test__crack__022_heatmap_overlay.png","outputs/risk_patchcore_capsule_semantic_v3/artefacts/capsule__test__crack__022_mask.png","outputs/risk_patchcore_capsule_semantic_v3/artefacts/capsule__test__crack__022_annotated.png","simple_statistical_reference","0.42","minimum",""
"capsule__test__faulty_imprint__000","data/mvtec_anomaly_detection/capsule/test/faulty_imprint/000.png","e43e63a51d649a3fb162ed6dfc4fffe7e4903c1eb647d0702f63dfebb413d819","2026-06-08T23:11:13.054458+00:00","anomalib_patchcore","0.6093492596760559","0.5","True","0.6093492596760559","0.10934925967605591","0.6626850573862293","0.0538482666015625","2","[{'x': 154, 'y': 100, 'w': 48, 'h': 50, 'area_px': 1863, 'area_ratio': 0.0284271240234375, 'mean_heat': 0.6351740956306458, 'max_heat': 1.0, 'x2': 202, 'y2': 150, 'aspect_ratio': 1.0416666666666667}, {'x': 52, 'y': 127, 'w': 55, 'h': 39, 'area_px': 1666, 'area_ratio': 0.025421142578125, 'mean_heat': 0.5456677079200745, 'max_heat': 0.7019608020782471, 'x2': 107, 'y2': 166, 'aspect_ratio': 1.4102564102564104}]","surface_defect","0.753","rules_constrained_taxonomy","154.0","100.0","48.0","50.0","1863.0","0.0284271240234375","0.6351740956306458","1.0","202.0","150.0","1.0416666666666667","0.10208333333333333","129.25458333333333","146.10291666666666","2.31684659090908","0.0","['features|aspect=1.042|area=0.0284|dark_contrast=0.00|sat_contrast=2.32|edge_density=0.1021|flags=elongated:0_thin:0_dark:0_saturated:0_large:0_edge:1', 'high_heat_moderate_area_surface_defect_fallback']","0.6093492596760559","0.6626850573862293","0.753","0.6093492596760559","0.661262684070094","minimum","0.6093492596760559","S3","O2","D2","High","Quarantine item or lot pending quality engineer review.","True","S3|O2|D2","False","[]","outputs/risk_patchcore_capsule_semantic_v3/artefacts/capsule__test__faulty_imprint__000_heatmap_overlay.png","outputs/risk_patchcore_capsule_semantic_v3/artefacts/capsule__test__faulty_imprint__000_mask.png","outputs/risk_patchcore_capsule_semantic_v3/artefacts/capsule__test__faulty_imprint__000_annotated.png","simple_statistical_reference","0.42","minimum",""
"capsule__test__faulty_imprint__001","data/mvtec_anomaly_detection/capsule/test/faulty_imprint/001.png","f38f91331210d596aee8e37a91d46213ef10fe5109c34c902cce30b095a22bdf","2026-06-08T23:11:13.104386+00:00","anomalib_patchcore","0.39401304318839175","0.5","True","0.39401304318839175","0.10598695681160825","0.5815821772640497","0.124237060546875","5","[{'x': 59, 'y': 102, 'w': 119, 'h': 58, 'area_px': 4196, 'area_ratio': 0.06402587890625, 'mean_heat': 0.5709125399589539, 'max_heat': 1.0, 'x2': 178, 'y2': 160, 'aspect_ratio': 2.0517241379310347}, {'x': 115, 'y': 12, 'w': 60, 'h': 49, 'area_px': 2238, 'area_ratio': 0.034149169921875, 'mean_heat': 0.5430654287338257, 'max_heat': 0.7372549176216125, 'x2': 175, 'y2': 61, 'aspect_ratio': 1.2244897959183674}, {'x': 205, 'y': 204, 'w': 36, 'h': 33, 'area_px': 851, 'area_ratio': 0.0129852294921875, 'mean_heat': 0.4803714156150818, 'max_heat': 0.5607843399047852, 'x2': 241, 'y2': 237, 'aspect_ratio': 1.0909090909090908}, {'x': 23, 'y': 23, 'w': 31, 'h': 35, 'area_px': 788, 'area_ratio': 0.01202392578125, 'mean_heat': 0.479501336812973, 'max_heat': 0.5686274766921997, 'x2': 54, 'y2': 58, 'aspect_ratio': 1.1290322580645162}, {'x': 83, 'y': 184, 'w': 9, 'h': 9, 'area_px': 69, 'area_ratio': 0.0010528564453125, 'mean_heat': 0.43807893991470337, 'max_heat': 0.45098039507865906, 'x2': 92, 'y2': 193, 'aspect_ratio': 1.0}]","surface_defect","0.753","rules_constrained_taxonomy","59.0","102.0","119.0","58.0","4196.0","0.06402587890625","0.5709125399589539","1.0","178.0","160.0","2.0517241379310347","0.049840625905534626","70.484931903796","76.04317589104608","4.037884856748946","5.281148433278247","['features|aspect=2.052|area=0.0640|dark_contrast=5.28|sat_contrast=4.04|edge_density=0.0498|flags=elongated:0_thin:0_dark:0_saturated:0_large:0_edge:0', 'high_heat_moderate_area_surface_defect_fallback']","0.39401304318839175","0.5815821772640497","0.753","0.39401304318839175","0.5400305226139912","minimum","0.39401304318839175","S3","O2","D3","High","Quarantine item or lot pending quality engineer review.","True","S3|O2|D3","True","['Fused confidence 0.394 is below operational threshold 0.600.']","outputs/risk_patchcore_capsule_semantic_v3/artefacts/capsule__test__faulty_imprint__001_heatmap_overlay.png","outputs/risk_patchcore_capsule_semantic_v3/artefacts/capsule__test__faulty_imprint__001_mask.png","outputs/risk_patchcore_capsule_semantic_v3/artefacts/capsule__test__faulty_imprint__001_annotated.png","simple_statistical_reference","0.42","minimum",""
"capsule__test__faulty_imprint__002","data/mvtec_anomaly_detection/capsule/test/faulty_imprint/002.png","82263975ce6bf195ba9a5faeed506769c5827562b18313245cd3118e0a9ab506","2026-06-08T23:11:13.155881+00:00","anomalib_patchcore","0.3938766047195025","0.5","True","0.3938766047195025","0.10612339528049752","0.5205866125134789","0.083740234375","6","[{'x': 179, 'y': 88, 'w': 45, 'h': 55, 'area_px': 1934, 'area_ratio': 0.029510498046875, 'mean_heat': 0.6339497566223145, 'max_heat': 1.0, 'x2': 224, 'y2': 143, 'aspect_ratio': 1.2222222222222223}, {'x': 138, 'y': 14, 'w': 52, 'h': 48, 'area_px': 1994, 'area_ratio': 0.030426025390625, 'mean_heat': 0.5736818313598633, 'max_heat': 0.7960784435272217, 'x2': 190, 'y2': 62, 'aspect_ratio': 1.0833333333333333}, {'x': 215, 'y': 211, 'w': 29, 'h': 28, 'area_px': 623, 'area_ratio': 0.0095062255859375, 'mean_heat': 0.4953576922416687, 'max_heat': 0.5882353186607361, 'x2': 244, 'y2': 239, 'aspect_ratio': 1.0357142857142858}, {'x': 46, 'y': 24, 'w': 28, 'h': 28, 'area_px': 581, 'area_ratio': 0.0088653564453125, 'mean_heat': 0.4560089409351349, 'max_heat': 0.529411792755127, 'x2': 74, 'y2': 52, 'aspect_ratio': 1.0}, {'x': 7, 'y': 88, 'w': 21, 'h': 19, 'area_px': 281, 'area_ratio': 0.0042877197265625, 'mean_heat': 0.4516502916812897, 'max_heat': 0.48235294222831726, 'x2': 28, 'y2': 107, 'aspect_ratio': 1.105263157894737}, {'x': 9, 'y': 228, 'w': 10, 'h': 11, 'area_px': 75, 'area_ratio': 0.0011444091796875, 'mean_heat': 0.4349280893802643, 'max_heat': 0.45098039507865906, 'x2': 19, 'y2': 239, 'aspect_ratio': 1.1}]","surface_defect","0.753","rules_constrained_taxonomy","179.0","88.0","45.0","55.0","1934.0","0.029510498046875","0.6339497566223145","1.0","224.0","143.0","1.2222222222222223","0.08606060606060606","122.6","152.7539393939394","8.680812745324403","0.0","['features|aspect=1.222|area=0.0295|dark_contrast=0.00|sat_contrast=8.68|edge_density=0.0861|flags=elongated:0_thin:0_dark:0_saturated:0_large:0_edge:1', 'high_heat_moderate_area_surface_defect_fallback']","0.3938766047195025","0.5205866125134789","0.753","0.3938766047195025","0.5216704558778198","minimum","0.3938766047195025","S3","O2","D3","High","Quarantine item or lot pending quality engineer review.","True","S3|O2|D3","True","['Fused confidence 0.394 is below operational threshold 0.600.']","outputs/risk_patchcore_capsule_semantic_v3/artefacts/capsule__test__faulty_imprint__002_heatmap_overlay.png","outputs/risk_patchcore_capsule_semantic_v3/artefacts/capsule__test__faulty_imprint__002_mask.png","outputs/risk_patchcore_capsule_semantic_v3/artefacts/capsule__test__faulty_imprint__002_annotated.png","simple_statistical_reference","0.42","minimum",""
"capsule__test__faulty_imprint__003","data/mvtec_anomaly_detection/capsule/test/faulty_imprint/003.png","07685635e898f3ed4e7ffc8c67cac6f683e43c9988af19b14e4da4ae3c36fd55","2026-06-08T23:11:13.207950+00:00","anomalib_patchcore","0.2379182355920517","0.5","True","0.2379182355920517","0.2620817644079483","0.6032104852426052","0.407989501953125","5","[{'x': 11, 'y': 91, 'w': 229, 'h': 156, 'area_px': 16481, 'area_ratio': 0.2514801025390625, 'mean_heat': 0.5491119623184204, 'max_heat': 1.0, 'x2': 240, 'y2': 247, 'aspect_ratio': 1.4679487179487178}, {'x': 122, 'y': 0, 'w': 133, 'h': 70, 'area_px': 5023, 'area_ratio': 0.0766448974609375, 'mean_heat': 0.46002039313316345, 'max_heat': 0.5372549295425415, 'x2': 255, 'y2': 70, 'aspect_ratio': 1.9}, {'x': 18, 'y': 8, 'w': 91, 'h': 48, 'area_px': 1991, 'area_ratio': 0.0303802490234375, 'mean_heat': 0.4415438175201416, 'max_heat': 0.49803921580314636, 'x2': 109, 'y2': 56, 'aspect_ratio': 1.8958333333333333}, {'x': 103, 'y': 208, 'w': 71, 'h': 40, 'area_px': 1857, 'area_ratio': 0.0283355712890625, 'mean_heat': 0.4698469936847687, 'max_heat': 0.5647059082984924, 'x2': 174, 'y2': 248, 'aspect_ratio': 1.775}, {'x': 188, 'y': 198, 'w': 68, 'h': 46, 'area_px': 1386, 'area_ratio': 0.021148681640625, 'mean_heat': 0.4388025999069214, 'max_heat': 0.4745098054409027, 'x2': 256, 'y2': 244, 'aspect_ratio': 1.4782608695652173}]","stain","0.8049999999999999","rules_constrained_taxonomy","11.0","91.0","229.0","156.0","16481.0","0.2514801025390625","0.5491119623184204","1.0","240.0","247.0","1.4679487179487178","0.030931586608442505","39.249608106595005","147.04599149031463","4.076803170667148","7.280491661085449","['features|aspect=1.468|area=0.2515|dark_contrast=7.28|sat_contrast=4.08|edge_density=0.0309|flags=elongated:0_thin:0_dark:0_saturated:0_large:1_edge:0', 'large_low_edge_region']","0.2379182355920517","0.6032104852426052","0.8049999999999999","0.2379182355920517","0.4892763515892048","minimum","0.2379182355920517","S4","O2","D3","Critical","Stop release or production path until authorised review is complete.","True","S4|O2|D3","True","['Fused confidence 0.238 is below operational threshold 0.600.', 'Critical risk class requires operator confirmation before release decision.']","outputs/risk_patchcore_capsule_semantic_v3/artefacts/capsule__test__faulty_imprint__003_heatmap_overlay.png","outputs/risk_patchcore_capsule_semantic_v3/artefacts/capsule__test__faulty_imprint__003_mask.png","outputs/risk_patchcore_capsule_semantic_v3/artefacts/capsule__test__faulty_imprint__003_annotated.png","simple_statistical_reference","0.42","minimum",""
"capsule__test__faulty_imprint__004","data/mvtec_anomaly_detection/capsule/test/faulty_imprint/004.png","fdc302644d72f7db32e66a26ce3b9d44a66a6186d3530e50e7b1de4717b6a0cc","2026-06-08T23:11:13.256500+00:00","anomalib_patchcore","0.6879145777047825","0.5","True","0.6879145777047825","0.18791457770478248","0.9094319671392441","0.074981689453125","1","[{'x': 129, 'y': 95, 'w': 99, 'h': 69, 'area_px': 4914, 'area_ratio': 0.074981689453125, 'mean_heat': 0.6945964694023132, 'max_heat': 1.0, 'x2': 228, 'y2': 164, 'aspect_ratio': 1.434782608695652}]","contamination","0.8682815562659847","rules_constrained_taxonomy","129.0","95.0","99.0","69.0","4914.0","0.074981689453125","0.6945964694023132","1.0","228.0","164.0","1.434782608695652","0.036744254135558485","127.30434782608695","138.92094861660078","25.491662404092068","0.0","['features|aspect=1.435|area=0.0750|dark_contrast=0.00|sat_contrast=25.49|edge_density=0.0367|flags=elongated:0_thin:0_dark:0_saturated:1_large:0_edge:0', 'colour_or_saturation_shift']","0.6879145777047825","0.9094319671392441","0.8682815562659847","0.6879145777047825","0.7994615391754216","minimum","0.6879145777047825","S3","O2","D2","High","Quarantine item or lot pending quality engineer review.","True","S3|O2|D2","False","[]","outputs/risk_patchcore_capsule_semantic_v3/artefacts/capsule__test__faulty_imprint__004_heatmap_overlay.png","outputs/risk_patchcore_capsule_semantic_v3/artefacts/capsule__test__faulty_imprint__004_mask.png","outputs/risk_patchcore_capsule_semantic_v3/artefacts/capsule__test__faulty_imprint__004_annotated.png","simple_statistical_reference","0.42","minimum",""
"capsule__test__faulty_imprint__005","data/mvtec_anomaly_detection/capsule/test/faulty_imprint/005.png","bc0930333583307b875b43e883e6940a67ec4da5620d87a920c698597614195c","2026-06-08T23:11:13.306714+00:00","anomalib_patchcore","0.7703083068804254","0.5","True","0.7703083068804254","0.2703083068804254","0.8888185292482376","0.0618896484375","1","[{'x': 135, 'y': 101, 'w': 92, 'h': 59, 'area_px': 4056, 'area_ratio': 0.0618896484375, 'mean_heat': 0.6669722199440002, 'max_heat': 1.0, 'x2': 227, 'y2': 160, 'aspect_ratio': 1.5593220338983051}]","contamination","0.8606983137230819","rules_constrained_taxonomy","135.0","101.0","92.0","59.0","4056.0","0.0618896484375","0.6669722199440002","1.0","227.0","160.0","1.5593220338983051","0.026529108327192335","135.9412306558585","139.72494473102432","20.306539297833808","0.0","['features|aspect=1.559|area=0.0619|dark_contrast=0.00|sat_contrast=20.31|edge_density=0.0265|flags=elongated:0_thin:0_dark:0_saturated:1_large:0_edge:0', 'colour_or_saturation_shift']","0.7703083068804254","0.8888185292482376","0.8606983137230819","0.7703083068804254","0.8284588753014331","minimum","0.7703083068804254","S3","O2","D2","High","Quarantine item or lot pending quality engineer review.","True","S3|O2|D2","False","[]","outputs/risk_patchcore_capsule_semantic_v3/artefacts/capsule__test__faulty_imprint__005_heatmap_overlay.png","outputs/risk_patchcore_capsule_semantic_v3/artefacts/capsule__test__faulty_imprint__005_mask.png","outputs/risk_patchcore_capsule_semantic_v3/artefacts/capsule__test__faulty_imprint__005_annotated.png","simple_statistical_reference","0.42","minimum",""
"capsule__test__faulty_imprint__006","data/mvtec_anomaly_detection/capsule/test/faulty_imprint/006.png","547857a4d9cc535fedabc276502b0f9cd083ea1f01640d50cbc8d7141d0217dc","2026-06-08T23:11:13.356838+00:00","anomalib_patchcore","0.35983699815227066","0.5","True","0.35983699815227066","0.14016300184772934","0.735205391738935","0.0958251953125","3","[{'x': 53, 'y': 97, 'w': 132, 'h': 67, 'area_px': 5810, 'area_ratio': 0.088653564453125, 'mean_heat': 0.5450575351715088, 'max_heat': 1.0, 'x2': 185, 'y2': 164, 'aspect_ratio': 1.9701492537313432}, {'x': 179, 'y': 12, 'w': 36, 'h': 20, 'area_px': 405, 'area_ratio': 0.0061798095703125, 'mean_heat': 0.4296683669090271, 'max_heat': 0.43921568989753723, 'x2': 215, 'y2': 32, 'aspect_ratio': 1.8}, {'x': 225, 'y': 17, 'w': 9, 'h': 12, 'area_px': 65, 'area_ratio': 0.0009918212890625, 'mean_heat': 0.42600300908088684, 'max_heat': 0.4313725531101227, 'x2': 234, 'y2': 29, 'aspect_ratio': 1.3333333333333333}]","deformation","0.779","rules_constrained_taxonomy","53.0","97.0","132.0","67.0","5810.0","0.088653564453125","0.5450575351715088","1.0","185.0","164.0","1.9701492537313432","0.09249208502939846","67.47410673903211","82.34068294889191","6.652550242776819","9.243247366966116","['features|aspect=1.970|area=0.0887|dark_contrast=9.24|sat_contrast=6.65|edge_density=0.0925|flags=elongated:0_thin:0_dark:0_saturated:0_large:1_edge:1', 'large_irregular_edge_region']","0.35983699815227066","0.735205391738935","0.779","0.35983699815227066","0.5772382666902023","minimum","0.35983699815227066","S4","O1","D3","High","Quarantine item or lot pending quality engineer review.","True","S4|O1|D3","True","['Fused confidence 0.360 is below operational threshold 0.600.']","outputs/risk_patchcore_capsule_semantic_v3/artefacts/capsule__test__faulty_imprint__006_heatmap_overlay.png","outputs/risk_patchcore_capsule_semantic_v3/artefacts/capsule__test__faulty_imprint__006_mask.png","outputs/risk_patchcore_capsule_semantic_v3/artefacts/capsule__test__faulty_imprint__006_annotated.png","simple_statistical_reference","0.42","minimum",""
"capsule__test__faulty_imprint__007","data/mvtec_anomaly_detection/capsule/test/faulty_imprint/007.png","543152859956436afc3587eb2d3d7a956deb2436c9ece9b6c629904050a87f2f","2026-06-08T23:11:13.406571+00:00","anomalib_patchcore","0.35032852475687637","0.5","True","0.35032852475687637","0.14967147524312363","0.695821327307532","0.038818359375","3","[{'x': 173, 'y': 102, 'w': 52, 'h': 51, 'area_px': 2067, 'area_ratio': 0.0315399169921875, 'mean_heat': 0.631385862827301, 'max_heat': 1.0, 'x2': 225, 'y2': 153, 'aspect_ratio': 1.0196078431372548}, {'x': 215, 'y': 11, 'w': 24, 'h': 19, 'area_px': 344, 'area_ratio': 0.0052490234375, 'mean_heat': 0.4365709125995636, 'max_heat': 0.45490196347236633, 'x2': 239, 'y2': 30, 'aspect_ratio': 1.263157894736842}, {'x': 58, 'y': 138, 'w': 13, 'h': 13, 'area_px': 133, 'area_ratio': 0.0020294189453125, 'mean_heat': 0.43800675868988037, 'max_heat': 0.45490196347236633, 'x2': 71, 'y2': 151, 'aspect_ratio': 1.0}]","surface_defect","0.753","rules_constrained_taxonomy","173.0","102.0","52.0","51.0","2067.0","0.0315399169921875","0.631385862827301","1.0","225.0","153.0","1.0196078431372548","0.0693815987933635","138.3058069381599","137.90912518853696","7.683111591364451","0.0","['features|aspect=1.020|area=0.0315|dark_contrast=0.00|sat_contrast=7.68|edge_density=0.0694|flags=elongated:0_thin:0_dark:0_saturated:0_large:0_edge:1', 'high_heat_moderate_area_surface_defect_fallback']","0.35032852475687637","0.695821327307532","0.753","0.35032852475687637","0.554644234332854","minimum","0.35032852475687637","S3","O2","D3","High","Quarantine item or lot pending quality engineer review.","True","S3|O2|D3","True","['Fused confidence 0.350 is below operational threshold 0.600.']","outputs/risk_patchcore_capsule_semantic_v3/artefacts/capsule__test__faulty_imprint__007_heatmap_overlay.png","outputs/risk_patchcore_capsule_semantic_v3/artefacts/capsule__test__faulty_imprint__007_mask.png","outputs/risk_patchcore_capsule_semantic_v3/artefacts/capsule__test__faulty_imprint__007_annotated.png","simple_statistical_reference","0.42","minimum",""
"capsule__test__faulty_imprint__008","data/mvtec_anomaly_detection/capsule/test/faulty_imprint/008.png","cb489a83e577bbff57c61a0d1733b495bd728f0b7ca265eac6fa04cb6252e66a","2026-06-08T23:11:13.457632+00:00","anomalib_patchcore","0.4870502317735176","0.5","True","0.4870502317735176","0.012949768226482417","0.7332736424352992","0.1064605712890625","2","[{'x': 57, 'y': 92, 'w': 123, 'h': 66, 'area_px': 5199, 'area_ratio': 0.0793304443359375, 'mean_heat': 0.5360261797904968, 'max_heat': 1.0, 'x2': 180, 'y2': 158, 'aspect_ratio': 1.8636363636363635}, {'x': 40, 'y': 17, 'w': 47, 'h': 47, 'area_px': 1778, 'area_ratio': 0.027130126953125, 'mean_heat': 0.5923972725868225, 'max_heat': 0.8588235378265381, 'x2': 87, 'y2': 64, 'aspect_ratio': 1.0}]","surface_defect","0.753","rules_constrained_taxonomy","57.0","92.0","123.0","66.0","5199.0","0.0793304443359375","0.5360261797904968","1.0","180.0","158.0","1.8636363636363635","0.09805370780980537","66.00874599655087","80.7049765952205","6.205271702815125","7.876879870826173","['features|aspect=1.864|area=0.0793|dark_contrast=7.88|sat_contrast=6.21|edge_density=0.0981|flags=elongated:0_thin:0_dark:0_saturated:0_large:0_edge:1', 'high_heat_moderate_area_surface_defect_fallback']","0.4870502317735176","0.7332736424352992","0.753","0.4870502317735176","0.6274046970286727","minimum","0.4870502317735176","S3","O2","D3","High","Quarantine item or lot pending quality engineer review.","True","S3|O2|D3","True","['Fused confidence 0.487 is below operational threshold 0.600.', 'Anomaly score is close to the decision boundary; margin=0.013.']","outputs/risk_patchcore_capsule_semantic_v3/artefacts/capsule__test__faulty_imprint__008_heatmap_overlay.png","outputs/risk_patchcore_capsule_semantic_v3/artefacts/capsule__test__faulty_imprint__008_mask.png","outputs/risk_patchcore_capsule_semantic_v3/artefacts/capsule__test__faulty_imprint__008_annotated.png","simple_statistical_reference","0.42","minimum",""
"capsule__test__faulty_imprint__009","data/mvtec_anomaly_detection/capsule/test/faulty_imprint/009.png","88f6285eea87cbdb784d3c9a4118d2f3c381b219364c62f113c9912d820be8b3","2026-06-08T23:11:13.509345+00:00","anomalib_patchcore","0.4020100417357433","0.5","True","0.4020100417357433","0.09798995826425672","0.6192214431528562","0.1089019775390625","3","[{'x': 149, 'y': 91, 'w': 65, 'h': 75, 'area_px': 3430, 'area_ratio': 0.052337646484375, 'mean_heat': 0.6017596125602722, 'max_heat': 1.0, 'x2': 214, 'y2': 166, 'aspect_ratio': 1.1538461538461537}, {'x': 26, 'y': 14, 'w': 47, 'h': 50, 'area_px': 1863, 'area_ratio': 0.0284271240234375, 'mean_heat': 0.5940492749214172, 'max_heat': 0.8784313797950745, 'x2': 73, 'y2': 64, 'aspect_ratio': 1.0638297872340425}, {'x': 50, 'y': 105, 'w': 42, 'h': 66, 'area_px': 1844, 'area_ratio': 0.02813720703125, 'mean_heat': 0.46901237964630127, 'max_heat': 0.5490196347236633, 'x2': 92, 'y2': 171, 'aspect_ratio': 1.5714285714285714}]","surface_defect","0.753","rules_constrained_taxonomy","149.0","91.0","65.0","75.0","3430.0","0.052337646484375","0.6017596125602722","1.0","214.0","166.0","1.1538461538461537","0.08923076923076922","117.99282051282051","138.45538461538462","15.835718355718356","3.5589960656627397","['features|aspect=1.154|area=0.0523|dark_contrast=3.56|sat_contrast=15.84|edge_density=0.0892|flags=elongated:0_thin:0_dark:0_saturated:0_large:0_edge:1', 'high_heat_moderate_area_surface_defect_fallback']","0.4020100417357433","0.6192214431528562","0.753","0.4020100417357433","0.5549209517269413","minimum","0.4020100417357433","S3","O2","D3","High","Quarantine item or lot pending quality engineer review.","True","S3|O2|D3","True","['Fused confidence 0.402 is below operational threshold 0.600.']","outputs/risk_patchcore_capsule_semantic_v3/artefacts/capsule__test__faulty_imprint__009_heatmap_overlay.png","outputs/risk_patchcore_capsule_semantic_v3/artefacts/capsule__test__faulty_imprint__009_mask.png","outputs/risk_patchcore_capsule_semantic_v3/artefacts/capsule__test__faulty_imprint__009_annotated.png","simple_statistical_reference","0.42","minimum",""
"capsule__test__faulty_imprint__010","data/mvtec_anomaly_detection/capsule/test/faulty_imprint/010.png","80f1a72c37815bae5d0733c6e6586293cd8283f58cc662104297f3a7917ca908","2026-06-08T23:11:13.559413+00:00","anomalib_patchcore","0.5253777246721083","0.5","True","0.5253777246721083","0.025377724672108304","0.7728464493156642","0.083892822265625","2","[{'x': 155, 'y': 100, 'w': 69, 'h': 128, 'area_px': 5187, 'area_ratio': 0.0791473388671875, 'mean_heat': 0.5613808035850525, 'max_heat': 1.0, 'x2': 224, 'y2': 228, 'aspect_ratio': 1.855072463768116}, {'x': 74, 'y': 116, 'w': 23, 'h': 17, 'area_px': 311, 'area_ratio': 0.0047454833984375, 'mean_heat': 0.4344997704029083, 'max_heat': 0.4627451002597809, 'x2': 97, 'y2': 133, 'aspect_ratio': 1.3529411764705883}]","surface_defect","0.753","rules_constrained_taxonomy","155.0","100.0","69.0","128.0","5187.0","0.0791473388671875","0.5613808035850525","1.0","224.0","228.0","1.855072463768116","0.03793025362318841","69.70323822463769","159.33367300724638","3.311571557971021","2.1186145744529767","['features|aspect=1.855|area=0.0791|dark_contrast=2.12|sat_contrast=3.31|edge_density=0.0379|flags=elongated:0_thin:0_dark:0_saturated:0_large:0_edge:0', 'high_heat_moderate_area_surface_defect_fallback']","0.5253777246721083","0.7728464493156642","0.753","0.5253777246721083","0.656523910897148","minimum","0.5253777246721083","S3","O2","D3","High","Quarantine item or lot pending quality engineer review.","True","S3|O2|D3","True","['Fused confidence 0.525 is below operational threshold 0.600.', 'Anomaly score is close to the decision boundary; margin=0.025.']","outputs/risk_patchcore_capsule_semantic_v3/artefacts/capsule__test__faulty_imprint__010_heatmap_overlay.png","outputs/risk_patchcore_capsule_semantic_v3/artefacts/capsule__test__faulty_imprint__010_mask.png","outputs/risk_patchcore_capsule_semantic_v3/artefacts/capsule__test__faulty_imprint__010_annotated.png","simple_statistical_reference","0.42","minimum",""
"capsule__test__faulty_imprint__011","data/mvtec_anomaly_detection/capsule/test/faulty_imprint/011.png","119dff7b931cb8738bb76f2d409ff2472c4f301f22895a0effbd6dc55c38f4d5","2026-06-08T23:11:13.610975+00:00","anomalib_patchcore","0.23331467189477448","0.5","True","0.23331467189477448","0.2666853281052255","0.5350493576917662","0.2412261962890625","7","[{'x': 43, 'y': 95, 'w': 149, 'h': 77, 'area_px': 7210, 'area_ratio': 0.110015869140625, 'mean_heat': 0.5753539800643921, 'max_heat': 1.0, 'x2': 192, 'y2': 172, 'aspect_ratio': 1.9350649350649352}, {'x': 146, 'y': 159, 'w': 95, 'h': 86, 'area_px': 4555, 'area_ratio': 0.0695037841796875, 'mean_heat': 0.5246155261993408, 'max_heat': 0.7254902124404907, 'x2': 241, 'y2': 245, 'aspect_ratio': 1.1046511627906976}, {'x': 180, 'y': 0, 'w': 76, 'h': 46, 'area_px': 2352, 'area_ratio': 0.035888671875, 'mean_heat': 0.5220704674720764, 'max_heat': 0.6941176652908325, 'x2': 256, 'y2': 46, 'aspect_ratio': 1.6521739130434783}, {'x': 20, 'y': 215, 'w': 37, 'h': 29, 'area_px': 765, 'area_ratio': 0.0116729736328125, 'mean_heat': 0.45988979935646057, 'max_heat': 0.5098039507865906, 'x2': 57, 'y2': 244, 'aspect_ratio': 1.2758620689655173}, {'x': 51, 'y': 16, 'w': 23, 'h': 27, 'area_px': 456, 'area_ratio': 0.0069580078125, 'mean_heat': 0.45178020000457764, 'max_heat': 0.4901960790157318, 'x2': 74, 'y2': 43, 'aspect_ratio': 1.173913043478261}, {'x': 198, 'y': 102, 'w': 19, 'h': 21, 'area_px': 260, 'area_ratio': 0.00396728515625, 'mean_heat': 0.4358823299407959, 'max_heat': 0.45098039507865906, 'x2': 217, 'y2': 123, 'aspect_ratio': 1.105263157894737}, {'x': 144, 'y': 40, 'w': 17, 'h': 16, 'area_px': 211, 'area_ratio': 0.0032196044921875, 'mean_heat': 0.4393458366394043, 'max_heat': 0.46666666865348816, 'x2': 161, 'y2': 56, 'aspect_ratio': 1.0625}]","deformation","0.779","rules_constrained_taxonomy","43.0","95.0","149.0","77.0","7210.0","0.110015869140625","0.5753539800643921","1.0","192.0","172.0","1.9350649350649352","0.06571951538394491","62.187570818443305","88.40320753072432","6.781640547996908","11.159125476769987","['features|aspect=1.935|area=0.1100|dark_contrast=11.16|sat_contrast=6.78|edge_density=0.0657|flags=elongated:0_thin:0_dark:0_saturated:0_large:1_edge:1', 'large_irregular_edge_region']","0.23331467189477448","0.5350493576917662","0.779","0.23331467189477448","0.46025640966017833","minimum","0.23331467189477448","S4","O1","D3","High","Quarantine item or lot pending quality engineer review.","True","S4|O1|D3","True","['Fused confidence 0.233 is below operational threshold 0.600.']","outputs/risk_patchcore_capsule_semantic_v3/artefacts/capsule__test__faulty_imprint__011_heatmap_overlay.png","outputs/risk_patchcore_capsule_semantic_v3/artefacts/capsule__test__faulty_imprint__011_mask.png","outputs/risk_patchcore_capsule_semantic_v3/artefacts/capsule__test__faulty_imprint__011_annotated.png","simple_statistical_reference","0.42","minimum",""
"capsule__test__faulty_imprint__012","data/mvtec_anomaly_detection/capsule/test/faulty_imprint/012.png","163c7e218ba779b31f49768b33e1a54e1da66327a7088745241714582511161e","2026-06-08T23:11:13.660662+00:00","anomalib_patchcore","0.37524960662581613","0.5","True","0.37524960662581613","0.12475039337418387","0.7274285295139298","0.11004638671875","2","[{'x': 159, 'y': 101, 'w': 76, 'h': 133, 'area_px': 5573, 'area_ratio': 0.0850372314453125, 'mean_heat': 0.5893682241439819, 'max_heat': 1.0, 'x2': 235, 'y2': 234, 'aspect_ratio': 1.75}, {'x': 50, 'y': 114, 'w': 58, 'h': 45, 'area_px': 1639, 'area_ratio': 0.0250091552734375, 'mean_heat': 0.47017908096313477, 'max_heat': 0.5529412031173706, 'x2': 108, 'y2': 159, 'aspect_ratio': 1.288888888888889}]","stain","0.8049999999999999","rules_constrained_taxonomy","159.0","101.0","76.0","133.0","5573.0","0.0850372314453125","0.5893682241439819","1.0","235.0","234.0","1.75","0.03907795805302731","67.16907400079145","161.9565690542145","4.870926933385562","3.510822250133316","['features|aspect=1.750|area=0.0850|dark_contrast=3.51|sat_contrast=4.87|edge_density=0.0391|flags=elongated:0_thin:0_dark:0_saturated:0_large:1_edge:0', 'large_low_edge_region']","0.37524960662581613","0.7274285295139298","0.8049999999999999","0.37524960662581613","0.5883408818357962","minimum","0.37524960662581613","S3","O2","D3","High","Quarantine item or lot pending quality engineer review.","True","S3|O2|D3","True","['Fused confidence 0.375 is below operational threshold 0.600.']","outputs/risk_patchcore_capsule_semantic_v3/artefacts/capsule__test__faulty_imprint__012_heatmap_overlay.png","outputs/risk_patchcore_capsule_semantic_v3/artefacts/capsule__test__faulty_imprint__012_mask.png","outputs/risk_patchcore_capsule_semantic_v3/artefacts/capsule__test__faulty_imprint__012_annotated.png","simple_statistical_reference","0.42","minimum",""
"capsule__test__faulty_imprint__013","data/mvtec_anomaly_detection/capsule/test/faulty_imprint/013.png","a7871a5a0de1974ccdc0ec53e2bddf7e1291fcb4573cc5466e0608b76f88713d","2026-06-08T23:11:13.711419+00:00","anomalib_patchcore","0.4801640108532977","0.5","True","0.4801640108532977","0.019835989146702315","0.5309942529196614","0.1014251708984375","5","[{'x': 167, 'y': 99, 'w': 61, 'h': 54, 'area_px': 2583, 'area_ratio': 0.0394134521484375, 'mean_heat': 0.6424661874771118, 'max_heat': 1.0, 'x2': 228, 'y2': 153, 'aspect_ratio': 1.1296296296296295}, {'x': 49, 'y': 110, 'w': 97, 'h': 40, 'area_px': 2157, 'area_ratio': 0.0329132080078125, 'mean_heat': 0.459559828042984, 'max_heat': 0.5372549295425415, 'x2': 146, 'y2': 150, 'aspect_ratio': 2.425}, {'x': 192, 'y': 194, 'w': 37, 'h': 38, 'area_px': 966, 'area_ratio': 0.014739990234375, 'mean_heat': 0.4650834798812866, 'max_heat': 0.5098039507865906, 'x2': 229, 'y2': 232, 'aspect_ratio': 1.027027027027027}, {'x': 94, 'y': 20, 'w': 37, 'h': 29, 'area_px': 755, 'area_ratio': 0.0115203857421875, 'mean_heat': 0.44505906105041504, 'max_heat': 0.47058823704719543, 'x2': 131, 'y2': 49, 'aspect_ratio': 1.2758620689655173}, {'x': 18, 'y': 227, 'w': 20, 'h': 15, 'area_px': 186, 'area_ratio': 0.002838134765625, 'mean_heat': 0.43061357736587524, 'max_heat': 0.4431372582912445, 'x2': 38, 'y2': 242, 'aspect_ratio': 1.3333333333333333}]","surface_defect","0.753","rules_constrained_taxonomy","167.0","99.0","61.0","54.0","2583.0","0.0394134521484375","0.6424661874771118","1.0","228.0","153.0","1.1296296296296295","0.08105646630236794","134.43047965998787","141.71675774134792","11.869626227705865","0.0","['features|aspect=1.130|area=0.0394|dark_contrast=0.00|sat_contrast=11.87|edge_density=0.0811|flags=elongated:0_thin:0_dark:0_saturated:0_large:0_edge:1', 'high_heat_moderate_area_surface_defect_fallback']","0.4801640108532977","0.5309942529196614","0.753","0.4801640108532977","0.5636220807598824","minimum","0.4801640108532977","S3","O2","D3","High","Quarantine item or lot pending quality engineer review.","True","S3|O2|D3","True","['Fused confidence 0.480 is below operational threshold 0.600.', 'Anomaly score is close to the decision boundary; margin=0.020.']","outputs/risk_patchcore_capsule_semantic_v3/artefacts/capsule__test__faulty_imprint__013_heatmap_overlay.png","outputs/risk_patchcore_capsule_semantic_v3/artefacts/capsule__test__faulty_imprint__013_mask.png","outputs/risk_patchcore_capsule_semantic_v3/artefacts/capsule__test__faulty_imprint__013_annotated.png","simple_statistical_reference","0.42","minimum",""
"capsule__test__faulty_imprint__014","data/mvtec_anomaly_detection/capsule/test/faulty_imprint/014.png","8594fdb86e2720d7177ec117ecbc1a7a3db5af38b92d67b9dfd8e5cb54938b4e","2026-06-08T23:11:13.762964+00:00","anomalib_patchcore","0.5055992788612026","0.5","True","0.5055992788612026","0.0055992788612025945","0.7415583935322301","0.0827789306640625","3","[{'x': 52, 'y': 99, 'w': 149, 'h': 64, 'area_px': 5061, 'area_ratio': 0.0772247314453125, 'mean_heat': 0.5456318855285645, 'max_heat': 1.0, 'x2': 201, 'y2': 163, 'aspect_ratio': 2.328125}, {'x': 91, 'y': 26, 'w': 18, 'h': 17, 'area_px': 209, 'area_ratio': 0.0031890869140625, 'mean_heat': 0.43409326672554016, 'max_heat': 0.4470588266849518, 'x2': 109, 'y2': 43, 'aspect_ratio': 1.0588235294117647}, {'x': 206, 'y': 170, 'w': 12, 'h': 17, 'area_px': 155, 'area_ratio': 0.0023651123046875, 'mean_heat': 0.4452877938747406, 'max_heat': 0.4745098054409027, 'x2': 218, 'y2': 187, 'aspect_ratio': 1.4166666666666667}]","surface_defect","0.753","rules_constrained_taxonomy","52.0","99.0","149.0","64.0","5061.0","0.0772247314453125","0.5456318855285645","1.0","201.0","163.0","2.328125","0.10727768456375839","72.98825503355705","89.70973154362416","6.857800488102512","6.239813910921299","['features|aspect=2.328|area=0.0772|dark_contrast=6.24|sat_contrast=6.86|edge_density=0.1073|flags=elongated:0_thin:0_dark:0_saturated:0_large:0_edge:1', 'high_heat_moderate_area_surface_defect_fallback']","0.5055992788612026","0.7415583935322301","0.753","0.5055992788612026","0.6382371935472102","minimum","0.5055992788612026","S3","O2","D3","High","Quarantine item or lot pending quality engineer review.","True","S3|O2|D3","True","['Fused confidence 0.506 is below operational threshold 0.600.', 'Anomaly score is close to the decision boundary; margin=0.006.']","outputs/risk_patchcore_capsule_semantic_v3/artefacts/capsule__test__faulty_imprint__014_heatmap_overlay.png","outputs/risk_patchcore_capsule_semantic_v3/artefacts/capsule__test__faulty_imprint__014_mask.png","outputs/risk_patchcore_capsule_semantic_v3/artefacts/capsule__test__faulty_imprint__014_annotated.png","simple_statistical_reference","0.42","minimum",""
"capsule__test__faulty_imprint__015","data/mvtec_anomaly_detection/capsule/test/faulty_imprint/015.png","8e72426f391e3fa629fd1a758d381b117867a2b8da02d6486b742c15f3bd18eb","2026-06-08T23:11:13.814623+00:00","anomalib_patchcore","0.23115325027371214","0.5","True","0.23115325027371214","0.26884674972628786","0.5657081567425503","0.2689208984375","8","[{'x': 39, 'y': 81, 'w': 178, 'h': 96, 'area_px': 10220, 'area_ratio': 0.15594482421875, 'mean_heat': 0.5638648271560669, 'max_heat': 1.0, 'x2': 217, 'y2': 177, 'aspect_ratio': 1.8541666666666667}, {'x': 182, 'y': 157, 'w': 60, 'h': 79, 'area_px': 3294, 'area_ratio': 0.050262451171875, 'mean_heat': 0.501040518283844, 'max_heat': 0.658823549747467, 'x2': 242, 'y2': 236, 'aspect_ratio': 1.3166666666666667}, {'x': 80, 'y': 8, 'w': 69, 'h': 56, 'area_px': 2647, 'area_ratio': 0.0403900146484375, 'mean_heat': 0.5566554069519043, 'max_heat': 0.7686274647712708, 'x2': 149, 'y2': 64, 'aspect_ratio': 1.2321428571428572}, {'x': 205, 'y': 15, 'w': 34, 'h': 34, 'area_px': 662, 'area_ratio': 0.010101318359375, 'mean_heat': 0.43698829412460327, 'max_heat': 0.45490196347236633, 'x2': 239, 'y2': 49, 'aspect_ratio': 1.0}, {'x': 133, 'y': 220, 'w': 36, 'h': 23, 'area_px': 549, 'area_ratio': 0.0083770751953125, 'mean_heat': 0.46068075299263, 'max_heat': 0.5176470875740051, 'x2': 169, 'y2': 243, 'aspect_ratio': 1.565217391304348}, {'x': 182, 'y': 24, 'w': 11, 'h': 13, 'area_px': 105, 'area_ratio': 0.0016021728515625, 'mean_heat': 0.4288329482078552, 'max_heat': 0.43921568989753723, 'x2': 193, 'y2': 37, 'aspect_ratio': 1.1818181818181819}, {'x': 195, 'y': 60, 'w': 11, 'h': 12, 'area_px': 104, 'area_ratio': 0.0015869140625, 'mean_heat': 0.43220213055610657, 'max_heat': 0.4431372582912445, 'x2': 206, 'y2': 72, 'aspect_ratio': 1.0909090909090908}, {'x': 226, 'y': 57, 'w': 9, 'h': 7, 'area_px': 43, 'area_ratio': 0.0006561279296875, 'mean_heat': 0.42507973313331604, 'max_heat': 0.4274509847164154, 'x2': 235, 'y2': 64, 'aspect_ratio': 1.2857142857142858}]","deformation","0.779","rules_constrained_taxonomy","39.0","81.0","178.0","96.0","10220.0","0.15594482421875","0.5638648271560669","1.0","217.0","177.0","1.8541666666666667","0.06735720973782772","59.67638108614232","106.27305711610487","6.771465769500203","12.280606359594685","['features|aspect=1.854|area=0.1559|dark_contrast=12.28|sat_contrast=6.77|edge_density=0.0674|flags=elongated:0_thin:0_dark:0_saturated:0_large:1_edge:1', 'large_irregular_edge_region']","0.23115325027371214","0.5657081567425503","0.779","0.23115325027371214","0.46848140964593554","minimum","0.23115325027371214","S4","O1","D3","High","Quarantine item or lot pending quality engineer review.","True","S4|O1|D3","True","['Fused confidence 0.231 is below operational threshold 0.600.']","outputs/risk_patchcore_capsule_semantic_v3/artefacts/capsule__test__faulty_imprint__015_heatmap_overlay.png","outputs/risk_patchcore_capsule_semantic_v3/artefacts/capsule__test__faulty_imprint__015_mask.png","outputs/risk_patchcore_capsule_semantic_v3/artefacts/capsule__test__faulty_imprint__015_annotated.png","simple_statistical_reference","0.42","minimum",""
"capsule__test__faulty_imprint__016","data/mvtec_anomaly_detection/capsule/test/faulty_imprint/016.png","71eadf823708eb4d51088ba8f95f9aae5e763b4f2540886eaaa65aa575cef163","2026-06-08T23:11:13.864500+00:00","anomalib_patchcore","0.43343068816842684","0.5","True","0.43343068816842684","0.06656931183157316","0.5531124857505124","0.091888427734375","4","[{'x': 172, 'y': 103, 'w': 52, 'h': 61, 'area_px': 2286, 'area_ratio': 0.034881591796875, 'mean_heat': 0.6171581149101257, 'max_heat': 1.0, 'x2': 224, 'y2': 164, 'aspect_ratio': 1.1730769230769231}, {'x': 193, 'y': 194, 'w': 45, 'h': 42, 'area_px': 1353, 'area_ratio': 0.0206451416015625, 'mean_heat': 0.5035317540168762, 'max_heat': 0.6078431606292725, 'x2': 238, 'y2': 236, 'aspect_ratio': 1.0714285714285714}, {'x': 97, 'y': 18, 'w': 47, 'h': 40, 'area_px': 1360, 'area_ratio': 0.020751953125, 'mean_heat': 0.49752601981163025, 'max_heat': 0.5764706134796143, 'x2': 144, 'y2': 58, 'aspect_ratio': 1.175}, {'x': 64, 'y': 115, 'w': 45, 'h': 33, 'area_px': 1023, 'area_ratio': 0.0156097412109375, 'mean_heat': 0.45459145307540894, 'max_heat': 0.49803921580314636, 'x2': 109, 'y2': 148, 'aspect_ratio': 1.3636363636363635}]","surface_defect","0.753","rules_constrained_taxonomy","172.0","103.0","52.0","61.0","2286.0","0.034881591796875","0.6171581149101257","1.0","224.0","164.0","1.1730769230769231","0.0740857503152585","129.67150063051702","133.3061160151324","12.703204221044132","1.184143725127342","['features|aspect=1.173|area=0.0349|dark_contrast=1.18|sat_contrast=12.70|edge_density=0.0741|flags=elongated:0_thin:0_dark:0_saturated:0_large:0_edge:1', 'high_heat_moderate_area_surface_defect_fallback']","0.43343068816842684","0.5531124857505124","0.753","0.43343068816842684","0.5492275554009458","minimum","0.43343068816842684","S3","O2","D3","High","Quarantine item or lot pending quality engineer review.","True","S3|O2|D3","True","['Fused confidence 0.433 is below operational threshold 0.600.', 'Anomaly score is close to the decision boundary; margin=0.067.']","outputs/risk_patchcore_capsule_semantic_v3/artefacts/capsule__test__faulty_imprint__016_heatmap_overlay.png","outputs/risk_patchcore_capsule_semantic_v3/artefacts/capsule__test__faulty_imprint__016_mask.png","outputs/risk_patchcore_capsule_semantic_v3/artefacts/capsule__test__faulty_imprint__016_annotated.png","simple_statistical_reference","0.42","minimum",""
"capsule__test__faulty_imprint__017","data/mvtec_anomaly_detection/capsule/test/faulty_imprint/017.png","4e1d9bc962cf9ea39e2c102afb6d606ecec986fc693e18be9d3ef7f47b9d8439","2026-06-08T23:11:13.915736+00:00","anomalib_patchcore","0.37222626959553934","0.5","True","0.37222626959553934","0.12777373040446066","0.4935575411748866","0.1667633056640625","6","[{'x': 119, 'y': 103, 'w': 76, 'h': 55, 'area_px': 3248, 'area_ratio': 0.049560546875, 'mean_heat': 0.6158311367034912, 'max_heat': 1.0, 'x2': 195, 'y2': 158, 'aspect_ratio': 1.3818181818181818}, {'x': 172, 'y': 192, 'w': 60, 'h': 55, 'area_px': 2258, 'area_ratio': 0.034454345703125, 'mean_heat': 0.5438250303268433, 'max_heat': 0.7019608020782471, 'x2': 232, 'y2': 247, 'aspect_ratio': 1.0909090909090908}, {'x': 32, 'y': 119, 'w': 79, 'h': 56, 'area_px': 2464, 'area_ratio': 0.03759765625, 'mean_heat': 0.45161062479019165, 'max_heat': 0.5058823823928833, 'x2': 111, 'y2': 175, 'aspect_ratio': 1.4107142857142858}, {'x': 97, 'y': 13, 'w': 67, 'h': 45, 'area_px': 1967, 'area_ratio': 0.0300140380859375, 'mean_heat': 0.5044867992401123, 'max_heat': 0.6352941393852234, 'x2': 164, 'y2': 58, 'aspect_ratio': 1.488888888888889}, {'x': 218, 'y': 18, 'w': 38, 'h': 44, 'area_px': 747, 'area_ratio': 0.0113983154296875, 'mean_heat': 0.4404914081096649, 'max_heat': 0.4901960790157318, 'x2': 256, 'y2': 62, 'aspect_ratio': 1.1578947368421053}, {'x': 86, 'y': 182, 'w': 24, 'h': 16, 'area_px': 245, 'area_ratio': 0.0037384033203125, 'mean_heat': 0.4376310706138611, 'max_heat': 0.4588235318660736, 'x2': 110, 'y2': 198, 'aspect_ratio': 1.5}]","surface_defect","0.753","rules_constrained_taxonomy","119.0","103.0","76.0","55.0","3248.0","0.049560546875","0.6158311367034912","1.0","195.0","158.0","1.3818181818181818","0.08468899521531101","110.46244019138756","124.59473684210526","10.881301183426743","0.0","['features|aspect=1.382|area=0.0496|dark_contrast=0.00|sat_contrast=10.88|edge_density=0.0847|flags=elongated:0_thin:0_dark:0_saturated:0_large:0_edge:1', 'high_heat_moderate_area_surface_defect_fallback']","0.37222626959553934","0.4935575411748866","0.753","0.37222626959553934","0.5038190836704587","minimum","0.37222626959553934","S3","O2","D3","High","Quarantine item or lot pending quality engineer review.","True","S3|O2|D3","True","['Fused confidence 0.372 is below operational threshold 0.600.']","outputs/risk_patchcore_capsule_semantic_v3/artefacts/capsule__test__faulty_imprint__017_heatmap_overlay.png","outputs/risk_patchcore_capsule_semantic_v3/artefacts/capsule__test__faulty_imprint__017_mask.png","outputs/risk_patchcore_capsule_semantic_v3/artefacts/capsule__test__faulty_imprint__017_annotated.png","simple_statistical_reference","0.42","minimum",""
"capsule__test__faulty_imprint__018","data/mvtec_anomaly_detection/capsule/test/faulty_imprint/018.png","c1a9cb94bbadbc38e9dbcbb7fe723574db7b5331167e72a4c577c9c4f235bcdf","2026-06-08T23:11:13.966403+00:00","anomalib_patchcore","0.20520582963134645","0.5","True","0.20520582963134645","0.2947941703686535","0.6527891244462483","0.196990966796875","4","[{'x': 34, 'y': 68, 'w': 117, 'h': 92, 'area_px': 7887, 'area_ratio': 0.1203460693359375, 'mean_heat': 0.6024507880210876, 'max_heat': 0.886274516582489, 'x2': 151, 'y2': 160, 'aspect_ratio': 1.2717391304347827}, {'x': 170, 'y': 102, 'w': 57, 'h': 52, 'area_px': 2252, 'area_ratio': 0.03436279296875, 'mean_heat': 0.6399523019790649, 'max_heat': 1.0, 'x2': 227, 'y2': 154, 'aspect_ratio': 1.0961538461538463}, {'x': 182, 'y': 185, 'w': 55, 'h': 58, 'area_px': 2417, 'area_ratio': 0.0368804931640625, 'mean_heat': 0.5564749836921692, 'max_heat': 0.7803921699523926, 'x2': 237, 'y2': 243, 'aspect_ratio': 1.0545454545454545}, {'x': 215, 'y': 16, 'w': 24, 'h': 21, 'area_px': 354, 'area_ratio': 0.005401611328125, 'mean_heat': 0.4403013288974762, 'max_heat': 0.47058823704719543, 'x2': 239, 'y2': 37, 'aspect_ratio': 1.1428571428571428}]","deformation","0.7391960808038711","rules_constrained_taxonomy","34.0","68.0","117.0","92.0","7887.0","0.1203460693359375","0.6024507880210876","0.886274516582489","151.0","160.0","1.2717391304347827","0.06205871423262728","36.369193608324046","89.8216276477146","2.003000347393943","15.518528297704492","['features|aspect=1.272|area=0.1203|dark_contrast=15.52|sat_contrast=2.00|edge_density=0.0621|flags=elongated:0_thin:0_dark:0_saturated:0_large:1_edge:1', 'large_irregular_edge_region']","0.20520582963134645","0.6527891244462483","0.7391960808038711","0.20520582963134645","0.47297838086894817","minimum","0.20520582963134645","S4","O1","D3","High","Quarantine item or lot pending quality engineer review.","True","S4|O1|D3","True","['Fused confidence 0.205 is below operational threshold 0.600.']","outputs/risk_patchcore_capsule_semantic_v3/artefacts/capsule__test__faulty_imprint__018_heatmap_overlay.png","outputs/risk_patchcore_capsule_semantic_v3/artefacts/capsule__test__faulty_imprint__018_mask.png","outputs/risk_patchcore_capsule_semantic_v3/artefacts/capsule__test__faulty_imprint__018_annotated.png","simple_statistical_reference","0.42","minimum",""
"capsule__test__faulty_imprint__019","data/mvtec_anomaly_detection/capsule/test/faulty_imprint/019.png","bb51dd955baf0700a94b8eeca32816ea8365bfdfdcdc332f569a91592014c919","2026-06-08T23:11:14.013557+00:00","anomalib_patchcore","0.14845648051014237","0.5","False","0.8515435194898576","0.3515435194898576","0.8515435194898576","0.0","0","[]","normal","0.8515435194898576","detector_normal_decision","","","","","","","","","","","","","","","","","","0.8515435194898576","0.8515435194898576","0.8515435194898576","0.8515435194898576","0.8515435194898576","minimum","0.8515435194898576","S1","O1","D1","Low","Continue monitoring; no immediate intervention required.","True","S1|O1|D1","False","[]","outputs/risk_patchcore_capsule_semantic_v3/artefacts/capsule__test__faulty_imprint__019_heatmap_overlay.png","outputs/risk_patchcore_capsule_semantic_v3/artefacts/capsule__test__faulty_imprint__019_mask.png","outputs/risk_patchcore_capsule_semantic_v3/artefacts/capsule__test__faulty_imprint__019_annotated.png","simple_statistical_reference","0.42","minimum","Image-level anomaly score did not exceed the calibrated threshold."
"capsule__test__faulty_imprint__020","data/mvtec_anomaly_detection/capsule/test/faulty_imprint/020.png","080e2c2c0141764e6d85402f28b08f75ebd452f8deb5535a9917b0d13ff96ed9","2026-06-08T23:11:14.061045+00:00","anomalib_patchcore","0.5440727967499175","0.5","True","0.5440727967499175","0.04407279674991749","0.7432347604956859","0.033294677734375","2","[{'x': 167, 'y': 108, 'w': 54, 'h': 46, 'area_px': 1890, 'area_ratio': 0.028839111328125, 'mean_heat': 0.640155553817749, 'max_heat': 1.0, 'x2': 221, 'y2': 154, 'aspect_ratio': 1.173913043478261}, {'x': 98, 'y': 119, 'w': 40, 'h': 20, 'area_px': 292, 'area_ratio': 0.00445556640625, 'mean_heat': 0.4295863211154938, 'max_heat': 0.4470588266849518, 'x2': 138, 'y2': 139, 'aspect_ratio': 2.0}]","surface_defect","0.753","rules_constrained_taxonomy","167.0","108.0","54.0","46.0","1890.0","0.028839111328125","0.640155553817749","1.0","221.0","154.0","1.173913043478261","0.0640096618357488","138.75442834138485","135.591384863124","6.39452050728346","0.0","['features|aspect=1.174|area=0.0288|dark_contrast=0.00|sat_contrast=6.39|edge_density=0.0640|flags=elongated:0_thin:0_dark:0_saturated:0_large:0_edge:1', 'high_heat_moderate_area_surface_defect_fallback']","0.5440727967499175","0.7432347604956859","0.753","0.5440727967499175","0.6560531866861686","minimum","0.5440727967499175","S3","O2","D3","High","Quarantine item or lot pending quality engineer review.","True","S3|O2|D3","True","['Fused confidence 0.544 is below operational threshold 0.600.', 'Anomaly score is close to the decision boundary; margin=0.044.']","outputs/risk_patchcore_capsule_semantic_v3/artefacts/capsule__test__faulty_imprint__020_heatmap_overlay.png","outputs/risk_patchcore_capsule_semantic_v3/artefacts/capsule__test__faulty_imprint__020_mask.png","outputs/risk_patchcore_capsule_semantic_v3/artefacts/capsule__test__faulty_imprint__020_annotated.png","simple_statistical_reference","0.42","minimum",""
"capsule__test__faulty_imprint__021","data/mvtec_anomaly_detection/capsule/test/faulty_imprint/021.png","154bc60aeb74906946b1aba1a41ee49f21a7146dd28937cb2c341eb58dfef8e7","2026-06-08T23:11:14.109324+00:00","anomalib_patchcore","0.5166347204722921","0.5","True","0.5166347204722921","0.016634720472292086","0.8418307453393936","0.048553466796875","1","[{'x': 101, 'y': 92, 'w': 76, 'h': 74, 'area_px': 3182, 'area_ratio': 0.048553466796875, 'mean_heat': 0.5810773968696594, 'max_heat': 1.0, 'x2': 177, 'y2': 166, 'aspect_ratio': 1.027027027027027}]","surface_defect","0.753","rules_constrained_taxonomy","101.0","92.0","76.0","74.0","3182.0","0.048553466796875","0.5810773968696594","1.0","177.0","166.0","1.027027027027027","0.0816145092460882","79.28502844950214","100.41731863442389","9.764497048535958","5.117463974271757","['features|aspect=1.027|area=0.0486|dark_contrast=5.12|sat_contrast=9.76|edge_density=0.0816|flags=elongated:0_thin:0_dark:0_saturated:0_large:0_edge:1', 'high_heat_moderate_area_surface_defect_fallback']","0.5166347204722921","0.8418307453393936","0.753","0.5166347204722921","0.6732848478143495","minimum","0.5166347204722921","S3","O2","D3","High","Quarantine item or lot pending quality engineer review.","True","S3|O2|D3","True","['Fused confidence 0.517 is below operational threshold 0.600.', 'Anomaly score is close to the decision boundary; margin=0.017.']","outputs/risk_patchcore_capsule_semantic_v3/artefacts/capsule__test__faulty_imprint__021_heatmap_overlay.png","outputs/risk_patchcore_capsule_semantic_v3/artefacts/capsule__test__faulty_imprint__021_mask.png","outputs/risk_patchcore_capsule_semantic_v3/artefacts/capsule__test__faulty_imprint__021_annotated.png","simple_statistical_reference","0.42","minimum",""
"capsule__test__good__000","data/mvtec_anomaly_detection/capsule/test/good/000.png","86366d544a0182b04fdeacb62c9b23af8c72af24d35eaafeb8c210f603174728","2026-06-08T23:11:14.160183+00:00","anomalib_patchcore","0.1068549485259489","0.5","False","0.8931450514740511","0.3931450514740511","0.8931450514740511","0.0","0","[]","normal","0.8931450514740511","detector_normal_decision","","","","","","","","","","","","","","","","","","0.8931450514740511","0.8931450514740511","0.8931450514740511","0.8931450514740511","0.8931450514740511","minimum","0.8931450514740511","S1","O1","D1","Low","Continue monitoring; no immediate intervention required.","True","S1|O1|D1","False","[]","outputs/risk_patchcore_capsule_semantic_v3/artefacts/capsule__test__good__000_heatmap_overlay.png","outputs/risk_patchcore_capsule_semantic_v3/artefacts/capsule__test__good__000_mask.png","outputs/risk_patchcore_capsule_semantic_v3/artefacts/capsule__test__good__000_annotated.png","simple_statistical_reference","0.42","minimum","Image-level anomaly score did not exceed the calibrated threshold."
"capsule__test__good__001","data/mvtec_anomaly_detection/capsule/test/good/001.png","329429f109ca9750ed6accb74c719f9257bee603fbfcd91017932b06dfa21ef3","2026-06-08T23:11:14.207144+00:00","anomalib_patchcore","0.044381962059744456","0.5","False","0.9556180379402556","0.45561803794025557","0.9556180379402556","0.0","0","[]","normal","0.9556180379402556","detector_normal_decision","","","","","","","","","","","","","","","","","","0.9556180379402556","0.9556180379402556","0.9556180379402556","0.9556180379402556","0.9556180379402556","minimum","0.9556180379402556","S1","O1","D1","Low","Continue monitoring; no immediate intervention required.","True","S1|O1|D1","False","[]","outputs/risk_patchcore_capsule_semantic_v3/artefacts/capsule__test__good__001_heatmap_overlay.png","outputs/risk_patchcore_capsule_semantic_v3/artefacts/capsule__test__good__001_mask.png","outputs/risk_patchcore_capsule_semantic_v3/artefacts/capsule__test__good__001_annotated.png","simple_statistical_reference","0.42","minimum","Image-level anomaly score did not exceed the calibrated threshold."
"capsule__test__good__002","data/mvtec_anomaly_detection/capsule/test/good/002.png","ae639724afbb0cd1f6c8fa9fc25518a12c05856ec755346d3f328dff0d096072","2026-06-08T23:11:14.254767+00:00","anomalib_patchcore","0.060620609113034234","0.5","False","0.9393793908869658","0.43937939088696576","0.9393793908869658","0.0","0","[]","normal","0.9393793908869658","detector_normal_decision","","","","","","","","","","","","","","","","","","0.9393793908869658","0.9393793908869658","0.9393793908869658","0.9393793908869658","0.9393793908869658","minimum","0.9393793908869658","S1","O1","D1","Low","Continue monitoring; no immediate intervention required.","True","S1|O1|D1","False","[]","outputs/risk_patchcore_capsule_semantic_v3/artefacts/capsule__test__good__002_heatmap_overlay.png","outputs/risk_patchcore_capsule_semantic_v3/artefacts/capsule__test__good__002_mask.png","outputs/risk_patchcore_capsule_semantic_v3/artefacts/capsule__test__good__002_annotated.png","simple_statistical_reference","0.42","minimum","Image-level anomaly score did not exceed the calibrated threshold."
"capsule__test__good__003","data/mvtec_anomaly_detection/capsule/test/good/003.png","04ba8c639ea47eead9e9e19e439aff38eafb735efd49e35f6f84f05791d3cd02","2026-06-08T23:11:14.301970+00:00","anomalib_patchcore","0.07658918740143253","0.5","False","0.9234108125985675","0.4234108125985675","0.9234108125985675","0.0","0","[]","normal","0.9234108125985675","detector_normal_decision","","","","","","","","","","","","","","","","","","0.9234108125985675","0.9234108125985675","0.9234108125985675","0.9234108125985675","0.9234108125985675","minimum","0.9234108125985675","S1","O1","D1","Low","Continue monitoring; no immediate intervention required.","True","S1|O1|D1","False","[]","outputs/risk_patchcore_capsule_semantic_v3/artefacts/capsule__test__good__003_heatmap_overlay.png","outputs/risk_patchcore_capsule_semantic_v3/artefacts/capsule__test__good__003_mask.png","outputs/risk_patchcore_capsule_semantic_v3/artefacts/capsule__test__good__003_annotated.png","simple_statistical_reference","0.42","minimum","Image-level anomaly score did not exceed the calibrated threshold."
"capsule__test__good__004","data/mvtec_anomaly_detection/capsule/test/good/004.png","f0ed2675bd817654bea97f73fd60ed1128b576124b5e183abd806eef1c9430bf","2026-06-08T23:11:14.348031+00:00","anomalib_patchcore","0.014231771774560462","0.5","False","0.9857682282254395","0.4857682282254395","0.9857682282254395","0.0","0","[]","normal","0.9857682282254395","detector_normal_decision","","","","","","","","","","","","","","","","","","0.9857682282254395","0.9857682282254395","0.9857682282254395","0.9857682282254395","0.9857682282254395","minimum","0.9857682282254395","S1","O1","D1","Low","Continue monitoring; no immediate intervention required.","True","S1|O1|D1","False","[]","outputs/risk_patchcore_capsule_semantic_v3/artefacts/capsule__test__good__004_heatmap_overlay.png","outputs/risk_patchcore_capsule_semantic_v3/artefacts/capsule__test__good__004_mask.png","outputs/risk_patchcore_capsule_semantic_v3/artefacts/capsule__test__good__004_annotated.png","simple_statistical_reference","0.42","minimum","Image-level anomaly score did not exceed the calibrated threshold."
"capsule__test__good__005","data/mvtec_anomaly_detection/capsule/test/good/005.png","10b27fd42d8fb15049a3c3a1654dfd2a271657cb339643e7b6878d06212338cf","2026-06-08T23:11:14.395710+00:00","anomalib_patchcore","0.006038830543179555","0.5","False","0.9939611694568204","0.49396116945682045","0.9939611694568204","0.0","0","[]","normal","0.9939611694568204","detector_normal_decision","","","","","","","","","","","","","","","","","","0.9939611694568204","0.9939611694568204","0.9939611694568204","0.9939611694568204","0.9939611694568204","minimum","0.9939611694568204","S1","O1","D1","Low","Continue monitoring; no immediate intervention required.","True","S1|O1|D1","False","[]","outputs/risk_patchcore_capsule_semantic_v3/artefacts/capsule__test__good__005_heatmap_overlay.png","outputs/risk_patchcore_capsule_semantic_v3/artefacts/capsule__test__good__005_mask.png","outputs/risk_patchcore_capsule_semantic_v3/artefacts/capsule__test__good__005_annotated.png","simple_statistical_reference","0.42","minimum","Image-level anomaly score did not exceed the calibrated threshold."
"capsule__test__good__006","data/mvtec_anomaly_detection/capsule/test/good/006.png","68eecb14ce7aeca6f1db41ce4a3e1d47c9e40221e2e2b5eee74b1333469828a5","2026-06-08T23:11:14.446659+00:00","anomalib_patchcore","0.23593644020220975","0.5","True","0.23593644020220975","0.2640635597977903","0.6863402905707071","0.2329559326171875","4","[{'x': 43, 'y': 15, 'w': 127, 'h': 163, 'area_px': 12024, 'area_ratio': 0.1834716796875, 'mean_heat': 0.6056312322616577, 'max_heat': 1.0, 'x2': 170, 'y2': 178, 'aspect_ratio': 1.2834645669291338}, {'x': 12, 'y': 8, 'w': 41, 'h': 49, 'area_px': 1225, 'area_ratio': 0.0186920166015625, 'mean_heat': 0.45650580525398254, 'max_heat': 0.5058823823928833, 'x2': 53, 'y2': 57, 'aspect_ratio': 1.1951219512195121}, {'x': 193, 'y': 6, 'w': 47, 'h': 37, 'area_px': 1072, 'area_ratio': 0.016357421875, 'mean_heat': 0.47283071279525757, 'max_heat': 0.5686274766921997, 'x2': 240, 'y2': 43, 'aspect_ratio': 1.2702702702702702}, {'x': 18, 'y': 219, 'w': 49, 'h': 37, 'area_px': 946, 'area_ratio': 0.014434814453125, 'mean_heat': 0.4528375566005707, 'max_heat': 0.5058823823928833, 'x2': 67, 'y2': 256, 'aspect_ratio': 1.3243243243243243}]","stain","0.8049999999999999","rules_constrained_taxonomy","43.0","15.0","127.0","163.0","12024.0","0.1834716796875","0.6056312322616577","1.0","170.0","178.0","1.2834645669291338","0.0433312400367132","29.691802328389933","145.97000144920534","0.7792735164197815","7.098561272988661","['features|aspect=1.283|area=0.1835|dark_contrast=7.10|sat_contrast=0.78|edge_density=0.0433|flags=elongated:0_thin:0_dark:0_saturated:0_large:1_edge:0', 'large_low_edge_region']","0.23593644020220975","0.6863402905707071","0.8049999999999999","0.23593644020220975","0.5133234852622065","minimum","0.23593644020220975","S4","O2","D3","Critical","Stop release or production path until authorised review is complete.","True","S4|O2|D3","True","['Fused confidence 0.236 is below operational threshold 0.600.', 'Critical risk class requires operator confirmation before release decision.']","outputs/risk_patchcore_capsule_semantic_v3/artefacts/capsule__test__good__006_heatmap_overlay.png","outputs/risk_patchcore_capsule_semantic_v3/artefacts/capsule__test__good__006_mask.png","outputs/risk_patchcore_capsule_semantic_v3/artefacts/capsule__test__good__006_annotated.png","simple_statistical_reference","0.42","minimum",""
"capsule__test__good__007","data/mvtec_anomaly_detection/capsule/test/good/007.png","a1ead780817351c8eab7c1a8e3bb8578bad97b2c94ad6b0eae126b0bd18e3cd7","2026-06-08T23:11:14.494384+00:00","anomalib_patchcore","0.14901390282821259","0.5","False","0.8509860971717874","0.3509860971717874","0.8509860971717874","0.0","0","[]","normal","0.8509860971717874","detector_normal_decision","","","","","","","","","","","","","","","","","","0.8509860971717874","0.8509860971717874","0.8509860971717874","0.8509860971717874","0.8509860971717874","minimum","0.8509860971717874","S1","O1","D1","Low","Continue monitoring; no immediate intervention required.","True","S1|O1|D1","False","[]","outputs/risk_patchcore_capsule_semantic_v3/artefacts/capsule__test__good__007_heatmap_overlay.png","outputs/risk_patchcore_capsule_semantic_v3/artefacts/capsule__test__good__007_mask.png","outputs/risk_patchcore_capsule_semantic_v3/artefacts/capsule__test__good__007_annotated.png","simple_statistical_reference","0.42","minimum","Image-level anomaly score did not exceed the calibrated threshold."
"capsule__test__good__008","data/mvtec_anomaly_detection/capsule/test/good/008.png","85840f30a41dd16c28973a43c2b25a38da5114b4d60e5966595af6c490fef44d","2026-06-08T23:11:14.540739+00:00","anomalib_patchcore","0.04277805959030016","0.5","False","0.9572219404096999","0.4572219404096998","0.9572219404096999","0.0","0","[]","normal","0.9572219404096999","detector_normal_decision","","","","","","","","","","","","","","","","","","0.9572219404096999","0.9572219404096999","0.9572219404096999","0.9572219404096999","0.9572219404097","minimum","0.9572219404096999","S1","O1","D1","Low","Continue monitoring; no immediate intervention required.","True","S1|O1|D1","False","[]","outputs/risk_patchcore_capsule_semantic_v3/artefacts/capsule__test__good__008_heatmap_overlay.png","outputs/risk_patchcore_capsule_semantic_v3/artefacts/capsule__test__good__008_mask.png","outputs/risk_patchcore_capsule_semantic_v3/artefacts/capsule__test__good__008_annotated.png","simple_statistical_reference","0.42","minimum","Image-level anomaly score did not exceed the calibrated threshold."
"capsule__test__good__009","data/mvtec_anomaly_detection/capsule/test/good/009.png","90f188a440702eeaf5da17c8dca5c72296fb34ce49993dc802585ce3a7d14eae","2026-06-08T23:11:14.587976+00:00","anomalib_patchcore","0.1560125474974604","0.5","False","0.8439874525025396","0.3439874525025396","0.8439874525025396","0.0","0","[]","normal","0.8439874525025396","detector_normal_decision","","","","","","","","","","","","","","","","","","0.8439874525025396","0.8439874525025396","0.8439874525025396","0.8439874525025396","0.8439874525025397","minimum","0.8439874525025396","S1","O1","D1","Low","Continue monitoring; no immediate intervention required.","True","S1|O1|D1","False","[]","outputs/risk_patchcore_capsule_semantic_v3/artefacts/capsule__test__good__009_heatmap_overlay.png","outputs/risk_patchcore_capsule_semantic_v3/artefacts/capsule__test__good__009_mask.png","outputs/risk_patchcore_capsule_semantic_v3/artefacts/capsule__test__good__009_annotated.png","simple_statistical_reference","0.42","minimum","Image-level anomaly score did not exceed the calibrated threshold."
"capsule__test__good__010","data/mvtec_anomaly_detection/capsule/test/good/010.png","3e1d45837e483b3a95a66aabd9c19947691f14fd54b020723f42fad08a62c922","2026-06-08T23:11:14.635087+00:00","anomalib_patchcore","0.18587523897914393","0.5","False","0.8141247610208561","0.31412476102085607","0.8141247610208561","0.0","0","[]","normal","0.8141247610208561","detector_normal_decision","","","","","","","","","","","","","","","","","","0.8141247610208561","0.8141247610208561","0.8141247610208561","0.8141247610208561","0.8141247610208561","minimum","0.8141247610208561","S1","O1","D1","Low","Continue monitoring; no immediate intervention required.","True","S1|O1|D1","False","[]","outputs/risk_patchcore_capsule_semantic_v3/artefacts/capsule__test__good__010_heatmap_overlay.png","outputs/risk_patchcore_capsule_semantic_v3/artefacts/capsule__test__good__010_mask.png","outputs/risk_patchcore_capsule_semantic_v3/artefacts/capsule__test__good__010_annotated.png","simple_statistical_reference","0.42","minimum","Image-level anomaly score did not exceed the calibrated threshold."
"capsule__test__good__011","data/mvtec_anomaly_detection/capsule/test/good/011.png","f4d1ddcfc0389391a704e4f4c9ab71457195d844a2e7d4b7f2c0692898d0d227","2026-06-08T23:11:14.681398+00:00","anomalib_patchcore","0.1253860329905119","0.5","False","0.8746139670094881","0.3746139670094881","0.8746139670094881","0.0","0","[]","normal","0.8746139670094881","detector_normal_decision","","","","","","","","","","","","","","","","","","0.8746139670094881","0.8746139670094881","0.8746139670094881","0.8746139670094881","0.8746139670094881","minimum","0.8746139670094881","S1","O1","D1","Low","Continue monitoring; no immediate intervention required.","True","S1|O1|D1","False","[]","outputs/risk_patchcore_capsule_semantic_v3/artefacts/capsule__test__good__011_heatmap_overlay.png","outputs/risk_patchcore_capsule_semantic_v3/artefacts/capsule__test__good__011_mask.png","outputs/risk_patchcore_capsule_semantic_v3/artefacts/capsule__test__good__011_annotated.png","simple_statistical_reference","0.42","minimum","Image-level anomaly score did not exceed the calibrated threshold."
"capsule__test__good__012","data/mvtec_anomaly_detection/capsule/test/good/012.png","3e2dc3cb88d1d937c41e5a0cc317f253eb89a369b03fd5b77f904857a6e802fd","2026-06-08T23:11:14.728843+00:00","anomalib_patchcore","0.1175659009182677","0.5","False","0.8824340990817323","0.3824340990817323","0.8824340990817323","0.0","0","[]","normal","0.8824340990817323","detector_normal_decision","","","","","","","","","","","","","","","","","","0.8824340990817323","0.8824340990817323","0.8824340990817323","0.8824340990817323","0.8824340990817323","minimum","0.8824340990817323","S1","O1","D1","Low","Continue monitoring; no immediate intervention required.","True","S1|O1|D1","False","[]","outputs/risk_patchcore_capsule_semantic_v3/artefacts/capsule__test__good__012_heatmap_overlay.png","outputs/risk_patchcore_capsule_semantic_v3/artefacts/capsule__test__good__012_mask.png","outputs/risk_patchcore_capsule_semantic_v3/artefacts/capsule__test__good__012_annotated.png","simple_statistical_reference","0.42","minimum","Image-level anomaly score did not exceed the calibrated threshold."
"capsule__test__good__013","data/mvtec_anomaly_detection/capsule/test/good/013.png","2934c67a6c46d6a8ede27f506ea989b30bdaca87d700548fc2bac5b00a6ce596","2026-06-08T23:11:14.774600+00:00","anomalib_patchcore","0.050294618490104505","0.5","False","0.9497053815098955","0.4497053815098955","0.9497053815098955","0.0","0","[]","normal","0.9497053815098955","detector_normal_decision","","","","","","","","","","","","","","","","","","0.9497053815098955","0.9497053815098955","0.9497053815098955","0.9497053815098955","0.9497053815098955","minimum","0.9497053815098955","S1","O1","D1","Low","Continue monitoring; no immediate intervention required.","True","S1|O1|D1","False","[]","outputs/risk_patchcore_capsule_semantic_v3/artefacts/capsule__test__good__013_heatmap_overlay.png","outputs/risk_patchcore_capsule_semantic_v3/artefacts/capsule__test__good__013_mask.png","outputs/risk_patchcore_capsule_semantic_v3/artefacts/capsule__test__good__013_annotated.png","simple_statistical_reference","0.42","minimum","Image-level anomaly score did not exceed the calibrated threshold."
"capsule__test__good__014","data/mvtec_anomaly_detection/capsule/test/good/014.png","4f0f1a2180cea8d3c1d77a6c27535553c2d6b9d069bf5904205f2990050665cc","2026-06-08T23:11:14.820206+00:00","anomalib_patchcore","0.11488269172473572","0.5","False","0.8851173082752642","0.38511730827526425","0.8851173082752642","0.0","0","[]","normal","0.8851173082752642","detector_normal_decision","","","","","","","","","","","","","","","","","","0.8851173082752642","0.8851173082752642","0.8851173082752642","0.8851173082752642","0.8851173082752642","minimum","0.8851173082752642","S1","O1","D1","Low","Continue monitoring; no immediate intervention required.","True","S1|O1|D1","False","[]","outputs/risk_patchcore_capsule_semantic_v3/artefacts/capsule__test__good__014_heatmap_overlay.png","outputs/risk_patchcore_capsule_semantic_v3/artefacts/capsule__test__good__014_mask.png","outputs/risk_patchcore_capsule_semantic_v3/artefacts/capsule__test__good__014_annotated.png","simple_statistical_reference","0.42","minimum","Image-level anomaly score did not exceed the calibrated threshold."
"capsule__test__good__015","data/mvtec_anomaly_detection/capsule/test/good/015.png","73f9292911fe95711bec4fcb425d3bee1c98cd7644c85060cc07128a4a4503da","2026-06-08T23:11:14.866537+00:00","anomalib_patchcore","0.14991072673141895","0.5","False","0.8500892732685811","0.3500892732685811","0.8500892732685811","0.0","0","[]","normal","0.8500892732685811","detector_normal_decision","","","","","","","","","","","","","","","","","","0.8500892732685811","0.8500892732685811","0.8500892732685811","0.8500892732685811","0.8500892732685811","minimum","0.8500892732685811","S1","O1","D1","Low","Continue monitoring; no immediate intervention required.","True","S1|O1|D1","False","[]","outputs/risk_patchcore_capsule_semantic_v3/artefacts/capsule__test__good__015_heatmap_overlay.png","outputs/risk_patchcore_capsule_semantic_v3/artefacts/capsule__test__good__015_mask.png","outputs/risk_patchcore_capsule_semantic_v3/artefacts/capsule__test__good__015_annotated.png","simple_statistical_reference","0.42","minimum","Image-level anomaly score did not exceed the calibrated threshold."
"capsule__test__good__016","data/mvtec_anomaly_detection/capsule/test/good/016.png","9308c98dc2b02a4ef41facc17f016b7a2badddf085945cee047bc724db1b7cee","2026-06-08T23:11:14.914706+00:00","anomalib_patchcore","0.0","0.5","False","1.0","0.5","1.0","0.0","0","[]","normal","1.0","detector_normal_decision","","","","","","","","","","","","","","","","","","1.0","1.0","1.0","1.0","1.0","minimum","1.0","S1","O1","D1","Low","Continue monitoring; no immediate intervention required.","True","S1|O1|D1","False","[]","outputs/risk_patchcore_capsule_semantic_v3/artefacts/capsule__test__good__016_heatmap_overlay.png","outputs/risk_patchcore_capsule_semantic_v3/artefacts/capsule__test__good__016_mask.png","outputs/risk_patchcore_capsule_semantic_v3/artefacts/capsule__test__good__016_annotated.png","simple_statistical_reference","0.42","minimum","Image-level anomaly score did not exceed the calibrated threshold."
"capsule__test__good__017","data/mvtec_anomaly_detection/capsule/test/good/017.png","210099387bd7d4e3812bfddc1071e60dc9b532ed7feb21487c88ad6b1e3e7e93","2026-06-08T23:11:14.962913+00:00","anomalib_patchcore","0.052919485471070275","0.5","False","0.9470805145289297","0.4470805145289297","0.9470805145289297","0.0","0","[]","normal","0.9470805145289297","detector_normal_decision","","","","","","","","","","","","","","","","","","0.9470805145289297","0.9470805145289297","0.9470805145289297","0.9470805145289297","0.9470805145289297","minimum","0.9470805145289297","S1","O1","D1","Low","Continue monitoring; no immediate intervention required.","True","S1|O1|D1","False","[]","outputs/risk_patchcore_capsule_semantic_v3/artefacts/capsule__test__good__017_heatmap_overlay.png","outputs/risk_patchcore_capsule_semantic_v3/artefacts/capsule__test__good__017_mask.png","outputs/risk_patchcore_capsule_semantic_v3/artefacts/capsule__test__good__017_annotated.png","simple_statistical_reference","0.42","minimum","Image-level anomaly score did not exceed the calibrated threshold."
"capsule__test__good__018","data/mvtec_anomaly_detection/capsule/test/good/018.png","d049beb23eae822a019c2bf52a260196a2747ea921262306529ac23ded549fb4","2026-06-08T23:11:15.018255+00:00","anomalib_patchcore","0.14741290536520313","0.5","False","0.8525870946347969","0.35258709463479687","0.8525870946347969","0.0","0","[]","normal","0.8525870946347969","detector_normal_decision","","","","","","","","","","","","","","","","","","0.8525870946347969","0.8525870946347969","0.8525870946347969","0.8525870946347969","0.8525870946347969","minimum","0.8525870946347969","S1","O1","D1","Low","Continue monitoring; no immediate intervention required.","True","S1|O1|D1","False","[]","outputs/risk_patchcore_capsule_semantic_v3/artefacts/capsule__test__good__018_heatmap_overlay.png","outputs/risk_patchcore_capsule_semantic_v3/artefacts/capsule__test__good__018_mask.png","outputs/risk_patchcore_capsule_semantic_v3/artefacts/capsule__test__good__018_annotated.png","simple_statistical_reference","0.42","minimum","Image-level anomaly score did not exceed the calibrated threshold."
"capsule__test__good__019","data/mvtec_anomaly_detection/capsule/test/good/019.png","776cd10c653f7a3db4b4a60989644e406dd891d018ac53bf163d1d79cde7cf74","2026-06-08T23:11:15.065876+00:00","anomalib_patchcore","0.1766181938906843","0.5","False","0.8233818061093157","0.32338180610931566","0.8233818061093157","0.0","0","[]","normal","0.8233818061093157","detector_normal_decision","","","","","","","","","","","","","","","","","","0.8233818061093157","0.8233818061093157","0.8233818061093157","0.8233818061093157","0.8233818061093157","minimum","0.8233818061093157","S1","O1","D1","Low","Continue monitoring; no immediate intervention required.","True","S1|O1|D1","False","[]","outputs/risk_patchcore_capsule_semantic_v3/artefacts/capsule__test__good__019_heatmap_overlay.png","outputs/risk_patchcore_capsule_semantic_v3/artefacts/capsule__test__good__019_mask.png","outputs/risk_patchcore_capsule_semantic_v3/artefacts/capsule__test__good__019_annotated.png","simple_statistical_reference","0.42","minimum","Image-level anomaly score did not exceed the calibrated threshold."
"capsule__test__good__020","data/mvtec_anomaly_detection/capsule/test/good/020.png","245a48284fa594533271fd723a55e8d05fbc7c8c514fd5d355eec6f8ff2e9e92","2026-06-08T23:11:15.113360+00:00","anomalib_patchcore","0.07552852113530169","0.5","False","0.9244714788646983","0.4244714788646983","0.9244714788646983","0.0","0","[]","normal","0.9244714788646983","detector_normal_decision","","","","","","","","","","","","","","","","","","0.9244714788646983","0.9244714788646983","0.9244714788646983","0.9244714788646983","0.9244714788646983","minimum","0.9244714788646983","S1","O1","D1","Low","Continue monitoring; no immediate intervention required.","True","S1|O1|D1","False","[]","outputs/risk_patchcore_capsule_semantic_v3/artefacts/capsule__test__good__020_heatmap_overlay.png","outputs/risk_patchcore_capsule_semantic_v3/artefacts/capsule__test__good__020_mask.png","outputs/risk_patchcore_capsule_semantic_v3/artefacts/capsule__test__good__020_annotated.png","simple_statistical_reference","0.42","minimum","Image-level anomaly score did not exceed the calibrated threshold."
"capsule__test__good__021","data/mvtec_anomaly_detection/capsule/test/good/021.png","0fabdfb2dabccf3b013229260e9ebddf945449879d1d802b315b17465628b145","2026-06-08T23:11:15.162727+00:00","anomalib_patchcore","0.07692984782269041","0.5","False","0.9230701521773096","0.4230701521773096","0.9230701521773096","0.0","0","[]","normal","0.9230701521773096","detector_normal_decision","","","","","","","","","","","","","","","","","","0.9230701521773096","0.9230701521773096","0.9230701521773096","0.9230701521773096","0.9230701521773096","minimum","0.9230701521773096","S1","O1","D1","Low","Continue monitoring; no immediate intervention required.","True","S1|O1|D1","False","[]","outputs/risk_patchcore_capsule_semantic_v3/artefacts/capsule__test__good__021_heatmap_overlay.png","outputs/risk_patchcore_capsule_semantic_v3/artefacts/capsule__test__good__021_mask.png","outputs/risk_patchcore_capsule_semantic_v3/artefacts/capsule__test__good__021_annotated.png","simple_statistical_reference","0.42","minimum","Image-level anomaly score did not exceed the calibrated threshold."
"capsule__test__good__022","data/mvtec_anomaly_detection/capsule/test/good/022.png","23dd64f41289b176284ed71e86025ad347d7e242772df0dac61eda0244ce9b8c","2026-06-08T23:11:15.210789+00:00","anomalib_patchcore","0.05868781149839312","0.5","False","0.9413121885016069","0.44131218850160686","0.9413121885016069","0.0","0","[]","normal","0.9413121885016069","detector_normal_decision","","","","","","","","","","","","","","","","","","0.9413121885016069","0.9413121885016069","0.9413121885016069","0.9413121885016069","0.9413121885016069","minimum","0.9413121885016069","S1","O1","D1","Low","Continue monitoring; no immediate intervention required.","True","S1|O1|D1","False","[]","outputs/risk_patchcore_capsule_semantic_v3/artefacts/capsule__test__good__022_heatmap_overlay.png","outputs/risk_patchcore_capsule_semantic_v3/artefacts/capsule__test__good__022_mask.png","outputs/risk_patchcore_capsule_semantic_v3/artefacts/capsule__test__good__022_annotated.png","simple_statistical_reference","0.42","minimum","Image-level anomaly score did not exceed the calibrated threshold."
"capsule__test__poke__000","data/mvtec_anomaly_detection/capsule/test/poke/000.png","17250f77c17c15f653c9924933e192a4e96647ed91eceb5935156bf819629be1","2026-06-08T23:11:15.261236+00:00","anomalib_patchcore","1.0","0.5","True","1.0","0.5","0.9050584316253663","0.0659942626953125","1","[{'x': 140, 'y': 97, 'w': 88, 'h': 64, 'area_px': 4325, 'area_ratio': 0.0659942626953125, 'mean_heat': 0.6973600387573242, 'max_heat': 1.0, 'x2': 228, 'y2': 161, 'aspect_ratio': 1.375}]","contamination","0.8606946107066761","rules_constrained_taxonomy","140.0","97.0","88.0","64.0","4325.0","0.0659942626953125","0.6973600387573242","1.0","228.0","161.0","1.375","0.09019886363636363","133.54811789772728","137.2556818181818","20.304007320804203","0.19539991258741907","['features|aspect=1.375|area=0.0660|dark_contrast=0.20|sat_contrast=20.30|edge_density=0.0902|flags=elongated:0_thin:0_dark:0_saturated:1_large:0_edge:1', 'colour_or_saturation_shift']","1.0","0.9050584316253663","0.8606946107066761","0.8606946107066761","0.9366911821642789","minimum","0.8606946107066761","S3","O2","D1","Medium","Reinspect item and consider rework if defect is confirmed.","True","S3|O2|D1","False","[]","outputs/risk_patchcore_capsule_semantic_v3/artefacts/capsule__test__poke__000_heatmap_overlay.png","outputs/risk_patchcore_capsule_semantic_v3/artefacts/capsule__test__poke__000_mask.png","outputs/risk_patchcore_capsule_semantic_v3/artefacts/capsule__test__poke__000_annotated.png","simple_statistical_reference","0.42","minimum",""
"capsule__test__poke__001","data/mvtec_anomaly_detection/capsule/test/poke/001.png","3ced8e481d7d7cc07f5f885dc7db4b5e10e3017ad193f33194f3856975d2f5b6","2026-06-08T23:11:15.310770+00:00","anomalib_patchcore","0.5625845629216889","0.5","True","0.5625845629216889","0.0625845629216889","0.6919623223353037","0.085113525390625","3","[{'x': 37, 'y': 103, 'w': 86, 'h': 65, 'area_px': 3999, 'area_ratio': 0.0610198974609375, 'mean_heat': 0.6445003747940063, 'max_heat': 1.0, 'x2': 123, 'y2': 168, 'aspect_ratio': 1.323076923076923}, {'x': 96, 'y': 42, 'w': 47, 'h': 45, 'area_px': 1493, 'area_ratio': 0.0227813720703125, 'mean_heat': 0.5181198716163635, 'max_heat': 0.6431372761726379, 'x2': 143, 'y2': 87, 'aspect_ratio': 1.0444444444444445}, {'x': 160, 'y': 150, 'w': 10, 'h': 11, 'area_px': 86, 'area_ratio': 0.001312255859375, 'mean_heat': 0.43570461869239807, 'max_heat': 0.45098039507865906, 'x2': 170, 'y2': 161, 'aspect_ratio': 1.1}]","surface_defect","0.753","rules_constrained_taxonomy","37.0","103.0","86.0","65.0","3999.0","0.0610198974609375","0.6445003747940063","1.0","123.0","168.0","1.323076923076923","0.027191413237924865","30.961359570661894","41.56529516994633","2.4317057338185144","12.452739204297195","['features|aspect=1.323|area=0.0610|dark_contrast=12.45|sat_contrast=2.43|edge_density=0.0272|flags=elongated:0_thin:0_dark:0_saturated:0_large:0_edge:0', 'high_heat_moderate_area_surface_defect_fallback']","0.5625845629216889","0.6919623223353037","0.753","0.5625845629216889","0.6490017500153512","minimum","0.5625845629216889","S3","O2","D2","High","Quarantine item or lot pending quality engineer review.","True","S3|O2|D2","True","['Fused confidence 0.563 is below operational threshold 0.600.', 'Anomaly score is close to the decision boundary; margin=0.063.']","outputs/risk_patchcore_capsule_semantic_v3/artefacts/capsule__test__poke__001_heatmap_overlay.png","outputs/risk_patchcore_capsule_semantic_v3/artefacts/capsule__test__poke__001_mask.png","outputs/risk_patchcore_capsule_semantic_v3/artefacts/capsule__test__poke__001_annotated.png","simple_statistical_reference","0.42","minimum",""
"capsule__test__poke__002","data/mvtec_anomaly_detection/capsule/test/poke/002.png","03a69b4967602ff7e8070a90c71b872bde0703df4195fbfd1fb675ce04b37f12","2026-06-08T23:11:15.359151+00:00","anomalib_patchcore","0.33896685092315537","0.5","True","0.33896685092315537","0.16103314907684463","0.7909126886809676","0.18505859375","2","[{'x': 48, 'y': 30, 'w': 177, 'h': 140, 'area_px': 11725, 'area_ratio': 0.1789093017578125, 'mean_heat': 0.5858563184738159, 'max_heat': 1.0, 'x2': 225, 'y2': 170, 'aspect_ratio': 1.2642857142857142}, {'x': 209, 'y': 11, 'w': 32, 'h': 18, 'area_px': 403, 'area_ratio': 0.0061492919921875, 'mean_heat': 0.45401644706726074, 'max_heat': 0.4941176474094391, 'x2': 241, 'y2': 29, 'aspect_ratio': 1.7777777777777777}]","stain","0.8049999999999999","rules_constrained_taxonomy","48.0","30.0","177.0","140.0","11725.0","0.1789093017578125","0.5858563184738159","1.0","225.0","170.0","1.2642857142857142","0.03381759483454399","46.84313962873285","143.4085149313963","4.4722083147963545","5.454046514066704","['features|aspect=1.264|area=0.1789|dark_contrast=5.45|sat_contrast=4.47|edge_density=0.0338|flags=elongated:0_thin:0_dark:0_saturated:0_large:1_edge:0', 'large_low_edge_region']","0.33896685092315537","0.7909126886809676","0.8049999999999999","0.33896685092315537","0.5910588895197102","minimum","0.33896685092315537","S4","O2","D3","Critical","Stop release or production path until authorised review is complete.","True","S4|O2|D3","True","['Fused confidence 0.339 is below operational threshold 0.600.', 'Critical risk class requires operator confirmation before release decision.']","outputs/risk_patchcore_capsule_semantic_v3/artefacts/capsule__test__poke__002_heatmap_overlay.png","outputs/risk_patchcore_capsule_semantic_v3/artefacts/capsule__test__poke__002_mask.png","outputs/risk_patchcore_capsule_semantic_v3/artefacts/capsule__test__poke__002_annotated.png","simple_statistical_reference","0.42","minimum",""
"capsule__test__poke__003","data/mvtec_anomaly_detection/capsule/test/poke/003.png","865fe5dd2f4ea60b3c2a43ae8a6b5142eb6195bf15b6284e30ae31aee09f3836","2026-06-08T23:11:15.407816+00:00","anomalib_patchcore","0.34253323048964995","0.5","True","0.34253323048964995","0.15746676951035005","0.7885084023157676","0.1720123291015625","2","[{'x': 43, 'y': 37, 'w': 203, 'h': 122, 'area_px': 11146, 'area_ratio': 0.170074462890625, 'mean_heat': 0.5639275908470154, 'max_heat': 1.0, 'x2': 246, 'y2': 159, 'aspect_ratio': 1.6639344262295082}, {'x': 208, 'y': 16, 'w': 11, 'h': 15, 'area_px': 127, 'area_ratio': 0.0019378662109375, 'mean_heat': 0.4310947358608246, 'max_heat': 0.4431372582912445, 'x2': 219, 'y2': 31, 'aspect_ratio': 1.3636363636363635}]","stain","0.8049999999999999","rules_constrained_taxonomy","43.0","37.0","203.0","122.0","11146.0","0.170074462890625","0.5639275908470154","1.0","246.0","159.0","1.6639344262295082","0.02971816199628523","47.293103448275865","141.94407655656948","5.970226074177525","5.033787251252619","['features|aspect=1.664|area=0.1701|dark_contrast=5.03|sat_contrast=5.97|edge_density=0.0297|flags=elongated:0_thin:0_dark:0_saturated:0_large:1_edge:0', 'large_low_edge_region']","0.34253323048964995","0.7885084023157676","0.8049999999999999","0.34253323048964995","0.5919424744150728","minimum","0.34253323048964995","S4","O2","D3","Critical","Stop release or production path until authorised review is complete.","True","S4|O2|D3","True","['Fused confidence 0.343 is below operational threshold 0.600.', 'Critical risk class requires operator confirmation before release decision.']","outputs/risk_patchcore_capsule_semantic_v3/artefacts/capsule__test__poke__003_heatmap_overlay.png","outputs/risk_patchcore_capsule_semantic_v3/artefacts/capsule__test__poke__003_mask.png","outputs/risk_patchcore_capsule_semantic_v3/artefacts/capsule__test__poke__003_annotated.png","simple_statistical_reference","0.42","minimum",""
"capsule__test__poke__004","data/mvtec_anomaly_detection/capsule/test/poke/004.png","a7a8ca3ca91328131b21b885486b611483c8df41eb4ff0931fccd2df1cb99724","2026-06-08T23:11:15.456272+00:00","anomalib_patchcore","0.5603799535382954","0.5","True","0.5603799535382954","0.060379953538295394","0.7341606758140182","0.06072998046875","2","[{'x': 142, 'y': 99, 'w': 86, 'h': 59, 'area_px': 2989, 'area_ratio': 0.0456085205078125, 'mean_heat': 0.6186395883560181, 'max_heat': 1.0, 'x2': 228, 'y2': 158, 'aspect_ratio': 1.4576271186440677}, {'x': 128, 'y': 226, 'w': 40, 'h': 30, 'area_px': 991, 'area_ratio': 0.0151214599609375, 'mean_heat': 0.5137215256690979, 'max_heat': 0.6078431606292725, 'x2': 168, 'y2': 256, 'aspect_ratio': 1.3333333333333333}]","surface_defect","0.753","rules_constrained_taxonomy","142.0","99.0","86.0","59.0","2989.0","0.0456085205078125","0.6186395883560181","1.0","228.0","158.0","1.4576271186440677","0.07351202207331493","133.40894757587702","136.71895940086716","17.211823392870485","0.8290144553419907","['features|aspect=1.458|area=0.0456|dark_contrast=0.83|sat_contrast=17.21|edge_density=0.0735|flags=elongated:0_thin:0_dark:0_saturated:0_large:0_edge:1', 'high_heat_moderate_area_surface_defect_fallback']","0.5603799535382954","0.7341606758140182","0.753","0.5603799535382954","0.6606691818364384","minimum","0.5603799535382954","S3","O2","D2","High","Quarantine item or lot pending quality engineer review.","True","S3|O2|D2","True","['Fused confidence 0.560 is below operational threshold 0.600.', 'Anomaly score is close to the decision boundary; margin=0.060.']","outputs/risk_patchcore_capsule_semantic_v3/artefacts/capsule__test__poke__004_heatmap_overlay.png","outputs/risk_patchcore_capsule_semantic_v3/artefacts/capsule__test__poke__004_mask.png","outputs/risk_patchcore_capsule_semantic_v3/artefacts/capsule__test__poke__004_annotated.png","simple_statistical_reference","0.42","minimum",""
"capsule__test__poke__005","data/mvtec_anomaly_detection/capsule/test/poke/005.png","6274475577cc2ef066fcd79f01048a7229ba212fa3c529e6445f0cc2258063df","2026-06-08T23:11:15.510004+00:00","anomalib_patchcore","0.4760984543477513","0.5","True","0.4760984543477513","0.023901545652248724","0.7458660506270139","0.1152191162109375","2","[{'x': 53, 'y': 87, 'w': 179, 'h': 74, 'area_px': 6033, 'area_ratio': 0.0920562744140625, 'mean_heat': 0.5520955324172974, 'max_heat': 1.0, 'x2': 232, 'y2': 161, 'aspect_ratio': 2.418918918918919}, {'x': 117, 'y': 223, 'w': 55, 'h': 33, 'area_px': 1518, 'area_ratio': 0.023162841796875, 'mean_heat': 0.5485985279083252, 'max_heat': 0.6941176652908325, 'x2': 172, 'y2': 256, 'aspect_ratio': 1.6666666666666667}]","deformation","0.779","rules_constrained_taxonomy","53.0","87.0","179.0","74.0","6033.0","0.0920562744140625","0.5520955324172974","1.0","232.0","161.0","2.418918918918919","0.06696361165634909","81.72369017061754","97.31534048014495","13.08619729312467","9.80517234036786","['features|aspect=2.419|area=0.0921|dark_contrast=9.81|sat_contrast=13.09|edge_density=0.0670|flags=elongated:0_thin:0_dark:0_saturated:0_large:1_edge:1', 'large_irregular_edge_region']","0.4760984543477513","0.7458660506270139","0.779","0.4760984543477513","0.6327541196445923","minimum","0.4760984543477513","S4","O1","D3","High","Quarantine item or lot pending quality engineer review.","True","S4|O1|D3","True","['Fused confidence 0.476 is below operational threshold 0.600.', 'Anomaly score is close to the decision boundary; margin=0.024.']","outputs/risk_patchcore_capsule_semantic_v3/artefacts/capsule__test__poke__005_heatmap_overlay.png","outputs/risk_patchcore_capsule_semantic_v3/artefacts/capsule__test__poke__005_mask.png","outputs/risk_patchcore_capsule_semantic_v3/artefacts/capsule__test__poke__005_annotated.png","simple_statistical_reference","0.42","minimum",""
"capsule__test__poke__006","data/mvtec_anomaly_detection/capsule/test/poke/006.png","30dc259e94f5caeccc4612e43681c4f7f886e4180d132bdf6ac9fbba9bb38c97","2026-06-08T23:11:15.559954+00:00","anomalib_patchcore","0.27507762540319675","0.5","True","0.27507762540319675","0.22492237459680325","0.5968332754775105","0.1779937744140625","4","[{'x': 52, 'y': 102, 'w': 91, 'h': 89, 'area_px': 5410, 'area_ratio': 0.082550048828125, 'mean_heat': 0.6025465130805969, 'max_heat': 1.0, 'x2': 143, 'y2': 191, 'aspect_ratio': 1.0224719101123596}, {'x': 125, 'y': 216, 'w': 79, 'h': 40, 'area_px': 2554, 'area_ratio': 0.038970947265625, 'mean_heat': 0.6448277831077576, 'max_heat': 0.9960784316062927, 'x2': 204, 'y2': 256, 'aspect_ratio': 1.975}, {'x': 181, 'y': 96, 'w': 59, 'h': 80, 'area_px': 2224, 'area_ratio': 0.033935546875, 'mean_heat': 0.47427883744239807, 'max_heat': 0.5490196347236633, 'x2': 240, 'y2': 176, 'aspect_ratio': 1.3559322033898304}, {'x': 166, 'y': 0, 'w': 71, 'h': 36, 'area_px': 1477, 'area_ratio': 0.0225372314453125, 'mean_heat': 0.47791364789009094, 'max_heat': 0.5921568870544434, 'x2': 237, 'y2': 36, 'aspect_ratio': 1.9722222222222223}]","stain","0.8049999999999999","rules_constrained_taxonomy","52.0","102.0","91.0","89.0","5410.0","0.082550048828125","0.6025465130805969","1.0","143.0","191.0","1.0224719101123596","0.02950981602666996","33.64353623904186","84.17594764785775","1.1568197912207125","11.540296232872109","['features|aspect=1.022|area=0.0826|dark_contrast=11.54|sat_contrast=1.16|edge_density=0.0295|flags=elongated:0_thin:0_dark:0_saturated:0_large:1_edge:0', 'large_low_edge_region']","0.27507762540319675","0.5968332754775105","0.8049999999999999","0.27507762540319675","0.5040849140746917","minimum","0.27507762540319675","S3","O2","D3","High","Quarantine item or lot pending quality engineer review.","True","S3|O2|D3","True","['Fused confidence 0.275 is below operational threshold 0.600.']","outputs/risk_patchcore_capsule_semantic_v3/artefacts/capsule__test__poke__006_heatmap_overlay.png","outputs/risk_patchcore_capsule_semantic_v3/artefacts/capsule__test__poke__006_mask.png","outputs/risk_patchcore_capsule_semantic_v3/artefacts/capsule__test__poke__006_annotated.png","simple_statistical_reference","0.42","minimum",""
"capsule__test__poke__007","data/mvtec_anomaly_detection/capsule/test/poke/007.png","7108497f69c6e388ec6b3626179dfa59c671dcb33307406136ee818de23eed94","2026-06-08T23:11:15.610889+00:00","anomalib_patchcore","0.3262204573554981","0.5","True","0.3262204573554981","0.1737795426445019","0.5526364723625765","0.088836669921875","5","[{'x': 132, 'y': 211, 'w': 64, 'h': 45, 'area_px': 2459, 'area_ratio': 0.0375213623046875, 'mean_heat': 0.5806823968887329, 'max_heat': 0.8313725590705872, 'x2': 196, 'y2': 256, 'aspect_ratio': 1.4222222222222223}, {'x': 196, 'y': 100, 'w': 53, 'h': 46, 'area_px': 1887, 'area_ratio': 0.0287933349609375, 'mean_heat': 0.632099986076355, 'max_heat': 1.0, 'x2': 249, 'y2': 146, 'aspect_ratio': 1.1521739130434783}, {'x': 196, 'y': 10, 'w': 32, 'h': 28, 'area_px': 531, 'area_ratio': 0.0081024169921875, 'mean_heat': 0.4446069300174713, 'max_heat': 0.4901960790157318, 'x2': 228, 'y2': 38, 'aspect_ratio': 1.1428571428571428}, {'x': 119, 'y': 154, 'w': 26, 'h': 25, 'area_px': 503, 'area_ratio': 0.0076751708984375, 'mean_heat': 0.46189528703689575, 'max_heat': 0.5098039507865906, 'x2': 145, 'y2': 179, 'aspect_ratio': 1.04}, {'x': 73, 'y': 129, 'w': 20, 'h': 34, 'area_px': 442, 'area_ratio': 0.006744384765625, 'mean_heat': 0.4326501786708832, 'max_heat': 0.4588235318660736, 'x2': 93, 'y2': 163, 'aspect_ratio': 1.7}]","unknown","0.5184803956747055","rules_constrained_taxonomy","132.0","211.0","64.0","45.0","2459.0","0.0375213623046875","0.5806823968887329","0.8313725590705872","196.0","256.0","1.4222222222222223","0.010069444444444445","7.148958333333334","207.96875","0.37651336477987396","0.0","['features|aspect=1.422|area=0.0375|dark_contrast=0.00|sat_contrast=0.38|edge_density=0.0101|flags=elongated:0_thin:0_dark:0_saturated:0_large:0_edge:0', 'no_rule_matched_confidently']","0.3262204573554981","0.5526364723625765","0.5184803956747055","0.3262204573554981","0.4422102464374235","minimum","0.3262204573554981","S3","O3","D3","Critical","Stop release or production path until authorised review is complete.","True","S3|O3|D3","True","['Fused confidence 0.326 is below operational threshold 0.600.', 'Semantic label is unknown or not confidently mapped to the taxonomy.', 'Critical risk class requires operator confirmation before release decision.']","outputs/risk_patchcore_capsule_semantic_v3/artefacts/capsule__test__poke__007_heatmap_overlay.png","outputs/risk_patchcore_capsule_semantic_v3/artefacts/capsule__test__poke__007_mask.png","outputs/risk_patchcore_capsule_semantic_v3/artefacts/capsule__test__poke__007_annotated.png","simple_statistical_reference","0.42","minimum",""
"capsule__test__poke__008","data/mvtec_anomaly_detection/capsule/test/poke/008.png","a4b4bc791f7a92dbc5c4561eb9c3367a833c57583e927d27c347f5b0549bac7f","2026-06-08T23:11:15.664248+00:00","anomalib_patchcore","0.8295640471368281","0.5","True","0.8295640471368281","0.3295640471368281","0.7977285677169634","0.0579071044921875","2","[{'x': 83, 'y': 86, 'w': 95, 'h': 58, 'area_px': 3739, 'area_ratio': 0.0570526123046875, 'mean_heat': 0.6297836303710938, 'max_heat': 1.0, 'x2': 178, 'y2': 144, 'aspect_ratio': 1.6379310344827587}, {'x': 140, 'y': 242, 'w': 9, 'h': 8, 'area_px': 56, 'area_ratio': 0.0008544921875, 'mean_heat': 0.4285714328289032, 'max_heat': 0.43529412150382996, 'x2': 149, 'y2': 250, 'aspect_ratio': 1.125}]","surface_defect","0.753","rules_constrained_taxonomy","83.0","86.0","95.0","58.0","3739.0","0.0570526123046875","0.6297836303710938","1.0","178.0","144.0","1.6379310344827587","0.08257713248638839","66.23121597096188","97.97295825771324","1.3564898935331087","3.6952910726982537","['features|aspect=1.638|area=0.0571|dark_contrast=3.70|sat_contrast=1.36|edge_density=0.0826|flags=elongated:0_thin:0_dark:0_saturated:0_large:0_edge:1', 'high_heat_moderate_area_surface_defect_fallback']","0.8295640471368281","0.7977285677169634","0.753","0.753","0.8008723915266617","minimum","0.753","S3","O2","D2","High","Quarantine item or lot pending quality engineer review.","True","S3|O2|D2","False","[]","outputs/risk_patchcore_capsule_semantic_v3/artefacts/capsule__test__poke__008_heatmap_overlay.png","outputs/risk_patchcore_capsule_semantic_v3/artefacts/capsule__test__poke__008_mask.png","outputs/risk_patchcore_capsule_semantic_v3/artefacts/capsule__test__poke__008_annotated.png","simple_statistical_reference","0.42","minimum",""
"capsule__test__poke__009","data/mvtec_anomaly_detection/capsule/test/poke/009.png","797b1a12f6a2540ec5c66a24dccca383eb889459d526931ff684371524dd6bab","2026-06-08T23:11:15.715005+00:00","anomalib_patchcore","0.3443478911759413","0.5","True","0.3443478911759413","0.15565210882405872","0.6802980696540638","0.0734405517578125","4","[{'x': 11, 'y': 108, 'w': 107, 'h': 52, 'area_px': 3714, 'area_ratio': 0.056671142578125, 'mean_heat': 0.5969896912574768, 'max_heat': 1.0, 'x2': 118, 'y2': 160, 'aspect_ratio': 2.0576923076923075}, {'x': 101, 'y': 227, 'w': 47, 'h': 29, 'area_px': 821, 'area_ratio': 0.0125274658203125, 'mean_heat': 0.46062907576560974, 'max_heat': 0.5137255191802979, 'x2': 148, 'y2': 256, 'aspect_ratio': 1.6206896551724137}, {'x': 167, 'y': 95, 'w': 18, 'h': 17, 'area_px': 222, 'area_ratio': 0.003387451171875, 'mean_heat': 0.44681158661842346, 'max_heat': 0.4745098054409027, 'x2': 185, 'y2': 112, 'aspect_ratio': 1.0588235294117647}, {'x': 194, 'y': 32, 'w': 10, 'h': 7, 'area_px': 56, 'area_ratio': 0.0008544921875, 'mean_heat': 0.42675071954727173, 'max_heat': 0.4313725531101227, 'x2': 204, 'y2': 39, 'aspect_ratio': 1.4285714285714286}]","surface_defect","0.753","rules_constrained_taxonomy","11.0","108.0","107.0","52.0","3714.0","0.056671142578125","0.5969896912574768","1.0","118.0","160.0","2.0576923076923075","0.03289000718907261","28.2548526240115","54.17038102084831","2.8409358377848157","16.77677345069641","['features|aspect=2.058|area=0.0567|dark_contrast=16.78|sat_contrast=2.84|edge_density=0.0329|flags=elongated:0_thin:0_dark:0_saturated:0_large:0_edge:0', 'high_heat_moderate_area_surface_defect_fallback']","0.3443478911759413","0.6802980696540638","0.753","0.3443478911759413","0.5472959719253927","minimum","0.3443478911759413","S3","O2","D3","High","Quarantine item or lot pending quality engineer review.","True","S3|O2|D3","True","['Fused confidence 0.344 is below operational threshold 0.600.']","outputs/risk_patchcore_capsule_semantic_v3/artefacts/capsule__test__poke__009_heatmap_overlay.png","outputs/risk_patchcore_capsule_semantic_v3/artefacts/capsule__test__poke__009_mask.png","outputs/risk_patchcore_capsule_semantic_v3/artefacts/capsule__test__poke__009_annotated.png","simple_statistical_reference","0.42","minimum",""
"capsule__test__poke__010","data/mvtec_anomaly_detection/capsule/test/poke/010.png","a233644e417b9589d1043afa8e3656610cdf2e878b557915c1bbf95285b5a1e1","2026-06-08T23:11:15.766439+00:00","anomalib_patchcore","0.26518724049516995","0.5","True","0.26518724049516995","0.23481275950483005","0.4917122062046998","0.1527252197265625","8","[{'x': 171, 'y': 88, 'w': 68, 'h': 70, 'area_px': 3229, 'area_ratio': 0.0492706298828125, 'mean_heat': 0.6217198371887207, 'max_heat': 1.0, 'x2': 239, 'y2': 158, 'aspect_ratio': 1.0294117647058822}, {'x': 36, 'y': 105, 'w': 80, 'h': 68, 'area_px': 3635, 'area_ratio': 0.0554656982421875, 'mean_heat': 0.5211198329925537, 'max_heat': 0.7058823704719543, 'x2': 116, 'y2': 173, 'aspect_ratio': 1.1764705882352942}, {'x': 199, 'y': 34, 'w': 33, 'h': 39, 'area_px': 962, 'area_ratio': 0.014678955078125, 'mean_heat': 0.47023358941078186, 'max_heat': 0.5333333611488342, 'x2': 232, 'y2': 73, 'aspect_ratio': 1.1818181818181819}, {'x': 223, 'y': 190, 'w': 33, 'h': 39, 'area_px': 944, 'area_ratio': 0.014404296875, 'mean_heat': 0.47033897042274475, 'max_heat': 0.5490196347236633, 'x2': 256, 'y2': 229, 'aspect_ratio': 1.1818181818181819}, {'x': 81, 'y': 34, 'w': 26, 'h': 28, 'area_px': 548, 'area_ratio': 0.00836181640625, 'mean_heat': 0.45306286215782166, 'max_heat': 0.4901960790157318, 'x2': 107, 'y2': 62, 'aspect_ratio': 1.0769230769230769}, {'x': 155, 'y': 227, 'w': 31, 'h': 19, 'area_px': 419, 'area_ratio': 0.0063934326171875, 'mean_heat': 0.43801769614219666, 'max_heat': 0.4588235318660736, 'x2': 186, 'y2': 246, 'aspect_ratio': 1.631578947368421}, {'x': 24, 'y': 229, 'w': 19, 'h': 16, 'area_px': 225, 'area_ratio': 0.0034332275390625, 'mean_heat': 0.43346408009529114, 'max_heat': 0.4470588266849518, 'x2': 43, 'y2': 245, 'aspect_ratio': 1.1875}, {'x': 40, 'y': 12, 'w': 7, 'h': 9, 'area_px': 47, 'area_ratio': 0.0007171630859375, 'mean_heat': 0.4303711950778961, 'max_heat': 0.43921568989753723, 'x2': 47, 'y2': 21, 'aspect_ratio': 1.2857142857142858}]","contamination","0.8650886828219659","rules_constrained_taxonomy","171.0","88.0","68.0","70.0","3229.0","0.0492706298828125","0.6217198371887207","1.0","239.0","158.0","1.0294117647058822","0.06659663865546218","120.65609243697479","137.25105042016807","23.308501074848536","8.364121229887303","['features|aspect=1.029|area=0.0493|dark_contrast=8.36|sat_contrast=23.31|edge_density=0.0666|flags=elongated:0_thin:0_dark:0_saturated:1_large:0_edge:1', 'colour_or_saturation_shift']","0.26518724049516995","0.4917122062046998","0.8650886828219659","0.26518724049516995","0.4831200907897279","minimum","0.26518724049516995","S3","O2","D3","High","Quarantine item or lot pending quality engineer review.","True","S3|O2|D3","True","['Fused confidence 0.265 is below operational threshold 0.600.']","outputs/risk_patchcore_capsule_semantic_v3/artefacts/capsule__test__poke__010_heatmap_overlay.png","outputs/risk_patchcore_capsule_semantic_v3/artefacts/capsule__test__poke__010_mask.png","outputs/risk_patchcore_capsule_semantic_v3/artefacts/capsule__test__poke__010_annotated.png","simple_statistical_reference","0.42","minimum",""
"capsule__test__poke__011","data/mvtec_anomaly_detection/capsule/test/poke/011.png","9387d05db7611210021c2bc1f4d8be5d65a6844bcc6e8c8fa437b345ae703693","2026-06-08T23:11:15.819560+00:00","anomalib_patchcore","0.5715812710168138","0.5","True","0.5715812710168138","0.07158127101681377","0.7728904653914","0.045684814453125","2","[{'x': 149, 'y': 94, 'w': 72, 'h': 60, 'area_px': 2897, 'area_ratio': 0.0442047119140625, 'mean_heat': 0.5763270854949951, 'max_heat': 1.0, 'x2': 221, 'y2': 154, 'aspect_ratio': 1.2}, {'x': 54, 'y': 131, 'w': 10, 'h': 12, 'area_px': 97, 'area_ratio': 0.0014801025390625, 'mean_heat': 0.4330301284790039, 'max_heat': 0.4431372582912445, 'x2': 64, 'y2': 143, 'aspect_ratio': 1.2}]","surface_defect","0.753","rules_constrained_taxonomy","149.0","94.0","72.0","60.0","2897.0","0.0442047119140625","0.5763270854949951","1.0","221.0","154.0","1.2","0.10578703703703704","128.26458333333332","137.25393518518518","11.946700558213706","0.0","['features|aspect=1.200|area=0.0442|dark_contrast=0.00|sat_contrast=11.95|edge_density=0.1058|flags=elongated:0_thin:0_dark:0_saturated:0_large:0_edge:1', 'high_heat_moderate_area_surface_defect_fallback']","0.5715812710168138","0.7728904653914","0.753","0.5715812710168138","0.6773287115749862","minimum","0.5715812710168138","S3","O2","D2","High","Quarantine item or lot pending quality engineer review.","True","S3|O2|D2","True","['Fused confidence 0.572 is below operational threshold 0.600.']","outputs/risk_patchcore_capsule_semantic_v3/artefacts/capsule__test__poke__011_heatmap_overlay.png","outputs/risk_patchcore_capsule_semantic_v3/artefacts/capsule__test__poke__011_mask.png","outputs/risk_patchcore_capsule_semantic_v3/artefacts/capsule__test__poke__011_annotated.png","simple_statistical_reference","0.42","minimum",""
"capsule__test__poke__012","data/mvtec_anomaly_detection/capsule/test/poke/012.png","e39b8b40ca516ceb5ce03ed8b77fda4634ed5c98b29f3939769dd50edb3f66d3","2026-06-08T23:11:15.868757+00:00","anomalib_patchcore","0.46276699248411896","0.5","True","0.46276699248411896","0.037233007515881045","0.7189579714703251","0.0795745849609375","2","[{'x': 164, 'y': 93, 'w': 79, 'h': 63, 'area_px': 3584, 'area_ratio': 0.0546875, 'mean_heat': 0.6455565094947815, 'max_heat': 1.0, 'x2': 243, 'y2': 156, 'aspect_ratio': 1.253968253968254}, {'x': 57, 'y': 97, 'w': 65, 'h': 41, 'area_px': 1631, 'area_ratio': 0.0248870849609375, 'mean_heat': 0.46606799960136414, 'max_heat': 0.545098066329956, 'x2': 122, 'y2': 138, 'aspect_ratio': 1.5853658536585367}]","contamination","0.8624129125820881","rules_constrained_taxonomy","164.0","93.0","79.0","63.0","3584.0","0.0546875","0.6455565094947815","1.0","243.0","156.0","1.253968253968254","0.07996785211975085","120.47478400642957","131.45750452079565","21.47891458604316","8.117312268011801","['features|aspect=1.254|area=0.0547|dark_contrast=8.12|sat_contrast=21.48|edge_density=0.0800|flags=elongated:0_thin:0_dark:0_saturated:1_large:0_edge:1', 'colour_or_saturation_shift']","0.46276699248411896","0.7189579714703251","0.8624129125820881","0.46276699248411896","0.639535766204473","minimum","0.46276699248411896","S3","O2","D3","High","Quarantine item or lot pending quality engineer review.","True","S3|O2|D3","True","['Fused confidence 0.463 is below operational threshold 0.600.', 'Anomaly score is close to the decision boundary; margin=0.037.']","outputs/risk_patchcore_capsule_semantic_v3/artefacts/capsule__test__poke__012_heatmap_overlay.png","outputs/risk_patchcore_capsule_semantic_v3/artefacts/capsule__test__poke__012_mask.png","outputs/risk_patchcore_capsule_semantic_v3/artefacts/capsule__test__poke__012_annotated.png","simple_statistical_reference","0.42","minimum",""
"capsule__test__poke__013","data/mvtec_anomaly_detection/capsule/test/poke/013.png","fe07e95a22d0c76f11d9d8b9ddf1b6fd57ae4d81673d74bd6cac16f6de86900b","2026-06-08T23:11:15.918709+00:00","anomalib_patchcore","1.0","0.5","True","1.0","0.5","0.8652679592370986","0.0373382568359375","1","[{'x': 57, 'y': 98, 'w': 61, 'h': 53, 'area_px': 2447, 'area_ratio': 0.0373382568359375, 'mean_heat': 0.6487367749214172, 'max_heat': 1.0, 'x2': 118, 'y2': 151, 'aspect_ratio': 1.150943396226415}]","surface_defect","0.753","rules_constrained_taxonomy","57.0","98.0","61.0","53.0","2447.0","0.0373382568359375","0.6487367749214172","1.0","118.0","151.0","1.150943396226415","0.026909990720692854","35.05938756572843","38.30992885864522","2.1433326061952087","3.260370407306219","['features|aspect=1.151|area=0.0373|dark_contrast=3.26|sat_contrast=2.14|edge_density=0.0269|flags=elongated:0_thin:0_dark:0_saturated:0_large:0_edge:0', 'high_heat_moderate_area_surface_defect_fallback']","1.0","0.8652679592370986","0.753","0.753","0.8978303877711296","minimum","0.753","S3","O2","D2","High","Quarantine item or lot pending quality engineer review.","True","S3|O2|D2","False","[]","outputs/risk_patchcore_capsule_semantic_v3/artefacts/capsule__test__poke__013_heatmap_overlay.png","outputs/risk_patchcore_capsule_semantic_v3/artefacts/capsule__test__poke__013_mask.png","outputs/risk_patchcore_capsule_semantic_v3/artefacts/capsule__test__poke__013_annotated.png","simple_statistical_reference","0.42","minimum",""
"capsule__test__poke__014","data/mvtec_anomaly_detection/capsule/test/poke/014.png","437fd4ab34aa452b9740d7f709c81b01e3afbb4df5d3906e15cfebdca1a58897","2026-06-08T23:11:15.968013+00:00","anomalib_patchcore","0.5728488221578785","0.5","True","0.5728488221578785","0.07284882215787847","0.6973545667734669","0.0577545166015625","2","[{'x': 129, 'y': 84, 'w': 76, 'h': 47, 'area_px': 2648, 'area_ratio': 0.0404052734375, 'mean_heat': 0.618430495262146, 'max_heat': 1.0, 'x2': 205, 'y2': 131, 'aspect_ratio': 1.6170212765957446}, {'x': 68, 'y': 101, 'w': 43, 'h': 46, 'area_px': 1137, 'area_ratio': 0.0173492431640625, 'mean_heat': 0.43857070803642273, 'max_heat': 0.4627451002597809, 'x2': 111, 'y2': 147, 'aspect_ratio': 1.069767441860465}]","surface_defect","0.753","rules_constrained_taxonomy","129.0","84.0","76.0","47.0","2648.0","0.0404052734375","0.618430495262146","1.0","205.0","131.0","1.6170212765957446","0.11198208286674133","100.4028555431131","148.7855543113102","13.853166102119317","0.0","['features|aspect=1.617|area=0.0404|dark_contrast=0.00|sat_contrast=13.85|edge_density=0.1120|flags=elongated:0_thin:0_dark:0_saturated:0_large:0_edge:1', 'high_heat_moderate_area_surface_defect_fallback']","0.5728488221578785","0.6973545667734669","0.753","0.5728488221578785","0.6552383400030853","minimum","0.5728488221578785","S3","O2","D2","High","Quarantine item or lot pending quality engineer review.","True","S3|O2|D2","True","['Fused confidence 0.573 is below operational threshold 0.600.']","outputs/risk_patchcore_capsule_semantic_v3/artefacts/capsule__test__poke__014_heatmap_overlay.png","outputs/risk_patchcore_capsule_semantic_v3/artefacts/capsule__test__poke__014_mask.png","outputs/risk_patchcore_capsule_semantic_v3/artefacts/capsule__test__poke__014_annotated.png","simple_statistical_reference","0.42","minimum",""
"capsule__test__poke__015","data/mvtec_anomaly_detection/capsule/test/poke/015.png","39f343cff6f44a9c15dee56ed6695f4eb811273eb6f35115189b1b14dda8be9c","2026-06-08T23:11:16.019939+00:00","anomalib_patchcore","0.4059538784716703","0.5","True","0.4059538784716703","0.0940461215283297","0.7057368515620293","0.1253204345703125","5","[{'x': 57, 'y': 88, 'w': 164, 'h': 63, 'area_px': 7570, 'area_ratio': 0.115509033203125, 'mean_heat': 0.5733467936515808, 'max_heat': 1.0, 'x2': 221, 'y2': 151, 'aspect_ratio': 2.6031746031746033}, {'x': 175, 'y': 223, 'w': 23, 'h': 13, 'area_px': 233, 'area_ratio': 0.0035552978515625, 'mean_heat': 0.4322645962238312, 'max_heat': 0.4470588266849518, 'x2': 198, 'y2': 236, 'aspect_ratio': 1.7692307692307692}, {'x': 228, 'y': 52, 'w': 18, 'h': 17, 'area_px': 216, 'area_ratio': 0.0032958984375, 'mean_heat': 0.4449527859687805, 'max_heat': 0.4745098054409027, 'x2': 246, 'y2': 69, 'aspect_ratio': 1.0588235294117647}, {'x': 41, 'y': 162, 'w': 11, 'h': 13, 'area_px': 120, 'area_ratio': 0.0018310546875, 'mean_heat': 0.43339869379997253, 'max_heat': 0.4470588266849518, 'x2': 52, 'y2': 175, 'aspect_ratio': 1.1818181818181819}, {'x': 230, 'y': 20, 'w': 9, 'h': 11, 'area_px': 74, 'area_ratio': 0.001129150390625, 'mean_heat': 0.427185982465744, 'max_heat': 0.43529412150382996, 'x2': 239, 'y2': 31, 'aspect_ratio': 1.2222222222222223}]","deformation","0.779","rules_constrained_taxonomy","57.0","88.0","164.0","63.0","7570.0","0.115509033203125","0.5733467936515808","1.0","221.0","151.0","2.6031746031746033","0.07123499806426636","78.76984126984127","103.80933023615951","6.040024110910181","3.160852604909408","['features|aspect=2.603|area=0.1155|dark_contrast=3.16|sat_contrast=6.04|edge_density=0.0712|flags=elongated:0_thin:0_dark:0_saturated:0_large:1_edge:1', 'large_irregular_edge_region']","0.4059538784716703","0.7057368515620293","0.779","0.4059538784716703","0.5891503007808604","minimum","0.4059538784716703","S4","O1","D3","High","Quarantine item or lot pending quality engineer review.","True","S4|O1|D3","True","['Fused confidence 0.406 is below operational threshold 0.600.']","outputs/risk_patchcore_capsule_semantic_v3/artefacts/capsule__test__poke__015_heatmap_overlay.png","outputs/risk_patchcore_capsule_semantic_v3/artefacts/capsule__test__poke__015_mask.png","outputs/risk_patchcore_capsule_semantic_v3/artefacts/capsule__test__poke__015_annotated.png","simple_statistical_reference","0.42","minimum",""
"capsule__test__poke__016","data/mvtec_anomaly_detection/capsule/test/poke/016.png","612810f76fdcf9b6b26e86e4978de50949fd18bb787f41084120a337e6db69c5","2026-06-08T23:11:16.080226+00:00","anomalib_patchcore","0.4998318727525841","0.5","True","0.4998318727525841","0.00016812724741588347","0.7469651224863553","0.0807342529296875","2","[{'x': 15, 'y': 100, 'w': 98, 'h': 56, 'area_px': 4116, 'area_ratio': 0.06280517578125, 'mean_heat': 0.6194125413894653, 'max_heat': 1.0, 'x2': 113, 'y2': 156, 'aspect_ratio': 1.75}, {'x': 165, 'y': 151, 'w': 41, 'h': 38, 'area_px': 1175, 'area_ratio': 0.0179290771484375, 'mean_heat': 0.5188986659049988, 'max_heat': 0.6666666865348816, 'x2': 206, 'y2': 189, 'aspect_ratio': 1.0789473684210527}]","surface_defect","0.753","rules_constrained_taxonomy","15.0","100.0","98.0","56.0","4116.0","0.06280517578125","0.6194125413894653","1.0","113.0","156.0","1.75","0.03990524781341108","28.674562682215743","53.222485422740526","3.631555859603658","15.412504830670777","['features|aspect=1.750|area=0.0628|dark_contrast=15.41|sat_contrast=3.63|edge_density=0.0399|flags=elongated:0_thin:0_dark:0_saturated:0_large:0_edge:0', 'high_heat_moderate_area_surface_defect_fallback']","0.4998318727525841","0.7469651224863553","0.753","0.4998318727525841","0.6372638794845694","minimum","0.4998318727525841","S3","O2","D3","High","Quarantine item or lot pending quality engineer review.","True","S3|O2|D3","True","['Fused confidence 0.500 is below operational threshold 0.600.', 'Anomaly score is close to the decision boundary; margin=0.000.']","outputs/risk_patchcore_capsule_semantic_v3/artefacts/capsule__test__poke__016_heatmap_overlay.png","outputs/risk_patchcore_capsule_semantic_v3/artefacts/capsule__test__poke__016_mask.png","outputs/risk_patchcore_capsule_semantic_v3/artefacts/capsule__test__poke__016_annotated.png","simple_statistical_reference","0.42","minimum",""
"capsule__test__poke__017","data/mvtec_anomaly_detection/capsule/test/poke/017.png","6aa71a125ac0f802b6d8c6900ffdb66223edbba0cd1ac02cb340d7f1f64b9119","2026-06-08T23:11:16.129936+00:00","anomalib_patchcore","0.3911156866038388","0.5","True","0.3911156866038388","0.10888431339616123","0.7071972867908907","0.0834197998046875","2","[{'x': 182, 'y': 88, 'w': 64, 'h': 102, 'area_px': 3922, 'area_ratio': 0.059844970703125, 'mean_heat': 0.5810220837593079, 'max_heat': 1.0, 'x2': 246, 'y2': 190, 'aspect_ratio': 1.59375}, {'x': 53, 'y': 120, 'w': 67, 'h': 38, 'area_px': 1545, 'area_ratio': 0.0235748291015625, 'mean_heat': 0.4747001826763153, 'max_heat': 0.5529412031173706, 'x2': 120, 'y2': 158, 'aspect_ratio': 1.763157894736842}]","surface_defect","0.753","rules_constrained_taxonomy","182.0","88.0","64.0","102.0","3922.0","0.059844970703125","0.5810220837593079","1.0","246.0","190.0","1.59375","0.04840686274509804","79.86734068627452","151.7734375","13.571472042206722","9.684613347457628","['features|aspect=1.594|area=0.0598|dark_contrast=9.68|sat_contrast=13.57|edge_density=0.0484|flags=elongated:0_thin:0_dark:0_saturated:0_large:0_edge:0', 'high_heat_moderate_area_surface_defect_fallback']","0.3911156866038388","0.7071972867908907","0.753","0.3911156866038388","0.5764112450089947","minimum","0.3911156866038388","S3","O2","D3","High","Quarantine item or lot pending quality engineer review.","True","S3|O2|D3","True","['Fused confidence 0.391 is below operational threshold 0.600.']","outputs/risk_patchcore_capsule_semantic_v3/artefacts/capsule__test__poke__017_heatmap_overlay.png","outputs/risk_patchcore_capsule_semantic_v3/artefacts/capsule__test__poke__017_mask.png","outputs/risk_patchcore_capsule_semantic_v3/artefacts/capsule__test__poke__017_annotated.png","simple_statistical_reference","0.42","minimum",""
"capsule__test__poke__018","data/mvtec_anomaly_detection/capsule/test/poke/018.png","3a8b1bb45cf4bef0f0df199d4c3483d7f51dd0b1ad9bc28d6aa9824f4405619d","2026-06-08T23:11:16.179898+00:00","anomalib_patchcore","0.394674997321342","0.5","True","0.394674997321342","0.10532500267865802","0.6496075287665207","0.1284027099609375","3","[{'x': 166, 'y': 96, 'w': 64, 'h': 142, 'area_px': 5304, 'area_ratio': 0.0809326171875, 'mean_heat': 0.5484192371368408, 'max_heat': 1.0, 'x2': 230, 'y2': 238, 'aspect_ratio': 2.21875}, {'x': 47, 'y': 114, 'w': 66, 'h': 47, 'area_px': 2293, 'area_ratio': 0.0349884033203125, 'mean_heat': 0.5029356479644775, 'max_heat': 0.6392157077789307, 'x2': 113, 'y2': 161, 'aspect_ratio': 1.4042553191489362}, {'x': 190, 'y': 0, 'w': 39, 'h': 33, 'area_px': 818, 'area_ratio': 0.012481689453125, 'mean_heat': 0.4667194187641144, 'max_heat': 0.5372549295425415, 'x2': 229, 'y2': 33, 'aspect_ratio': 1.1818181818181819}]","stain","0.8049999999999999","rules_constrained_taxonomy","166.0","96.0","64.0","142.0","5304.0","0.0809326171875","0.5484192371368408","1.0","230.0","238.0","2.21875","0.03664172535211268","66.30721830985915","163.69817341549296","6.565446157960416","2.3065734199500696","['features|aspect=2.219|area=0.0809|dark_contrast=2.31|sat_contrast=6.57|edge_density=0.0366|flags=elongated:0_thin:0_dark:0_saturated:0_large:1_edge:0', 'large_low_edge_region']","0.394674997321342","0.6496075287665207","0.8049999999999999","0.394674997321342","0.5737360074245601","minimum","0.394674997321342","S3","O2","D3","High","Quarantine item or lot pending quality engineer review.","True","S3|O2|D3","True","['Fused confidence 0.395 is below operational threshold 0.600.']","outputs/risk_patchcore_capsule_semantic_v3/artefacts/capsule__test__poke__018_heatmap_overlay.png","outputs/risk_patchcore_capsule_semantic_v3/artefacts/capsule__test__poke__018_mask.png","outputs/risk_patchcore_capsule_semantic_v3/artefacts/capsule__test__poke__018_annotated.png","simple_statistical_reference","0.42","minimum",""
"capsule__test__poke__019","data/mvtec_anomaly_detection/capsule/test/poke/019.png","41906b8812ea9016906882a5a9bb0b9aa6629670e792de6a2112b8672cdb4d55","2026-06-08T23:11:16.232749+00:00","anomalib_patchcore","0.4115901719565301","0.5","True","0.4115901719565301","0.08840982804346992","0.7310815808290612","0.1233673095703125","3","[{'x': 44, 'y': 99, 'w': 189, 'h': 65, 'area_px': 7182, 'area_ratio': 0.109588623046875, 'mean_heat': 0.5422576069831848, 'max_heat': 1.0, 'x2': 233, 'y2': 164, 'aspect_ratio': 2.9076923076923076}, {'x': 17, 'y': 0, 'w': 41, 'h': 29, 'area_px': 834, 'area_ratio': 0.012725830078125, 'mean_heat': 0.4874030351638794, 'max_heat': 0.5803921818733215, 'x2': 58, 'y2': 29, 'aspect_ratio': 1.4137931034482758}, {'x': 74, 'y': 82, 'w': 10, 'h': 9, 'area_px': 69, 'area_ratio': 0.0010528564453125, 'mean_heat': 0.4295538067817688, 'max_heat': 0.43921568989753723, 'x2': 84, 'y2': 91, 'aspect_ratio': 1.1111111111111112}]","deformation","0.779","rules_constrained_taxonomy","44.0","99.0","189.0","65.0","7182.0","0.109588623046875","0.5422576069831848","1.0","233.0","164.0","2.9076923076923076","0.061212861212861215","78.11542531542531","88.56206756206757","10.93162525520249","8.00962771044071","['features|aspect=2.908|area=0.1096|dark_contrast=8.01|sat_contrast=10.93|edge_density=0.0612|flags=elongated:0_thin:0_dark:0_saturated:0_large:1_edge:1', 'large_irregular_edge_region']","0.4115901719565301","0.7310815808290612","0.779","0.4115901719565301","0.5992900516291568","minimum","0.4115901719565301","S4","O1","D3","High","Quarantine item or lot pending quality engineer review.","True","S4|O1|D3","True","['Fused confidence 0.412 is below operational threshold 0.600.']","outputs/risk_patchcore_capsule_semantic_v3/artefacts/capsule__test__poke__019_heatmap_overlay.png","outputs/risk_patchcore_capsule_semantic_v3/artefacts/capsule__test__poke__019_mask.png","outputs/risk_patchcore_capsule_semantic_v3/artefacts/capsule__test__poke__019_annotated.png","simple_statistical_reference","0.42","minimum",""
"capsule__test__poke__020","data/mvtec_anomaly_detection/capsule/test/poke/020.png","01e3fe444e2924034b2cca2cd36cbb8961cfc7b2c1810b749bb2d147649b382b","2026-06-08T23:11:16.283569+00:00","anomalib_patchcore","0.43006456037883994","0.5","True","0.43006456037883994","0.06993543962116006","0.6591750705593935","0.1204071044921875","2","[{'x': 125, 'y': 87, 'w': 109, 'h': 66, 'area_px': 4480, 'area_ratio': 0.068359375, 'mean_heat': 0.5682256817817688, 'max_heat': 1.0, 'x2': 234, 'y2': 153, 'aspect_ratio': 1.6515151515151516}, {'x': 44, 'y': 77, 'w': 68, 'h': 75, 'area_px': 3411, 'area_ratio': 0.0520477294921875, 'mean_heat': 0.5068687796592712, 'max_heat': 0.615686297416687, 'x2': 112, 'y2': 152, 'aspect_ratio': 1.1029411764705883}]","surface_defect","0.753","rules_constrained_taxonomy","125.0","87.0","109.0","66.0","4480.0","0.068359375","0.5682256817817688","1.0","234.0","153.0","1.6515151515151516","0.07770364192382541","110.43077564637197","130.96163469557965","18.22794637807928","0.0","['features|aspect=1.652|area=0.0684|dark_contrast=0.00|sat_contrast=18.23|edge_density=0.0777|flags=elongated:0_thin:0_dark:0_saturated:0_large:0_edge:1', 'high_heat_moderate_area_surface_defect_fallback']","0.43006456037883994","0.6591750705593935","0.753","0.43006456037883994","0.5795315733382961","minimum","0.43006456037883994","S3","O2","D3","High","Quarantine item or lot pending quality engineer review.","True","S3|O2|D3","True","['Fused confidence 0.430 is below operational threshold 0.600.', 'Anomaly score is close to the decision boundary; margin=0.070.']","outputs/risk_patchcore_capsule_semantic_v3/artefacts/capsule__test__poke__020_heatmap_overlay.png","outputs/risk_patchcore_capsule_semantic_v3/artefacts/capsule__test__poke__020_mask.png","outputs/risk_patchcore_capsule_semantic_v3/artefacts/capsule__test__poke__020_annotated.png","simple_statistical_reference","0.42","minimum",""
"capsule__test__scratch__000","data/mvtec_anomaly_detection/capsule/test/scratch/000.png","f2affe78c2d06202819520c1d74a13cd4ff2467d5c6eaa52f073c2b0644f449f","2026-06-08T23:11:16.336053+00:00","anomalib_patchcore","0.3412069982186016","0.5","True","0.3412069982186016","0.15879300178139838","0.6826408871590808","0.2141265869140625","4","[{'x': 16, 'y': 94, 'w': 208, 'h': 108, 'area_px': 10458, 'area_ratio': 0.159576416015625, 'mean_heat': 0.5818673968315125, 'max_heat': 1.0, 'x2': 224, 'y2': 202, 'aspect_ratio': 1.9259259259259258}, {'x': 106, 'y': 14, 'w': 54, 'h': 46, 'area_px': 1864, 'area_ratio': 0.0284423828125, 'mean_heat': 0.5204430818557739, 'max_heat': 0.7019608020782471, 'x2': 160, 'y2': 60, 'aspect_ratio': 1.173913043478261}, {'x': 193, 'y': 209, 'w': 38, 'h': 32, 'area_px': 948, 'area_ratio': 0.01446533203125, 'mean_heat': 0.4945230484008789, 'max_heat': 0.5803921818733215, 'x2': 231, 'y2': 241, 'aspect_ratio': 1.1875}, {'x': 19, 'y': 23, 'w': 33, 'h': 31, 'area_px': 763, 'area_ratio': 0.0116424560546875, 'mean_heat': 0.4898054897785187, 'max_heat': 0.572549045085907, 'x2': 52, 'y2': 54, 'aspect_ratio': 1.064516129032258}]","stain","0.8049999999999999","rules_constrained_taxonomy","16.0","94.0","208.0","108.0","10458.0","0.159576416015625","0.5818673968315125","1.0","224.0","202.0","1.9259259259259258","0.046474358974358976","51.9153311965812","120.5621883903134","5.161046922387648","9.595753717981523","['features|aspect=1.926|area=0.1596|dark_contrast=9.60|sat_contrast=5.16|edge_density=0.0465|flags=elongated:0_thin:0_dark:0_saturated:0_large:1_edge:0', 'large_low_edge_region']","0.3412069982186016","0.6826408871590808","0.8049999999999999","0.3412069982186016","0.5595854153460948","minimum","0.3412069982186016","S4","O2","D3","Critical","Stop release or production path until authorised review is complete.","True","S4|O2|D3","True","['Fused confidence 0.341 is below operational threshold 0.600.', 'Critical risk class requires operator confirmation before release decision.']","outputs/risk_patchcore_capsule_semantic_v3/artefacts/capsule__test__scratch__000_heatmap_overlay.png","outputs/risk_patchcore_capsule_semantic_v3/artefacts/capsule__test__scratch__000_mask.png","outputs/risk_patchcore_capsule_semantic_v3/artefacts/capsule__test__scratch__000_annotated.png","simple_statistical_reference","0.42","minimum",""
"capsule__test__scratch__001","data/mvtec_anomaly_detection/capsule/test/scratch/001.png","873e3d60c26ebf78d3da28ebeaf98cdeb9e9cd54e9e417123cd42ada9dfda00a","2026-06-08T23:11:16.386100+00:00","anomalib_patchcore","0.2509369250962005","0.5","True","0.2509369250962005","0.24906307490379948","0.5910299495888571","0.191986083984375","7","[{'x': 16, 'y': 79, 'w': 133, 'h': 168, 'area_px': 7601, 'area_ratio': 0.1159820556640625, 'mean_heat': 0.5505117177963257, 'max_heat': 0.9372549057006836, 'x2': 149, 'y2': 247, 'aspect_ratio': 1.263157894736842}, {'x': 140, 'y': 127, 'w': 81, 'h': 45, 'area_px': 2898, 'area_ratio': 0.044219970703125, 'mean_heat': 0.6693419218063354, 'max_heat': 1.0, 'x2': 221, 'y2': 172, 'aspect_ratio': 1.8}, {'x': 13, 'y': 220, 'w': 30, 'h': 30, 'area_px': 650, 'area_ratio': 0.009918212890625, 'mean_heat': 0.4740995764732361, 'max_heat': 0.5333333611488342, 'x2': 43, 'y2': 250, 'aspect_ratio': 1.0}, {'x': 220, 'y': 213, 'w': 27, 'h': 27, 'area_px': 562, 'area_ratio': 0.008575439453125, 'mean_heat': 0.46785295009613037, 'max_heat': 0.5137255191802979, 'x2': 247, 'y2': 240, 'aspect_ratio': 1.0}, {'x': 218, 'y': 12, 'w': 25, 'h': 25, 'area_px': 428, 'area_ratio': 0.00653076171875, 'mean_heat': 0.43647608160972595, 'max_heat': 0.4627451002597809, 'x2': 243, 'y2': 37, 'aspect_ratio': 1.0}, {'x': 225, 'y': 69, 'w': 25, 'h': 30, 'area_px': 393, 'area_ratio': 0.0059967041015625, 'mean_heat': 0.44797685742378235, 'max_heat': 0.5137255191802979, 'x2': 250, 'y2': 99, 'aspect_ratio': 1.2}, {'x': 40, 'y': 210, 'w': 8, 'h': 8, 'area_px': 50, 'area_ratio': 0.000762939453125, 'mean_heat': 0.427450954914093, 'max_heat': 0.4313725531101227, 'x2': 48, 'y2': 218, 'aspect_ratio': 1.0}]","stain","0.7830392169952392","rules_constrained_taxonomy","16.0","79.0","133.0","168.0","7601.0","0.1159820556640625","0.5505117177963257","0.9372549057006836","149.0","247.0","1.263157894736842","0.020542427497314716","22.405522735409953","133.8093000358038","0.49638208761304625","11.590357098716197","['features|aspect=1.263|area=0.1160|dark_contrast=11.59|sat_contrast=0.50|edge_density=0.0205|flags=elongated:0_thin:0_dark:0_saturated:0_large:1_edge:0', 'large_low_edge_region']","0.2509369250962005","0.5910299495888571","0.7830392169952392","0.2509369250962005","0.48599040541875715","minimum","0.2509369250962005","S4","O2","D3","Critical","Stop release or production path until authorised review is complete.","True","S4|O2|D3","True","['Fused confidence 0.251 is below operational threshold 0.600.', 'Critical risk class requires operator confirmation before release decision.']","outputs/risk_patchcore_capsule_semantic_v3/artefacts/capsule__test__scratch__001_heatmap_overlay.png","outputs/risk_patchcore_capsule_semantic_v3/artefacts/capsule__test__scratch__001_mask.png","outputs/risk_patchcore_capsule_semantic_v3/artefacts/capsule__test__scratch__001_annotated.png","simple_statistical_reference","0.42","minimum",""
"capsule__test__scratch__002","data/mvtec_anomaly_detection/capsule/test/scratch/002.png","42b5cf1f33d376c206cf18f87417a8935387fb88f7a9aecc7f24234a0de1230f","2026-06-08T23:11:16.435754+00:00","anomalib_patchcore","0.3135322607500852","0.5","True","0.3135322607500852","0.18646773924991478","0.5534972836036226","0.13848876953125","4","[{'x': 139, 'y': 104, 'w': 79, 'h': 52, 'area_px': 2856, 'area_ratio': 0.0435791015625, 'mean_heat': 0.6267205476760864, 'max_heat': 1.0, 'x2': 218, 'y2': 156, 'aspect_ratio': 1.5192307692307692}, {'x': 154, 'y': 178, 'w': 102, 'h': 64, 'area_px': 3255, 'area_ratio': 0.0496673583984375, 'mean_heat': 0.5271359086036682, 'max_heat': 0.7529411911964417, 'x2': 256, 'y2': 242, 'aspect_ratio': 1.59375}, {'x': 41, 'y': 105, 'w': 75, 'h': 48, 'area_px': 2535, 'area_ratio': 0.0386810302734375, 'mean_heat': 0.5394578576087952, 'max_heat': 0.7843137383460999, 'x2': 116, 'y2': 153, 'aspect_ratio': 1.5625}, {'x': 215, 'y': 37, 'w': 19, 'h': 27, 'area_px': 430, 'area_ratio': 0.006561279296875, 'mean_heat': 0.4481532573699951, 'max_heat': 0.47843137383461, 'x2': 234, 'y2': 64, 'aspect_ratio': 1.4210526315789473}]","surface_defect","0.753","rules_constrained_taxonomy","139.0","104.0","79.0","52.0","2856.0","0.0435791015625","0.6267205476760864","1.0","218.0","156.0","1.5192307692307692","0.08398247322297955","127.1981499513145","149.8904576436222","5.860998248528134","0.0","['features|aspect=1.519|area=0.0436|dark_contrast=0.00|sat_contrast=5.86|edge_density=0.0840|flags=elongated:0_thin:0_dark:0_saturated:0_large:0_edge:1', 'high_heat_moderate_area_surface_defect_fallback']","0.3135322607500852","0.5534972836036226","0.753","0.3135322607500852","0.4953887024186251","minimum","0.3135322607500852","S3","O2","D3","High","Quarantine item or lot pending quality engineer review.","True","S3|O2|D3","True","['Fused confidence 0.314 is below operational threshold 0.600.']","outputs/risk_patchcore_capsule_semantic_v3/artefacts/capsule__test__scratch__002_heatmap_overlay.png","outputs/risk_patchcore_capsule_semantic_v3/artefacts/capsule__test__scratch__002_mask.png","outputs/risk_patchcore_capsule_semantic_v3/artefacts/capsule__test__scratch__002_annotated.png","simple_statistical_reference","0.42","minimum",""
"capsule__test__scratch__003","data/mvtec_anomaly_detection/capsule/test/scratch/003.png","40aa88ba337cb327f148ee7e067e606e2fccecfe881bb81a0d1b74bf6abeb0c5","2026-06-08T23:11:16.484769+00:00","anomalib_patchcore","0.34279022672558473","0.5","True","0.34279022672558473","0.15720977327441527","0.6533615845491001","0.1772003173828125","5","[{'x': 34, 'y': 96, 'w': 185, 'h': 64, 'area_px': 8276, 'area_ratio': 0.12628173828125, 'mean_heat': 0.5717453956604004, 'max_heat': 0.8901960849761963, 'x2': 219, 'y2': 160, 'aspect_ratio': 2.890625}, {'x': 209, 'y': 183, 'w': 47, 'h': 58, 'area_px': 2275, 'area_ratio': 0.0347137451171875, 'mean_heat': 0.6206748485565186, 'max_heat': 1.0, 'x2': 256, 'y2': 241, 'aspect_ratio': 1.2340425531914894}, {'x': 144, 'y': 222, 'w': 40, 'h': 27, 'area_px': 814, 'area_ratio': 0.012420654296875, 'mean_heat': 0.47289589047431946, 'max_heat': 0.5490196347236633, 'x2': 184, 'y2': 249, 'aspect_ratio': 1.4814814814814814}, {'x': 17, 'y': 225, 'w': 15, 'h': 17, 'area_px': 193, 'area_ratio': 0.0029449462890625, 'mean_heat': 0.44602254033088684, 'max_heat': 0.4745098054409027, 'x2': 32, 'y2': 242, 'aspect_ratio': 1.1333333333333333}, {'x': 217, 'y': 57, 'w': 11, 'h': 7, 'area_px': 55, 'area_ratio': 0.0008392333984375, 'mean_heat': 0.4308733642101288, 'max_heat': 0.43921568989753723, 'x2': 228, 'y2': 64, 'aspect_ratio': 1.5714285714285714}]","deformation","0.7405686297416687","rules_constrained_taxonomy","34.0","96.0","185.0","64.0","8276.0","0.12628173828125","0.5717453956604004","0.8901960849761963","219.0","160.0","2.890625","0.06402027027027027","81.33606418918919","90.59856418918919","10.485006975258841","7.530540288422756","['features|aspect=2.891|area=0.1263|dark_contrast=7.53|sat_contrast=10.49|edge_density=0.0640|flags=elongated:0_thin:0_dark:0_saturated:0_large:1_edge:1', 'large_irregular_edge_region']","0.34279022672558473","0.6533615845491001","0.7405686297416687","0.34279022672558473","0.5354062348266604","minimum","0.34279022672558473","S4","O1","D3","High","Quarantine item or lot pending quality engineer review.","True","S4|O1|D3","True","['Fused confidence 0.343 is below operational threshold 0.600.']","outputs/risk_patchcore_capsule_semantic_v3/artefacts/capsule__test__scratch__003_heatmap_overlay.png","outputs/risk_patchcore_capsule_semantic_v3/artefacts/capsule__test__scratch__003_mask.png","outputs/risk_patchcore_capsule_semantic_v3/artefacts/capsule__test__scratch__003_annotated.png","simple_statistical_reference","0.42","minimum",""
"capsule__test__scratch__004","data/mvtec_anomaly_detection/capsule/test/scratch/004.png","10811cc8d0fd21bba9a49bfd2fb3a039ab728e6ab5842bc9c7ae1583060de80b","2026-06-08T23:11:16.538123+00:00","anomalib_patchcore","0.4388811580750052","0.5","True","0.4388811580750052","0.06111884192499478","0.6457399507219185","0.110321044921875","4","[{'x': 143, 'y': 47, 'w': 97, 'h': 102, 'area_px': 4695, 'area_ratio': 0.0716400146484375, 'mean_heat': 0.5886688828468323, 'max_heat': 1.0, 'x2': 240, 'y2': 149, 'aspect_ratio': 1.0515463917525774}, {'x': 212, 'y': 189, 'w': 44, 'h': 46, 'area_px': 1541, 'area_ratio': 0.0235137939453125, 'mean_heat': 0.5844511985778809, 'max_heat': 0.8392156958580017, 'x2': 256, 'y2': 235, 'aspect_ratio': 1.0454545454545454}, {'x': 70, 'y': 122, 'w': 48, 'h': 24, 'area_px': 764, 'area_ratio': 0.01165771484375, 'mean_heat': 0.45000001788139343, 'max_heat': 0.48627451062202454, 'x2': 118, 'y2': 146, 'aspect_ratio': 2.0}, {'x': 154, 'y': 233, 'w': 28, 'h': 12, 'area_px': 230, 'area_ratio': 0.003509521484375, 'mean_heat': 0.4337596297264099, 'max_heat': 0.4431372582912445, 'x2': 182, 'y2': 245, 'aspect_ratio': 2.3333333333333335}]","surface_defect","0.753","rules_constrained_taxonomy","143.0","47.0","97.0","102.0","4695.0","0.0716400146484375","0.5886688828468323","1.0","240.0","149.0","1.0515463917525774","0.04790782292298363","74.61784920153629","178.2581362441884","5.270091589416893","0.0","['features|aspect=1.052|area=0.0716|dark_contrast=0.00|sat_contrast=5.27|edge_density=0.0479|flags=elongated:0_thin:0_dark:0_saturated:0_large:0_edge:0', 'high_heat_moderate_area_surface_defect_fallback']","0.4388811580750052","0.6457399507219185","0.753","0.4388811580750052","0.5794685063503279","minimum","0.4388811580750052","S3","O2","D3","High","Quarantine item or lot pending quality engineer review.","True","S3|O2|D3","True","['Fused confidence 0.439 is below operational threshold 0.600.', 'Anomaly score is close to the decision boundary; margin=0.061.']","outputs/risk_patchcore_capsule_semantic_v3/artefacts/capsule__test__scratch__004_heatmap_overlay.png","outputs/risk_patchcore_capsule_semantic_v3/artefacts/capsule__test__scratch__004_mask.png","outputs/risk_patchcore_capsule_semantic_v3/artefacts/capsule__test__scratch__004_annotated.png","simple_statistical_reference","0.42","minimum",""
"capsule__test__scratch__005","data/mvtec_anomaly_detection/capsule/test/scratch/005.png","23fae062f8cf5bee1a5244e8851be88c739e6cb5f952f2ba5534dc737fdbfc6a","2026-06-08T23:11:16.585596+00:00","anomalib_patchcore","0.1877013260240789","0.5","False","0.812298673975921","0.3122986739759211","0.812298673975921","0.0","0","[]","normal","0.812298673975921","detector_normal_decision","","","","","","","","","","","","","","","","","","0.812298673975921","0.812298673975921","0.812298673975921","0.812298673975921","0.812298673975921","minimum","0.812298673975921","S1","O1","D1","Low","Continue monitoring; no immediate intervention required.","True","S1|O1|D1","False","[]","outputs/risk_patchcore_capsule_semantic_v3/artefacts/capsule__test__scratch__005_heatmap_overlay.png","outputs/risk_patchcore_capsule_semantic_v3/artefacts/capsule__test__scratch__005_mask.png","outputs/risk_patchcore_capsule_semantic_v3/artefacts/capsule__test__scratch__005_annotated.png","simple_statistical_reference","0.42","minimum","Image-level anomaly score did not exceed the calibrated threshold."
"capsule__test__scratch__006","data/mvtec_anomaly_detection/capsule/test/scratch/006.png","a2ec6b8501226f3d1dab0df63689f3e222f5ae54709f9af5948fa8f06cdce7b9","2026-06-08T23:11:16.634648+00:00","anomalib_patchcore","0.27891707557456547","0.5","True","0.27891707557456547","0.22108292442543453","0.5127769989467846","0.242095947265625","7","[{'x': 37, 'y': 100, 'w': 129, 'h': 77, 'area_px': 6004, 'area_ratio': 0.09161376953125, 'mean_heat': 0.5330531597137451, 'max_heat': 0.7686274647712708, 'x2': 166, 'y2': 177, 'aspect_ratio': 1.6753246753246753}, {'x': 184, 'y': 101, 'w': 56, 'h': 62, 'area_px': 2436, 'area_ratio': 0.03717041015625, 'mean_heat': 0.6144209504127502, 'max_heat': 1.0, 'x2': 240, 'y2': 163, 'aspect_ratio': 1.1071428571428572}, {'x': 174, 'y': 8, 'w': 74, 'h': 60, 'area_px': 2817, 'area_ratio': 0.0429840087890625, 'mean_heat': 0.5062930583953857, 'max_heat': 0.6235294342041016, 'x2': 248, 'y2': 68, 'aspect_ratio': 1.2333333333333334}, {'x': 185, 'y': 192, 'w': 71, 'h': 64, 'area_px': 2680, 'area_ratio': 0.0408935546875, 'mean_heat': 0.5006131529808044, 'max_heat': 0.658823549747467, 'x2': 256, 'y2': 256, 'aspect_ratio': 1.109375}, {'x': 8, 'y': 201, 'w': 42, 'h': 37, 'area_px': 1018, 'area_ratio': 0.015533447265625, 'mean_heat': 0.4514079689979553, 'max_heat': 0.4901960790157318, 'x2': 50, 'y2': 238, 'aspect_ratio': 1.135135135135135}, {'x': 56, 'y': 224, 'w': 39, 'h': 23, 'area_px': 511, 'area_ratio': 0.0077972412109375, 'mean_heat': 0.4416484534740448, 'max_heat': 0.4627451002597809, 'x2': 95, 'y2': 247, 'aspect_ratio': 1.6956521739130435}, {'x': 16, 'y': 14, 'w': 14, 'h': 44, 'area_px': 400, 'area_ratio': 0.006103515625, 'mean_heat': 0.4378039538860321, 'max_heat': 0.45490196347236633, 'x2': 30, 'y2': 58, 'aspect_ratio': 3.142857142857143}]","deformation","0.6980196126699447","rules_constrained_taxonomy","37.0","100.0","129.0","77.0","6004.0","0.09161376953125","0.5330531597137451","0.7686274647712708","166.0","177.0","1.6753246753246753","0.06382764522299406","46.97463002114165","82.77680459075808","1.5433359907374964","11.498019287625311","['features|aspect=1.675|area=0.0916|dark_contrast=11.50|sat_contrast=1.54|edge_density=0.0638|flags=elongated:0_thin:0_dark:0_saturated:0_large:1_edge:1', 'large_irregular_edge_region']","0.27891707557456547","0.5127769989467846","0.6980196126699447","0.27891707557456547","0.45385068686007607","minimum","0.27891707557456547","S4","O1","D3","High","Quarantine item or lot pending quality engineer review.","True","S4|O1|D3","True","['Fused confidence 0.279 is below operational threshold 0.600.']","outputs/risk_patchcore_capsule_semantic_v3/artefacts/capsule__test__scratch__006_heatmap_overlay.png","outputs/risk_patchcore_capsule_semantic_v3/artefacts/capsule__test__scratch__006_mask.png","outputs/risk_patchcore_capsule_semantic_v3/artefacts/capsule__test__scratch__006_annotated.png","simple_statistical_reference","0.42","minimum",""
"capsule__test__scratch__007","data/mvtec_anomaly_detection/capsule/test/scratch/007.png","468c60496275b35ba5e6531bce1ff4ffdf45b50eea5166333d96cedd27aff9c2","2026-06-08T23:11:16.684584+00:00","anomalib_patchcore","0.37365243408794585","0.5","True","0.37365243408794585","0.12634756591205415","0.6933982183863017","0.079193115234375","3","[{'x': 149, 'y': 81, 'w': 84, 'h': 63, 'area_px': 3588, 'area_ratio': 0.05474853515625, 'mean_heat': 0.630868673324585, 'max_heat': 1.0, 'x2': 233, 'y2': 144, 'aspect_ratio': 1.3333333333333333}, {'x': 220, 'y': 184, 'w': 36, 'h': 45, 'area_px': 1215, 'area_ratio': 0.0185394287109375, 'mean_heat': 0.530144453048706, 'max_heat': 0.686274528503418, 'x2': 256, 'y2': 229, 'aspect_ratio': 1.25}, {'x': 84, 'y': 111, 'w': 23, 'h': 28, 'area_px': 387, 'area_ratio': 0.0059051513671875, 'mean_heat': 0.44329941272735596, 'max_heat': 0.46666666865348816, 'x2': 107, 'y2': 139, 'aspect_ratio': 1.2173913043478262}]","surface_defect","0.753","rules_constrained_taxonomy","149.0","81.0","84.0","63.0","3588.0","0.05474853515625","0.630868673324585","1.0","233.0","144.0","1.3333333333333333","0.08654572940287227","105.64682539682539","150.96315192743765","8.804546915812736","2.967101237119323","['features|aspect=1.333|area=0.0547|dark_contrast=2.97|sat_contrast=8.80|edge_density=0.0865|flags=elongated:0_thin:0_dark:0_saturated:0_large:0_edge:1', 'high_heat_moderate_area_surface_defect_fallback']","0.37365243408794585","0.6933982183863017","0.753","0.37365243408794585","0.5644130608554662","minimum","0.37365243408794585","S3","O2","D3","High","Quarantine item or lot pending quality engineer review.","True","S3|O2|D3","True","['Fused confidence 0.374 is below operational threshold 0.600.']","outputs/risk_patchcore_capsule_semantic_v3/artefacts/capsule__test__scratch__007_heatmap_overlay.png","outputs/risk_patchcore_capsule_semantic_v3/artefacts/capsule__test__scratch__007_mask.png","outputs/risk_patchcore_capsule_semantic_v3/artefacts/capsule__test__scratch__007_annotated.png","simple_statistical_reference","0.42","minimum",""
"capsule__test__scratch__008","data/mvtec_anomaly_detection/capsule/test/scratch/008.png","3e56a31ae634749add4c51afc972156d0e6470959bbb5e804e13dc5c15296294","2026-06-08T23:11:16.734043+00:00","anomalib_patchcore","0.6998398227868607","0.5","True","0.6998398227868607","0.19983982278686074","0.705119630081878","0.0349578857421875","2","[{'x': 147, 'y': 125, 'w': 47, 'h': 43, 'area_px': 1603, 'area_ratio': 0.0244598388671875, 'mean_heat': 0.6477755904197693, 'max_heat': 1.0, 'x2': 194, 'y2': 168, 'aspect_ratio': 1.0930232558139534}, {'x': 224, 'y': 200, 'w': 26, 'h': 34, 'area_px': 688, 'area_ratio': 0.010498046875, 'mean_heat': 0.506919801235199, 'max_heat': 0.6078431606292725, 'x2': 250, 'y2': 234, 'aspect_ratio': 1.3076923076923077}]","surface_defect","0.753","rules_constrained_taxonomy","147.0","125.0","47.0","43.0","1603.0","0.0244598388671875","0.6477755904197693","1.0","194.0","168.0","1.0930232558139534","0.14398812469074715","105.95546759030184","127.97921820880752","11.81072720827332","11.52818023079432","['features|aspect=1.093|area=0.0245|dark_contrast=11.53|sat_contrast=11.81|edge_density=0.1440|flags=elongated:0_thin:1_dark:0_saturated:0_large:0_edge:1', 'high_heat_moderate_area_surface_defect_fallback']","0.6998398227868607","0.705119630081878","0.753","0.6998398227868607","0.7147138092786507","minimum","0.6998398227868607","S3","O2","D2","High","Quarantine item or lot pending quality engineer review.","True","S3|O2|D2","False","[]","outputs/risk_patchcore_capsule_semantic_v3/artefacts/capsule__test__scratch__008_heatmap_overlay.png","outputs/risk_patchcore_capsule_semantic_v3/artefacts/capsule__test__scratch__008_mask.png","outputs/risk_patchcore_capsule_semantic_v3/artefacts/capsule__test__scratch__008_annotated.png","simple_statistical_reference","0.42","minimum",""
"capsule__test__scratch__009","data/mvtec_anomaly_detection/capsule/test/scratch/009.png","640e26355112bc65a4cc729edd4714ae12ca69acfa5a0f646fcb8fa03e04cd61","2026-06-08T23:11:16.784008+00:00","anomalib_patchcore","0.29822839635075027","0.5","True","0.29822839635075027","0.20177160364924973","0.7733763896065412","0.14129638671875","2","[{'x': 36, 'y': 82, 'w': 180, 'h': 92, 'area_px': 8599, 'area_ratio': 0.1312103271484375, 'mean_heat': 0.5683689117431641, 'max_heat': 1.0, 'x2': 216, 'y2': 174, 'aspect_ratio': 1.9565217391304348}, {'x': 157, 'y': 10, 'w': 35, 'h': 33, 'area_px': 661, 'area_ratio': 0.0100860595703125, 'mean_heat': 0.4529144763946533, 'max_heat': 0.5137255191802979, 'x2': 192, 'y2': 43, 'aspect_ratio': 1.0606060606060606}]","deformation","0.779","rules_constrained_taxonomy","36.0","82.0","180.0","92.0","8599.0","0.1312103271484375","0.5683689117431641","1.0","216.0","174.0","1.9565217391304348","0.07614734299516908","63.417391304347824","104.81666666666666","7.26423559762069","12.543735827664406","['features|aspect=1.957|area=0.1312|dark_contrast=12.54|sat_contrast=7.26|edge_density=0.0761|flags=elongated:0_thin:0_dark:0_saturated:0_large:1_edge:1', 'large_irregular_edge_region']","0.29822839635075027","0.7733763896065412","0.779","0.29822839635075027","0.5609656952398","minimum","0.29822839635075027","S4","O1","D3","High","Quarantine item or lot pending quality engineer review.","True","S4|O1|D3","True","['Fused confidence 0.298 is below operational threshold 0.600.']","outputs/risk_patchcore_capsule_semantic_v3/artefacts/capsule__test__scratch__009_heatmap_overlay.png","outputs/risk_patchcore_capsule_semantic_v3/artefacts/capsule__test__scratch__009_mask.png","outputs/risk_patchcore_capsule_semantic_v3/artefacts/capsule__test__scratch__009_annotated.png","simple_statistical_reference","0.42","minimum",""
"capsule__test__scratch__010","data/mvtec_anomaly_detection/capsule/test/scratch/010.png","ed445d2a41ffd00d09217a0f038081e790a94fcc869bc5c5698913941fc19246","2026-06-08T23:11:16.834358+00:00","anomalib_patchcore","0.5217770660296827","0.5","True","0.5217770660296827","0.021777066029682657","0.5639030430391399","0.0724029541015625","4","[{'x': 138, 'y': 122, 'w': 48, 'h': 47, 'area_px': 1828, 'area_ratio': 0.02789306640625, 'mean_heat': 0.6357682347297668, 'max_heat': 1.0, 'x2': 186, 'y2': 169, 'aspect_ratio': 1.0212765957446808}, {'x': 29, 'y': 15, 'w': 45, 'h': 46, 'area_px': 1621, 'area_ratio': 0.0247344970703125, 'mean_heat': 0.5668492913246155, 'max_heat': 0.8039215803146362, 'x2': 74, 'y2': 61, 'aspect_ratio': 1.0222222222222221}, {'x': 48, 'y': 120, 'w': 39, 'h': 41, 'area_px': 1175, 'area_ratio': 0.0179290771484375, 'mean_heat': 0.4672640562057495, 'max_heat': 0.5411764979362488, 'x2': 87, 'y2': 161, 'aspect_ratio': 1.0512820512820513}, {'x': 102, 'y': 138, 'w': 12, 'h': 14, 'area_px': 121, 'area_ratio': 0.0018463134765625, 'mean_heat': 0.43461355566978455, 'max_heat': 0.4470588266849518, 'x2': 114, 'y2': 152, 'aspect_ratio': 1.1666666666666667}]","surface_defect","0.753","rules_constrained_taxonomy","138.0","122.0","48.0","47.0","1828.0","0.02789306640625","0.6357682347297668","1.0","186.0","169.0","1.0212765957446808","0.1422872340425532","97.99911347517731","134.46054964539007","8.123617443431272","0.8782400371495953","['features|aspect=1.021|area=0.0279|dark_contrast=0.88|sat_contrast=8.12|edge_density=0.1423|flags=elongated:0_thin:0_dark:0_saturated:0_large:0_edge:1', 'high_heat_moderate_area_surface_defect_fallback']","0.5217770660296827","0.5639030430391399","0.753","0.5217770660296827","0.5922205926250992","minimum","0.5217770660296827","S3","O2","D3","High","Quarantine item or lot pending quality engineer review.","True","S3|O2|D3","True","['Fused confidence 0.522 is below operational threshold 0.600.', 'Anomaly score is close to the decision boundary; margin=0.022.']","outputs/risk_patchcore_capsule_semantic_v3/artefacts/capsule__test__scratch__010_heatmap_overlay.png","outputs/risk_patchcore_capsule_semantic_v3/artefacts/capsule__test__scratch__010_mask.png","outputs/risk_patchcore_capsule_semantic_v3/artefacts/capsule__test__scratch__010_annotated.png","simple_statistical_reference","0.42","minimum",""
"capsule__test__scratch__011","data/mvtec_anomaly_detection/capsule/test/scratch/011.png","2b600445249d235479d2e108d427bb5dd65f1458509115a1ae40330378208a8b","2026-06-08T23:11:16.883788+00:00","anomalib_patchcore","0.5879240625507922","0.5","True","0.5879240625507922","0.08792406255079221","0.7244765861547691","0.0676727294921875","2","[{'x': 35, 'y': 97, 'w': 54, 'h': 70, 'area_px': 2848, 'area_ratio': 0.04345703125, 'mean_heat': 0.5970973968505859, 'max_heat': 0.8666666746139526, 'x2': 89, 'y2': 167, 'aspect_ratio': 1.2962962962962963}, {'x': 199, 'y': 104, 'w': 46, 'h': 45, 'area_px': 1587, 'area_ratio': 0.0242156982421875, 'mean_heat': 0.6422452330589294, 'max_heat': 1.0, 'x2': 245, 'y2': 149, 'aspect_ratio': 1.0222222222222221}]","unknown","0.5308333361148834","rules_constrained_taxonomy","35.0","97.0","54.0","70.0","2848.0","0.04345703125","0.5970973968505859","0.8666666746139526","89.0","167.0","1.2962962962962963","0.016666666666666666","32.36666666666667","46.861111111111114","3.7560354374307856","15.993207825765964","['features|aspect=1.296|area=0.0435|dark_contrast=15.99|sat_contrast=3.76|edge_density=0.0167|flags=elongated:0_thin:0_dark:0_saturated:0_large:0_edge:0', 'no_rule_matched_confidently']","0.5879240625507922","0.7244765861547691","0.5308333361148834","0.5308333361148834","0.6146171380230081","minimum","0.5308333361148834","S3","O3","D3","Critical","Stop release or production path until authorised review is complete.","True","S3|O3|D3","True","['Fused confidence 0.531 is below operational threshold 0.600.', 'Semantic label is unknown or not confidently mapped to the taxonomy.', 'Critical risk class requires operator confirmation before release decision.']","outputs/risk_patchcore_capsule_semantic_v3/artefacts/capsule__test__scratch__011_heatmap_overlay.png","outputs/risk_patchcore_capsule_semantic_v3/artefacts/capsule__test__scratch__011_mask.png","outputs/risk_patchcore_capsule_semantic_v3/artefacts/capsule__test__scratch__011_annotated.png","simple_statistical_reference","0.42","minimum",""
"capsule__test__scratch__012","data/mvtec_anomaly_detection/capsule/test/scratch/012.png","10da7d708dba9a273461adf5a2950d6f5e158b5ba19c5ffd3dc0c650ac08c70f","2026-06-08T23:11:16.935345+00:00","anomalib_patchcore","0.25117223061742183","0.5","True","0.25117223061742183","0.24882776938257817","0.728789915544569","0.266357421875","3","[{'x': 15, 'y': 74, 'w': 229, 'h': 98, 'area_px': 15235, 'area_ratio': 0.2324676513671875, 'mean_heat': 0.5792315006256104, 'max_heat': 1.0, 'x2': 244, 'y2': 172, 'aspect_ratio': 2.336734693877551}, {'x': 186, 'y': 8, 'w': 54, 'h': 36, 'area_px': 1296, 'area_ratio': 0.019775390625, 'mean_heat': 0.4598129987716675, 'max_heat': 0.5333333611488342, 'x2': 240, 'y2': 44, 'aspect_ratio': 1.5}, {'x': 8, 'y': 204, 'w': 40, 'h': 37, 'area_px': 925, 'area_ratio': 0.0141143798828125, 'mean_heat': 0.44116589426994324, 'max_heat': 0.47843137383461, 'x2': 48, 'y2': 241, 'aspect_ratio': 1.0810810810810811}]","stain","0.8049999999999999","rules_constrained_taxonomy","15.0","74.0","229.0","98.0","15235.0","0.2324676513671875","0.5792315006256104","1.0","244.0","172.0","2.336734693877551","0.05716959272792086","55.74079850280724","114.02192317975225","8.699588334529402","14.92676998172287","['features|aspect=2.337|area=0.2325|dark_contrast=14.93|sat_contrast=8.70|edge_density=0.0572|flags=elongated:0_thin:0_dark:0_saturated:0_large:1_edge:0', 'large_low_edge_region']","0.25117223061742183","0.728789915544569","0.8049999999999999","0.25117223061742183","0.5329144784412105","minimum","0.25117223061742183","S4","O2","D3","Critical","Stop release or production path until authorised review is complete.","True","S4|O2|D3","True","['Fused confidence 0.251 is below operational threshold 0.600.', 'Critical risk class requires operator confirmation before release decision.']","outputs/risk_patchcore_capsule_semantic_v3/artefacts/capsule__test__scratch__012_heatmap_overlay.png","outputs/risk_patchcore_capsule_semantic_v3/artefacts/capsule__test__scratch__012_mask.png","outputs/risk_patchcore_capsule_semantic_v3/artefacts/capsule__test__scratch__012_annotated.png","simple_statistical_reference","0.42","minimum",""
"capsule__test__scratch__013","data/mvtec_anomaly_detection/capsule/test/scratch/013.png","08a532f218f9155fb934a4a704b5b054b71e366628f4a1294950a30c1a2f71c3","2026-06-08T23:11:16.985316+00:00","anomalib_patchcore","0.24725754077939097","0.5","True","0.24725754077939097","0.252742459220609","0.665006553042338","0.3285675048828125","6","[{'x': 18, 'y': 14, 'w': 232, 'h': 187, 'area_px': 17211, 'area_ratio': 0.2626190185546875, 'mean_heat': 0.5759462714195251, 'max_heat': 1.0, 'x2': 250, 'y2': 201, 'aspect_ratio': 1.2406417112299466}, {'x': 199, 'y': 186, 'w': 57, 'h': 60, 'area_px': 2726, 'area_ratio': 0.041595458984375, 'mean_heat': 0.6224331855773926, 'max_heat': 0.9490196108818054, 'x2': 256, 'y2': 246, 'aspect_ratio': 1.0526315789473684}, {'x': 12, 'y': 213, 'w': 75, 'h': 31, 'area_px': 1216, 'area_ratio': 0.0185546875, 'mean_heat': 0.44868096709251404, 'max_heat': 0.4941176474094391, 'x2': 87, 'y2': 244, 'aspect_ratio': 2.4193548387096775}, {'x': 15, 'y': 24, 'w': 13, 'h': 23, 'area_px': 191, 'area_ratio': 0.0029144287109375, 'mean_heat': 0.4302433133125305, 'max_heat': 0.4470588266849518, 'x2': 28, 'y2': 47, 'aspect_ratio': 1.7692307692307692}, {'x': 23, 'y': 174, 'w': 15, 'h': 13, 'area_px': 142, 'area_ratio': 0.002166748046875, 'mean_heat': 0.43258771300315857, 'max_heat': 0.4470588266849518, 'x2': 38, 'y2': 187, 'aspect_ratio': 1.1538461538461537}, {'x': 25, 'y': 55, 'w': 8, 'h': 8, 'area_px': 47, 'area_ratio': 0.0007171630859375, 'mean_heat': 0.4268667697906494, 'max_heat': 0.4313725531101227, 'x2': 33, 'y2': 63, 'aspect_ratio': 1.0}]","stain","0.8049999999999999","rules_constrained_taxonomy","18.0","14.0","232.0","187.0","17211.0","0.2626190185546875","0.5759462714195251","1.0","250.0","201.0","1.2406417112299466","0.02938871473354232","32.782500460999444","160.02588511893785","3.4838501345947","6.257506286404777","['features|aspect=1.241|area=0.2626|dark_contrast=6.26|sat_contrast=3.48|edge_density=0.0294|flags=elongated:0_thin:0_dark:0_saturated:0_large:1_edge:0', 'large_low_edge_region']","0.24725754077939097","0.665006553042338","0.8049999999999999","0.24725754077939097","0.5120178592634272","minimum","0.24725754077939097","S4","O2","D3","Critical","Stop release or production path until authorised review is complete.","True","S4|O2|D3","True","['Fused confidence 0.247 is below operational threshold 0.600.', 'Critical risk class requires operator confirmation before release decision.']","outputs/risk_patchcore_capsule_semantic_v3/artefacts/capsule__test__scratch__013_heatmap_overlay.png","outputs/risk_patchcore_capsule_semantic_v3/artefacts/capsule__test__scratch__013_mask.png","outputs/risk_patchcore_capsule_semantic_v3/artefacts/capsule__test__scratch__013_annotated.png","simple_statistical_reference","0.42","minimum",""
"capsule__test__scratch__014","data/mvtec_anomaly_detection/capsule/test/scratch/014.png","f635566a061fec1d63ebdf07d26f3a685812b274d4ca0101acf284155e4d6704","2026-06-08T23:11:17.034568+00:00","anomalib_patchcore","1.0","0.5","True","1.0","0.5","0.8733809530735015","0.04827880859375","1","[{'x': 73, 'y': 104, 'w': 68, 'h': 60, 'area_px': 3164, 'area_ratio': 0.04827880859375, 'mean_heat': 0.6515704393386841, 'max_heat': 1.0, 'x2': 141, 'y2': 164, 'aspect_ratio': 1.1333333333333333}]","surface_defect","0.753","rules_constrained_taxonomy","73.0","104.0","68.0","60.0","3164.0","0.04827880859375","0.6515704393386841","1.0","141.0","164.0","1.1333333333333333","0.058823529411764705","47.17107843137255","56.46446078431372","2.5298927465723153","14.806529190623614","['features|aspect=1.133|area=0.0483|dark_contrast=14.81|sat_contrast=2.53|edge_density=0.0588|flags=elongated:0_thin:0_dark:0_saturated:0_large:0_edge:0', 'high_heat_moderate_area_surface_defect_fallback']","1.0","0.8733809530735015","0.753","0.753","0.9002642859220504","minimum","0.753","S3","O2","D2","High","Quarantine item or lot pending quality engineer review.","True","S3|O2|D2","False","[]","outputs/risk_patchcore_capsule_semantic_v3/artefacts/capsule__test__scratch__014_heatmap_overlay.png","outputs/risk_patchcore_capsule_semantic_v3/artefacts/capsule__test__scratch__014_mask.png","outputs/risk_patchcore_capsule_semantic_v3/artefacts/capsule__test__scratch__014_annotated.png","simple_statistical_reference","0.42","minimum",""
"capsule__test__scratch__015","data/mvtec_anomaly_detection/capsule/test/scratch/015.png","5c2aa9ea18d892aabf60463ef08bf4eaaf2f4543b7739a6b3f66e9109409b1dd","2026-06-08T23:11:17.086149+00:00","anomalib_patchcore","0.4321965446013627","0.5","True","0.4321965446013627","0.0678034553986373","0.6599584924465881","0.1561737060546875","4","[{'x': 45, 'y': 83, 'w': 134, 'h': 83, 'area_px': 7223, 'area_ratio': 0.1102142333984375, 'mean_heat': 0.600649893283844, 'max_heat': 1.0, 'x2': 179, 'y2': 166, 'aspect_ratio': 1.6144578313253013}, {'x': 168, 'y': 115, 'w': 69, 'h': 44, 'area_px': 1438, 'area_ratio': 0.021942138671875, 'mean_heat': 0.4796885848045349, 'max_heat': 0.6235294342041016, 'x2': 237, 'y2': 159, 'aspect_ratio': 1.5681818181818181}, {'x': 198, 'y': 195, 'w': 39, 'h': 40, 'area_px': 1069, 'area_ratio': 0.0163116455078125, 'mean_heat': 0.46458297967910767, 'max_heat': 0.5215686559677124, 'x2': 237, 'y2': 235, 'aspect_ratio': 1.0256410256410255}, {'x': 221, 'y': 10, 'w': 23, 'h': 32, 'area_px': 505, 'area_ratio': 0.0077056884765625, 'mean_heat': 0.4630712568759918, 'max_heat': 0.5176470875740051, 'x2': 244, 'y2': 42, 'aspect_ratio': 1.391304347826087}]","deformation","0.779","rules_constrained_taxonomy","45.0","83.0","134.0","83.0","7223.0","0.1102142333984375","0.600649893283844","1.0","179.0","166.0","1.6144578313253013","0.08919259126056464","54.884822873583886","88.6247976982557","5.080378429139444","13.429343715885707","['features|aspect=1.614|area=0.1102|dark_contrast=13.43|sat_contrast=5.08|edge_density=0.0892|flags=elongated:0_thin:0_dark:0_saturated:0_large:1_edge:1', 'large_irregular_edge_region']","0.4321965446013627","0.6599584924465881","0.779","0.4321965446013627","0.5872259928045896","minimum","0.4321965446013627","S4","O1","D3","High","Quarantine item or lot pending quality engineer review.","True","S4|O1|D3","True","['Fused confidence 0.432 is below operational threshold 0.600.', 'Anomaly score is close to the decision boundary; margin=0.068.']","outputs/risk_patchcore_capsule_semantic_v3/artefacts/capsule__test__scratch__015_heatmap_overlay.png","outputs/risk_patchcore_capsule_semantic_v3/artefacts/capsule__test__scratch__015_mask.png","outputs/risk_patchcore_capsule_semantic_v3/artefacts/capsule__test__scratch__015_annotated.png","simple_statistical_reference","0.42","minimum",""
"capsule__test__scratch__016","data/mvtec_anomaly_detection/capsule/test/scratch/016.png","88d285a89ac941ad0fa6173451ebb439b022fdfe3ec7ae15f01dad74166baa04","2026-06-08T23:11:17.134859+00:00","anomalib_patchcore","0.520924252973964","0.5","True","0.520924252973964","0.020924252973964053","0.6119674781590212","0.0728912353515625","3","[{'x': 140, 'y': 126, 'w': 71, 'h': 41, 'area_px': 2267, 'area_ratio': 0.0345916748046875, 'mean_heat': 0.6328983306884766, 'max_heat': 1.0, 'x2': 211, 'y2': 167, 'aspect_ratio': 1.7317073170731707}, {'x': 146, 'y': 0, 'w': 73, 'h': 46, 'area_px': 2127, 'area_ratio': 0.0324554443359375, 'mean_heat': 0.49397751688957214, 'max_heat': 0.5764706134796143, 'x2': 219, 'y2': 46, 'aspect_ratio': 1.5869565217391304}, {'x': 61, 'y': 128, 'w': 21, 'h': 23, 'area_px': 383, 'area_ratio': 0.0058441162109375, 'mean_heat': 0.4666052460670471, 'max_heat': 0.5215686559677124, 'x2': 82, 'y2': 151, 'aspect_ratio': 1.0952380952380953}]","surface_defect","0.753","rules_constrained_taxonomy","140.0","126.0","71.0","41.0","2267.0","0.0345916748046875","0.6328983306884766","1.0","211.0","167.0","1.7317073170731707","0.09893507385778083","116.8443833734112","127.18344211611131","15.321294040884482","8.828052136762267","['features|aspect=1.732|area=0.0346|dark_contrast=8.83|sat_contrast=15.32|edge_density=0.0989|flags=elongated:0_thin:0_dark:0_saturated:0_large:0_edge:1', 'high_heat_moderate_area_surface_defect_fallback']","0.520924252973964","0.6119674781590212","0.753","0.520924252973964","0.6062561572859902","minimum","0.520924252973964","S3","O2","D3","High","Quarantine item or lot pending quality engineer review.","True","S3|O2|D3","True","['Fused confidence 0.521 is below operational threshold 0.600.', 'Anomaly score is close to the decision boundary; margin=0.021.']","outputs/risk_patchcore_capsule_semantic_v3/artefacts/capsule__test__scratch__016_heatmap_overlay.png","outputs/risk_patchcore_capsule_semantic_v3/artefacts/capsule__test__scratch__016_mask.png","outputs/risk_patchcore_capsule_semantic_v3/artefacts/capsule__test__scratch__016_annotated.png","simple_statistical_reference","0.42","minimum",""
"capsule__test__scratch__017","data/mvtec_anomaly_detection/capsule/test/scratch/017.png","4fefcd482a9d7dc7516ee76657db2547c8474007b1514b56e1fefc29839f30cf","2026-06-08T23:11:17.184953+00:00","anomalib_patchcore","0.11806924169987613","0.5","False","0.8819307583001239","0.38193075830012385","0.8819307583001239","0.0","0","[]","normal","0.8819307583001239","detector_normal_decision","","","","","","","","","","","","","","","","","","0.8819307583001239","0.8819307583001239","0.8819307583001239","0.8819307583001239","0.8819307583001239","minimum","0.8819307583001239","S1","O1","D1","Low","Continue monitoring; no immediate intervention required.","True","S1|O1|D1","False","[]","outputs/risk_patchcore_capsule_semantic_v3/artefacts/capsule__test__scratch__017_heatmap_overlay.png","outputs/risk_patchcore_capsule_semantic_v3/artefacts/capsule__test__scratch__017_mask.png","outputs/risk_patchcore_capsule_semantic_v3/artefacts/capsule__test__scratch__017_annotated.png","simple_statistical_reference","0.42","minimum","Image-level anomaly score did not exceed the calibrated threshold."
"capsule__test__scratch__018","data/mvtec_anomaly_detection/capsule/test/scratch/018.png","ee36046089cd9cc7482058a120d0824a871437232b7c2536bb8fdbde2afd6526","2026-06-08T23:11:17.241938+00:00","anomalib_patchcore","0.5278973335865853","0.5","True","0.5278973335865853","0.027897333586585304","0.5847260188681835","0.078643798828125","4","[{'x': 129, 'y': 84, 'w': 73, 'h': 50, 'area_px': 2396, 'area_ratio': 0.03656005859375, 'mean_heat': 0.6307981014251709, 'max_heat': 1.0, 'x2': 202, 'y2': 134, 'aspect_ratio': 1.46}, {'x': 154, 'y': 199, 'w': 35, 'h': 38, 'area_px': 1048, 'area_ratio': 0.0159912109375, 'mean_heat': 0.4727623164653778, 'max_heat': 0.5215686559677124, 'x2': 189, 'y2': 237, 'aspect_ratio': 1.0857142857142856}, {'x': 131, 'y': 8, 'w': 61, 'h': 26, 'area_px': 1029, 'area_ratio': 0.0157012939453125, 'mean_heat': 0.4467463195323944, 'max_heat': 0.48235294222831726, 'x2': 192, 'y2': 34, 'aspect_ratio': 2.3461538461538463}, {'x': 88, 'y': 116, 'w': 32, 'h': 32, 'area_px': 681, 'area_ratio': 0.0103912353515625, 'mean_heat': 0.45685988664627075, 'max_heat': 0.501960813999176, 'x2': 120, 'y2': 148, 'aspect_ratio': 1.0}]","surface_defect","0.753","rules_constrained_taxonomy","129.0","84.0","73.0","50.0","2396.0","0.03656005859375","0.6307981014251709","1.0","202.0","134.0","1.46","0.10383561643835616","98.07835616438356","153.0627397260274","11.496980611097896","0.0","['features|aspect=1.460|area=0.0366|dark_contrast=0.00|sat_contrast=11.50|edge_density=0.1038|flags=elongated:0_thin:0_dark:0_saturated:0_large:0_edge:1', 'high_heat_moderate_area_surface_defect_fallback']","0.5278973335865853","0.5847260188681835","0.753","0.5278973335865853","0.6012216057744185","minimum","0.5278973335865853","S3","O2","D3","High","Quarantine item or lot pending quality engineer review.","True","S3|O2|D3","True","['Fused confidence 0.528 is below operational threshold 0.600.', 'Anomaly score is close to the decision boundary; margin=0.028.']","outputs/risk_patchcore_capsule_semantic_v3/artefacts/capsule__test__scratch__018_heatmap_overlay.png","outputs/risk_patchcore_capsule_semantic_v3/artefacts/capsule__test__scratch__018_mask.png","outputs/risk_patchcore_capsule_semantic_v3/artefacts/capsule__test__scratch__018_annotated.png","simple_statistical_reference","0.42","minimum",""
"capsule__test__scratch__019","data/mvtec_anomaly_detection/capsule/test/scratch/019.png","100f302f1da941165f4df94726685edca222c6937fffb069a9d77adae9b38570","2026-06-08T23:11:17.290331+00:00","anomalib_patchcore","0.6298617037794957","0.5","True","0.6298617037794957","0.12986170377949569","0.7527154363637714","0.04083251953125","2","[{'x': 145, 'y': 123, 'w': 67, 'h': 46, 'area_px': 2321, 'area_ratio': 0.0354156494140625, 'mean_heat': 0.6444602608680725, 'max_heat': 1.0, 'x2': 212, 'y2': 169, 'aspect_ratio': 1.4565217391304348}, {'x': 191, 'y': 206, 'w': 22, 'h': 24, 'area_px': 355, 'area_ratio': 0.0054168701171875, 'mean_heat': 0.44467273354530334, 'max_heat': 0.47058823704719543, 'x2': 213, 'y2': 230, 'aspect_ratio': 1.0909090909090908}]","surface_defect","0.753","rules_constrained_taxonomy","145.0","123.0","67.0","46.0","2321.0","0.0354156494140625","0.6444602608680725","1.0","212.0","169.0","1.4565217391304348","0.07787151200519143","111.46625567813108","128.39941596365995","13.110639665694237","10.173456170036133","['features|aspect=1.457|area=0.0354|dark_contrast=10.17|sat_contrast=13.11|edge_density=0.0779|flags=elongated:0_thin:0_dark:0_saturated:0_large:0_edge:1', 'high_heat_moderate_area_surface_defect_fallback']","0.6298617037794957","0.7527154363637714","0.753","0.6298617037794957","0.6975023976099045","minimum","0.6298617037794957","S3","O2","D2","High","Quarantine item or lot pending quality engineer review.","True","S3|O2|D2","False","[]","outputs/risk_patchcore_capsule_semantic_v3/artefacts/capsule__test__scratch__019_heatmap_overlay.png","outputs/risk_patchcore_capsule_semantic_v3/artefacts/capsule__test__scratch__019_mask.png","outputs/risk_patchcore_capsule_semantic_v3/artefacts/capsule__test__scratch__019_annotated.png","simple_statistical_reference","0.42","minimum",""
"capsule__test__scratch__020","data/mvtec_anomaly_detection/capsule/test/scratch/020.png","093bc97fa7a7c2a21337981c725a503e7da858f787968e032522aedd246bacd4","2026-06-08T23:11:17.340224+00:00","anomalib_patchcore","0.4397922649265162","0.5","True","0.4397922649265162","0.060207735073483815","0.8525908106565476","0.103759765625","1","[{'x': 59, 'y': 88, 'w': 169, 'h': 77, 'area_px': 6800, 'area_ratio': 0.103759765625, 'mean_heat': 0.5835351347923279, 'max_heat': 1.0, 'x2': 228, 'y2': 165, 'aspect_ratio': 2.1948051948051948}]","deformation","0.779","rules_constrained_taxonomy","59.0","88.0","169.0","77.0","6800.0","0.103759765625","0.5835351347923279","1.0","228.0","165.0","2.1948051948051948","0.061553830784600014","81.3208330131407","98.44870514101284","12.038008252896589","8.825226855499807","['features|aspect=2.195|area=0.1038|dark_contrast=8.83|sat_contrast=12.04|edge_density=0.0616|flags=elongated:0_thin:0_dark:0_saturated:0_large:1_edge:1', 'large_irregular_edge_region']","0.4397922649265162","0.8525908106565476","0.779","0.4397922649265162","0.6484337624138965","minimum","0.4397922649265162","S4","O1","D3","High","Quarantine item or lot pending quality engineer review.","True","S4|O1|D3","True","['Fused confidence 0.440 is below operational threshold 0.600.', 'Anomaly score is close to the decision boundary; margin=0.060.']","outputs/risk_patchcore_capsule_semantic_v3/artefacts/capsule__test__scratch__020_heatmap_overlay.png","outputs/risk_patchcore_capsule_semantic_v3/artefacts/capsule__test__scratch__020_mask.png","outputs/risk_patchcore_capsule_semantic_v3/artefacts/capsule__test__scratch__020_annotated.png","simple_statistical_reference","0.42","minimum",""
"capsule__test__scratch__021","data/mvtec_anomaly_detection/capsule/test/scratch/021.png","4f842004993f5e1bfd51d25201b8fadfe487ce5ca9dd19509e37abad1d697a44","2026-06-08T23:11:17.390363+00:00","anomalib_patchcore","0.32000635809075034","0.5","True","0.32000635809075034","0.17999364190924966","0.5892394824041274","0.11553955078125","5","[{'x': 37, 'y': 102, 'w': 110, 'h': 69, 'area_px': 4073, 'area_ratio': 0.0621490478515625, 'mean_heat': 0.5066699385643005, 'max_heat': 0.6980392336845398, 'x2': 147, 'y2': 171, 'aspect_ratio': 1.5942028985507246}, {'x': 186, 'y': 107, 'w': 51, 'h': 58, 'area_px': 2289, 'area_ratio': 0.0349273681640625, 'mean_heat': 0.6567556858062744, 'max_heat': 1.0, 'x2': 237, 'y2': 165, 'aspect_ratio': 1.1372549019607843}, {'x': 163, 'y': 203, 'w': 41, 'h': 29, 'area_px': 480, 'area_ratio': 0.00732421875, 'mean_heat': 0.45347222685813904, 'max_heat': 0.5176470875740051, 'x2': 204, 'y2': 232, 'aspect_ratio': 1.4137931034482758}, {'x': 203, 'y': 15, 'w': 32, 'h': 21, 'area_px': 412, 'area_ratio': 0.00628662109375, 'mean_heat': 0.4472206234931946, 'max_heat': 0.48627451062202454, 'x2': 235, 'y2': 36, 'aspect_ratio': 1.5238095238095237}, {'x': 14, 'y': 218, 'w': 19, 'h': 24, 'area_px': 318, 'area_ratio': 0.004852294921875, 'mean_heat': 0.4451967179775238, 'max_heat': 0.47843137383461, 'x2': 33, 'y2': 242, 'aspect_ratio': 1.263157894736842}]","unknown","0.47181373178958885","rules_constrained_taxonomy","37.0","102.0","110.0","69.0","4073.0","0.0621490478515625","0.5066699385643005","0.6980392336845398","147.0","171.0","1.5942028985507246","0.07865612648221344","40.87483530961792","69.28432147562583","0.08379889505209803","13.020907282544101","['features|aspect=1.594|area=0.0621|dark_contrast=13.02|sat_contrast=0.08|edge_density=0.0787|flags=elongated:0_thin:0_dark:0_saturated:0_large:0_edge:1', 'no_rule_matched_confidently']","0.32000635809075034","0.5892394824041274","0.47181373178958885","0.32000635809075034","0.43872813880947314","minimum","0.32000635809075034","S3","O3","D3","Critical","Stop release or production path until authorised review is complete.","True","S3|O3|D3","True","['Fused confidence 0.320 is below operational threshold 0.600.', 'Semantic label is unknown or not confidently mapped to the taxonomy.', 'Critical risk class requires operator confirmation before release decision.']","outputs/risk_patchcore_capsule_semantic_v3/artefacts/capsule__test__scratch__021_heatmap_overlay.png","outputs/risk_patchcore_capsule_semantic_v3/artefacts/capsule__test__scratch__021_mask.png","outputs/risk_patchcore_capsule_semantic_v3/artefacts/capsule__test__scratch__021_annotated.png","simple_statistical_reference","0.42","minimum",""
"capsule__test__scratch__022","data/mvtec_anomaly_detection/capsule/test/scratch/022.png","92b5f90ce33d9080f9de3fc4bca5bdfa81c385994d5418789417fd29407aedad","2026-06-08T23:11:17.441222+00:00","anomalib_patchcore","0.4608460085623128","0.5","True","0.4608460085623128","0.03915399143768722","0.746228038455335","0.0705108642578125","2","[{'x': 127, 'y': 97, 'w': 100, 'h': 69, 'area_px': 3854, 'area_ratio': 0.058807373046875, 'mean_heat': 0.5651220679283142, 'max_heat': 1.0, 'x2': 227, 'y2': 166, 'aspect_ratio': 1.4492753623188406}, {'x': 71, 'y': 115, 'w': 43, 'h': 27, 'area_px': 767, 'area_ratio': 0.0117034912109375, 'mean_heat': 0.46457040309906006, 'max_heat': 0.501960813999176, 'x2': 114, 'y2': 142, 'aspect_ratio': 1.5925925925925926}]","contamination","0.8603731755445806","rules_constrained_taxonomy","127.0","97.0","100.0","69.0","3854.0","0.058807373046875","0.5651220679283142","1.0","227.0","166.0","1.4492753623188406","0.08014492753623188","115.05217391304348","134.87782608695653","20.084222594585057","0.0","['features|aspect=1.449|area=0.0588|dark_contrast=0.00|sat_contrast=20.08|edge_density=0.0801|flags=elongated:0_thin:0_dark:0_saturated:1_large:0_edge:1', 'colour_or_saturation_shift']","0.4608460085623128","0.746228038455335","0.8603731755445806","0.4608460085623128","0.6463424092757865","minimum","0.4608460085623128","S3","O2","D3","High","Quarantine item or lot pending quality engineer review.","True","S3|O2|D3","True","['Fused confidence 0.461 is below operational threshold 0.600.', 'Anomaly score is close to the decision boundary; margin=0.039.']","outputs/risk_patchcore_capsule_semantic_v3/artefacts/capsule__test__scratch__022_heatmap_overlay.png","outputs/risk_patchcore_capsule_semantic_v3/artefacts/capsule__test__scratch__022_mask.png","outputs/risk_patchcore_capsule_semantic_v3/artefacts/capsule__test__scratch__022_annotated.png","simple_statistical_reference","0.42","minimum",""
"capsule__test__squeeze__000","data/mvtec_anomaly_detection/capsule/test/squeeze/000.png","28e839bfc1dcc9c8c811d0f3817fb7c1184147883f5fefbb7b6fef787e69dc9a","2026-06-08T23:11:17.492504+00:00","anomalib_patchcore","1.0","0.5","True","1.0","0.5","0.8676890456676483","0.13018798828125","1","[{'x': 91, 'y': 74, 'w': 126, 'h': 113, 'area_px': 8532, 'area_ratio': 0.13018798828125, 'mean_heat': 0.6170867681503296, 'max_heat': 1.0, 'x2': 217, 'y2': 187, 'aspect_ratio': 1.1150442477876106}]","stain","0.8049999999999999","rules_constrained_taxonomy","91.0","74.0","126.0","113.0","8532.0","0.13018798828125","0.6170867681503296","1.0","217.0","187.0","1.1150442477876106","0.052184295547127404","74.078803202697","127.46109004073605","9.153047115787956","7.705358261480342","['features|aspect=1.115|area=0.1302|dark_contrast=7.71|sat_contrast=9.15|edge_density=0.0522|flags=elongated:0_thin:0_dark:0_saturated:0_large:1_edge:0', 'large_low_edge_region']","1.0","0.8676890456676483","0.8049999999999999","0.8049999999999999","0.9115567137002945","minimum","0.8049999999999999","S4","O2","D1","Medium","Reinspect item and consider rework if defect is confirmed.","True","S4|O2|D1","False","[]","outputs/risk_patchcore_capsule_semantic_v3/artefacts/capsule__test__squeeze__000_heatmap_overlay.png","outputs/risk_patchcore_capsule_semantic_v3/artefacts/capsule__test__squeeze__000_mask.png","outputs/risk_patchcore_capsule_semantic_v3/artefacts/capsule__test__squeeze__000_annotated.png","simple_statistical_reference","0.42","minimum",""
"capsule__test__squeeze__001","data/mvtec_anomaly_detection/capsule/test/squeeze/001.png","3e60541e78494f3a3d410859f742ea3aa3b9d050a86e1eba967c616d46b6643e","2026-06-08T23:11:17.544301+00:00","anomalib_patchcore","0.7895665628724007","0.5","True","0.7895665628724007","0.2895665628724007","0.8170734863443403","0.23699951171875","2","[{'x': 45, 'y': 69, 'w': 164, 'h': 127, 'area_px': 15216, 'area_ratio': 0.232177734375, 'mean_heat': 0.6761610507965088, 'max_heat': 1.0, 'x2': 209, 'y2': 196, 'aspect_ratio': 1.2913385826771653}, {'x': 70, 'y': 212, 'w': 21, 'h': 19, 'area_px': 316, 'area_ratio': 0.00482177734375, 'mean_heat': 0.45994046330451965, 'max_heat': 0.5058823823928833, 'x2': 91, 'y2': 231, 'aspect_ratio': 1.105263157894737}]","stain","0.8049999999999999","rules_constrained_taxonomy","45.0","69.0","164.0","127.0","15216.0","0.232177734375","0.6761610507965088","1.0","209.0","196.0","1.2913385826771653","0.04306702515844056","54.873151526790856","114.94444977914345","5.441877245516572","11.778510593816918","['features|aspect=1.291|area=0.2322|dark_contrast=11.78|sat_contrast=5.44|edge_density=0.0431|flags=elongated:0_thin:0_dark:0_saturated:0_large:1_edge:0', 'large_low_edge_region']","0.7895665628724007","0.8170734863443403","0.8049999999999999","0.7895665628724007","0.8016769991958823","minimum","0.7895665628724007","S4","O2","D2","High","Quarantine item or lot pending quality engineer review.","True","S4|O2|D2","False","[]","outputs/risk_patchcore_capsule_semantic_v3/artefacts/capsule__test__squeeze__001_heatmap_overlay.png","outputs/risk_patchcore_capsule_semantic_v3/artefacts/capsule__test__squeeze__001_mask.png","outputs/risk_patchcore_capsule_semantic_v3/artefacts/capsule__test__squeeze__001_annotated.png","simple_statistical_reference","0.42","minimum",""
"capsule__test__squeeze__002","data/mvtec_anomaly_detection/capsule/test/squeeze/002.png","057d11aeff99cac7065c36bfe9c59af373affbe783ab27abc244aeec7353878a","2026-06-08T23:11:17.597670+00:00","anomalib_patchcore","0.5116491484288346","0.5","True","0.5116491484288346","0.011649148428834577","0.6896604468277414","0.1829681396484375","4","[{'x': 34, 'y': 96, 'w': 122, 'h': 144, 'area_px': 9477, 'area_ratio': 0.1446075439453125, 'mean_heat': 0.6165291666984558, 'max_heat': 1.0, 'x2': 156, 'y2': 240, 'aspect_ratio': 1.180327868852459}, {'x': 96, 'y': 0, 'w': 67, 'h': 45, 'area_px': 2206, 'area_ratio': 0.033660888671875, 'mean_heat': 0.5203598737716675, 'max_heat': 0.7058823704719543, 'x2': 163, 'y2': 45, 'aspect_ratio': 1.488888888888889}, {'x': 190, 'y': 96, 'w': 19, 'h': 16, 'area_px': 213, 'area_ratio': 0.0032501220703125, 'mean_heat': 0.4394734799861908, 'max_heat': 0.4588235318660736, 'x2': 209, 'y2': 112, 'aspect_ratio': 1.1875}, {'x': 220, 'y': 219, 'w': 12, 'h': 10, 'area_px': 95, 'area_ratio': 0.0014495849609375, 'mean_heat': 0.4323633313179016, 'max_heat': 0.4431372582912445, 'x2': 232, 'y2': 229, 'aspect_ratio': 1.2}]","stain","0.8049999999999999","rules_constrained_taxonomy","34.0","96.0","122.0","144.0","9477.0","0.1446075439453125","0.6165291666984558","1.0","156.0","240.0","1.180327868852459","0.024419398907103824","31.027037795992715","125.4443306010929","0.45452873802170046","6.864093311950569","['features|aspect=1.180|area=0.1446|dark_contrast=6.86|sat_contrast=0.45|edge_density=0.0244|flags=elongated:0_thin:0_dark:0_saturated:0_large:1_edge:0', 'large_low_edge_region']","0.5116491484288346","0.6896604468277414","0.8049999999999999","0.5116491484288346","0.638390250841298","minimum","0.5116491484288346","S4","O2","D3","Critical","Stop release or production path until authorised review is complete.","True","S4|O2|D3","True","['Fused confidence 0.512 is below operational threshold 0.600.', 'Anomaly score is close to the decision boundary; margin=0.012.', 'Critical risk class requires operator confirmation before release decision.']","outputs/risk_patchcore_capsule_semantic_v3/artefacts/capsule__test__squeeze__002_heatmap_overlay.png","outputs/risk_patchcore_capsule_semantic_v3/artefacts/capsule__test__squeeze__002_mask.png","outputs/risk_patchcore_capsule_semantic_v3/artefacts/capsule__test__squeeze__002_annotated.png","simple_statistical_reference","0.42","minimum",""
"capsule__test__squeeze__003","data/mvtec_anomaly_detection/capsule/test/squeeze/003.png","9f1de3ad0ae22f3dc6dd842eae09fd7347170c5706f534c909952a96d0cc5437","2026-06-08T23:11:17.648232+00:00","anomalib_patchcore","0.8179297868659721","0.5","True","0.8179297868659721","0.31792978686597206","0.752562120726258","0.038726806640625","2","[{'x': 204, 'y': 106, 'w': 52, 'h': 52, 'area_px': 2156, 'area_ratio': 0.03289794921875, 'mean_heat': 0.6479501128196716, 'max_heat': 1.0, 'x2': 256, 'y2': 158, 'aspect_ratio': 1.0}, {'x': 37, 'y': 173, 'w': 20, 'h': 23, 'area_px': 382, 'area_ratio': 0.005828857421875, 'mean_heat': 0.47411972284317017, 'max_heat': 0.5372549295425415, 'x2': 57, 'y2': 196, 'aspect_ratio': 1.15}]","surface_defect","0.753","rules_constrained_taxonomy","204.0","106.0","52.0","52.0","2156.0","0.03289794921875","0.6479501128196716","1.0","256.0","158.0","1.0","0.04918639053254438","87.12721893491124","148.61686390532543","3.908836581970064","3.4571557025176958","['features|aspect=1.000|area=0.0329|dark_contrast=3.46|sat_contrast=3.91|edge_density=0.0492|flags=elongated:0_thin:0_dark:0_saturated:0_large:0_edge:0', 'high_heat_moderate_area_surface_defect_fallback']","0.8179297868659721","0.752562120726258","0.753","0.752562120726258","0.7820870403075648","minimum","0.752562120726258","S3","O2","D2","High","Quarantine item or lot pending quality engineer review.","True","S3|O2|D2","False","[]","outputs/risk_patchcore_capsule_semantic_v3/artefacts/capsule__test__squeeze__003_heatmap_overlay.png","outputs/risk_patchcore_capsule_semantic_v3/artefacts/capsule__test__squeeze__003_mask.png","outputs/risk_patchcore_capsule_semantic_v3/artefacts/capsule__test__squeeze__003_annotated.png","simple_statistical_reference","0.42","minimum",""
"capsule__test__squeeze__004","data/mvtec_anomaly_detection/capsule/test/squeeze/004.png","6d5f8898ae3d8affadd8c8853a8026c48586aa71c7cbe8fb7e1f8186163eae46","2026-06-08T23:11:17.697087+00:00","anomalib_patchcore","0.6239850694289275","0.5","True","0.6239850694289275","0.12398506942892751","0.795434057256713","0.063140869140625","2","[{'x': 17, 'y': 88, 'w': 88, 'h': 69, 'area_px': 4011, 'area_ratio': 0.0612030029296875, 'mean_heat': 0.6246254444122314, 'max_heat': 1.0, 'x2': 105, 'y2': 157, 'aspect_ratio': 1.2753623188405796}, {'x': 95, 'y': 219, 'w': 13, 'h': 13, 'area_px': 127, 'area_ratio': 0.0019378662109375, 'mean_heat': 0.4337811768054962, 'max_heat': 0.4470588266849518, 'x2': 108, 'y2': 232, 'aspect_ratio': 1.0}]","crack","0.831","rules_constrained_taxonomy","17.0","88.0","88.0","69.0","4011.0","0.0612030029296875","0.6246254444122314","1.0","105.0","157.0","1.2753623188405796","0.07921607378129117","26.992588932806324","66.4100790513834","4.247792552715826","20.248405111512525","['features|aspect=1.275|area=0.0612|dark_contrast=20.25|sat_contrast=4.25|edge_density=0.0792|flags=elongated:0_thin:0_dark:1_saturated:0_large:0_edge:1', 'dark_edge_rich_crack_like_region']","0.6239850694289275","0.795434057256713","0.831","0.6239850694289275","0.7271734984200312","minimum","0.6239850694289275","S4","O2","D2","High","Quarantine item or lot pending quality engineer review.","True","S4|O2|D2","False","[]","outputs/risk_patchcore_capsule_semantic_v3/artefacts/capsule__test__squeeze__004_heatmap_overlay.png","outputs/risk_patchcore_capsule_semantic_v3/artefacts/capsule__test__squeeze__004_mask.png","outputs/risk_patchcore_capsule_semantic_v3/artefacts/capsule__test__squeeze__004_annotated.png","simple_statistical_reference","0.42","minimum",""
"capsule__test__squeeze__005","data/mvtec_anomaly_detection/capsule/test/squeeze/005.png","550557b98d77ceb698d72060e66d8fe0f0598c3efbd62966da3a70763eea2433","2026-06-08T23:11:17.746979+00:00","anomalib_patchcore","0.7558239447963564","0.5","True","0.7558239447963564","0.2558239447963564","0.7389143288063518","0.1009979248046875","3","[{'x': 142, 'y': 76, 'w': 109, 'h': 85, 'area_px': 5874, 'area_ratio': 0.089630126953125, 'mean_heat': 0.5791323781013489, 'max_heat': 1.0, 'x2': 251, 'y2': 161, 'aspect_ratio': 1.2823529411764707}, {'x': 38, 'y': 161, 'w': 27, 'h': 30, 'area_px': 616, 'area_ratio': 0.0093994140625, 'mean_heat': 0.4935256242752075, 'max_heat': 0.5960784554481506, 'x2': 65, 'y2': 191, 'aspect_ratio': 1.1111111111111112}, {'x': 99, 'y': 224, 'w': 13, 'h': 13, 'area_px': 129, 'area_ratio': 0.0019683837890625, 'mean_heat': 0.44079649448394775, 'max_heat': 0.4588235318660736, 'x2': 112, 'y2': 237, 'aspect_ratio': 1.0}]","deformation","0.779","rules_constrained_taxonomy","142.0","76.0","109.0","85.0","5874.0","0.089630126953125","0.5791323781013489","1.0","251.0","161.0","1.2823529411764707","0.060334592552617375","90.53362115488397","149.01608202914193","13.717844495250802","7.955270024096194","['features|aspect=1.282|area=0.0896|dark_contrast=7.96|sat_contrast=13.72|edge_density=0.0603|flags=elongated:0_thin:0_dark:0_saturated:0_large:1_edge:1', 'large_irregular_edge_region']","0.7558239447963564","0.7389143288063518","0.779","0.7389143288063518","0.7565450738002659","minimum","0.7389143288063518","S4","O1","D2","Medium","Reinspect item and consider rework if defect is confirmed.","True","S4|O1|D2","False","[]","outputs/risk_patchcore_capsule_semantic_v3/artefacts/capsule__test__squeeze__005_heatmap_overlay.png","outputs/risk_patchcore_capsule_semantic_v3/artefacts/capsule__test__squeeze__005_mask.png","outputs/risk_patchcore_capsule_semantic_v3/artefacts/capsule__test__squeeze__005_annotated.png","simple_statistical_reference","0.42","minimum",""
"capsule__test__squeeze__006","data/mvtec_anomaly_detection/capsule/test/squeeze/006.png","ce1d557eadfc4405172155258c0258b27b2dddb00504b2cd9dcdb43f9b6dfe62","2026-06-08T23:11:17.802169+00:00","anomalib_patchcore","1.0","0.5","True","1.0","0.5","0.849871158003807","0.129425048828125","1","[{'x': 65, 'y': 78, 'w': 148, 'h': 107, 'area_px': 8482, 'area_ratio': 0.129425048828125, 'mean_heat': 0.5774914622306824, 'max_heat': 1.0, 'x2': 213, 'y2': 185, 'aspect_ratio': 1.3831775700934579}]","stain","0.8049999999999999","rules_constrained_taxonomy","65.0","78.0","148.0","107.0","8482.0","0.129425048828125","0.5774914622306824","1.0","213.0","185.0","1.3831775700934579","0.05266481434705734","65.94878757261935","112.09825713564031","7.296943432226726","10.570987361682711","['features|aspect=1.383|area=0.1294|dark_contrast=10.57|sat_contrast=7.30|edge_density=0.0527|flags=elongated:0_thin:0_dark:0_saturated:0_large:1_edge:0', 'large_low_edge_region']","1.0","0.849871158003807","0.8049999999999999","0.8049999999999999","0.906211347401142","minimum","0.8049999999999999","S4","O2","D1","Medium","Reinspect item and consider rework if defect is confirmed.","True","S4|O2|D1","False","[]","outputs/risk_patchcore_capsule_semantic_v3/artefacts/capsule__test__squeeze__006_heatmap_overlay.png","outputs/risk_patchcore_capsule_semantic_v3/artefacts/capsule__test__squeeze__006_mask.png","outputs/risk_patchcore_capsule_semantic_v3/artefacts/capsule__test__squeeze__006_annotated.png","simple_statistical_reference","0.42","minimum",""
"capsule__test__squeeze__007","data/mvtec_anomaly_detection/capsule/test/squeeze/007.png","8650a8a8c307ee3dfb943cf1ce7baf8d83f602598d14669e6d312a45e78e5dfd","2026-06-08T23:11:17.851526+00:00","anomalib_patchcore","1.0","0.5","True","1.0","0.5","0.8784896576404571","0.1805877685546875","1","[{'x': 44, 'y': 69, 'w': 141, 'h': 120, 'area_px': 11835, 'area_ratio': 0.1805877685546875, 'mean_heat': 0.6410881280899048, 'max_heat': 1.0, 'x2': 185, 'y2': 189, 'aspect_ratio': 1.175}]","stain","0.8049999999999999","rules_constrained_taxonomy","44.0","69.0","141.0","120.0","11835.0","0.1805877685546875","0.6410881280899048","1.0","185.0","189.0","1.175","0.038120567375886524","50.922044917257686","103.96790780141843","4.70721726645214","13.411775600604798","['features|aspect=1.175|area=0.1806|dark_contrast=13.41|sat_contrast=4.71|edge_density=0.0381|flags=elongated:0_thin:0_dark:0_saturated:0_large:1_edge:0', 'large_low_edge_region']","1.0","0.8784896576404571","0.8049999999999999","0.8049999999999999","0.914796897292137","minimum","0.8049999999999999","S4","O2","D1","Medium","Reinspect item and consider rework if defect is confirmed.","True","S4|O2|D1","False","[]","outputs/risk_patchcore_capsule_semantic_v3/artefacts/capsule__test__squeeze__007_heatmap_overlay.png","outputs/risk_patchcore_capsule_semantic_v3/artefacts/capsule__test__squeeze__007_mask.png","outputs/risk_patchcore_capsule_semantic_v3/artefacts/capsule__test__squeeze__007_annotated.png","simple_statistical_reference","0.42","minimum",""
"capsule__test__squeeze__008","data/mvtec_anomaly_detection/capsule/test/squeeze/008.png","3c16fb6d6353c4daf656788dedbcdc0bfecc59206dd4d3fe9476c4277350c8ce","2026-06-08T23:11:17.900734+00:00","anomalib_patchcore","0.7446896361329348","0.5","True","0.7446896361329348","0.24468963613293482","0.7787356808662778","0.0742034912109375","2","[{'x': 124, 'y': 116, 'w': 95, 'h': 62, 'area_px': 4494, 'area_ratio': 0.068572998046875, 'mean_heat': 0.5974406003952026, 'max_heat': 1.0, 'x2': 219, 'y2': 178, 'aspect_ratio': 1.532258064516129}, {'x': 89, 'y': 135, 'w': 24, 'h': 23, 'area_px': 369, 'area_ratio': 0.0056304931640625, 'mean_heat': 0.4263138473033905, 'max_heat': 0.43529412150382996, 'x2': 113, 'y2': 158, 'aspect_ratio': 1.0434782608695652}]","surface_defect","0.753","rules_constrained_taxonomy","124.0","116.0","95.0","62.0","4494.0","0.068572998046875","0.5974406003952026","1.0","219.0","178.0","1.532258064516129","0.0835314091680815","84.75687606112054","142.0565365025467","4.329872134116613","0.0","['features|aspect=1.532|area=0.0686|dark_contrast=0.00|sat_contrast=4.33|edge_density=0.0835|flags=elongated:0_thin:0_dark:0_saturated:0_large:0_edge:1', 'high_heat_moderate_area_surface_defect_fallback']","0.7446896361329348","0.7787356808662778","0.753","0.7446896361329348","0.756981040519704","minimum","0.7446896361329348","S3","O2","D2","High","Quarantine item or lot pending quality engineer review.","True","S3|O2|D2","False","[]","outputs/risk_patchcore_capsule_semantic_v3/artefacts/capsule__test__squeeze__008_heatmap_overlay.png","outputs/risk_patchcore_capsule_semantic_v3/artefacts/capsule__test__squeeze__008_mask.png","outputs/risk_patchcore_capsule_semantic_v3/artefacts/capsule__test__squeeze__008_annotated.png","simple_statistical_reference","0.42","minimum",""
"capsule__test__squeeze__009","data/mvtec_anomaly_detection/capsule/test/squeeze/009.png","e131c1a2c4244b0be1a48ba4de390f3e88bc2bbe925548f83b3f28b149d9ac17","2026-06-08T23:11:17.950092+00:00","anomalib_patchcore","0.9086011382105712","0.5","True","0.9086011382105712","0.4086011382105712","0.7818293865381389","0.1071319580078125","2","[{'x': 44, 'y': 110, 'w': 125, 'h': 72, 'area_px': 6204, 'area_ratio': 0.09466552734375, 'mean_heat': 0.6090378165245056, 'max_heat': 1.0, 'x2': 169, 'y2': 182, 'aspect_ratio': 1.7361111111111112}, {'x': 178, 'y': 226, 'w': 32, 'h': 30, 'area_px': 817, 'area_ratio': 0.0124664306640625, 'mean_heat': 0.5197878479957581, 'max_heat': 0.6313725709915161, 'x2': 210, 'y2': 256, 'aspect_ratio': 1.0666666666666667}]","deformation","0.779","rules_constrained_taxonomy","44.0","110.0","125.0","72.0","6204.0","0.09466552734375","0.6090378165245056","1.0","169.0","182.0","1.7361111111111112","0.08388888888888889","43.318222222222225","108.53133333333334","0.5392890608209697","4.289749838813663","['features|aspect=1.736|area=0.0947|dark_contrast=4.29|sat_contrast=0.54|edge_density=0.0839|flags=elongated:0_thin:0_dark:0_saturated:0_large:1_edge:1', 'large_irregular_edge_region']","0.9086011382105712","0.7818293865381389","0.779","0.779","0.8381693281561987","minimum","0.779","S4","O1","D2","Medium","Reinspect item and consider rework if defect is confirmed.","True","S4|O1|D2","False","[]","outputs/risk_patchcore_capsule_semantic_v3/artefacts/capsule__test__squeeze__009_heatmap_overlay.png","outputs/risk_patchcore_capsule_semantic_v3/artefacts/capsule__test__squeeze__009_mask.png","outputs/risk_patchcore_capsule_semantic_v3/artefacts/capsule__test__squeeze__009_annotated.png","simple_statistical_reference","0.42","minimum",""
"capsule__test__squeeze__010","data/mvtec_anomaly_detection/capsule/test/squeeze/010.png","5981c80512292dc9e1805b9a0cf9590146a70f188347bd9a356b8d3dd3dff30f","2026-06-08T23:11:17.999588+00:00","anomalib_patchcore","0.8391282966557712","0.5","True","0.8391282966557712","0.33912829665577116","0.6517874460006885","0.103240966796875","4","[{'x': 178, 'y': 101, 'w': 78, 'h': 78, 'area_px': 4483, 'area_ratio': 0.0684051513671875, 'mean_heat': 0.6379140615463257, 'max_heat': 1.0, 'x2': 256, 'y2': 179, 'aspect_ratio': 1.0}, {'x': 151, 'y': 215, 'w': 53, 'h': 41, 'area_px': 1754, 'area_ratio': 0.026763916015625, 'mean_heat': 0.5571780204772949, 'max_heat': 0.7372549176216125, 'x2': 204, 'y2': 256, 'aspect_ratio': 1.2926829268292683}, {'x': 128, 'y': 127, 'w': 20, 'h': 20, 'area_px': 282, 'area_ratio': 0.004302978515625, 'mean_heat': 0.4356417953968048, 'max_heat': 0.4588235318660736, 'x2': 148, 'y2': 147, 'aspect_ratio': 1.0}, {'x': 73, 'y': 119, 'w': 19, 'h': 17, 'area_px': 247, 'area_ratio': 0.0037689208984375, 'mean_heat': 0.43883469700813293, 'max_heat': 0.4588235318660736, 'x2': 92, 'y2': 136, 'aspect_ratio': 1.1176470588235294}]","surface_defect","0.753","rules_constrained_taxonomy","178.0","101.0","78.0","78.0","4483.0","0.0684051513671875","0.6379140615463257","1.0","256.0","179.0","1.0","0.045364891518737675","78.67439184746877","146.46614069690992","7.339780269042251","5.150509476271679","['features|aspect=1.000|area=0.0684|dark_contrast=5.15|sat_contrast=7.34|edge_density=0.0454|flags=elongated:0_thin:0_dark:0_saturated:0_large:0_edge:0', 'high_heat_moderate_area_surface_defect_fallback']","0.8391282966557712","0.6517874460006885","0.753","0.6517874460006885","0.7613939672953036","minimum","0.6517874460006885","S3","O2","D2","High","Quarantine item or lot pending quality engineer review.","True","S3|O2|D2","False","[]","outputs/risk_patchcore_capsule_semantic_v3/artefacts/capsule__test__squeeze__010_heatmap_overlay.png","outputs/risk_patchcore_capsule_semantic_v3/artefacts/capsule__test__squeeze__010_mask.png","outputs/risk_patchcore_capsule_semantic_v3/artefacts/capsule__test__squeeze__010_annotated.png","simple_statistical_reference","0.42","minimum",""
"capsule__test__squeeze__011","data/mvtec_anomaly_detection/capsule/test/squeeze/011.png","46e573a917f738d07564eec5cf5ab0a3c6d4b4f0fe6373e62f0a06603260ce24","2026-06-08T23:11:18.049869+00:00","anomalib_patchcore","1.0","0.5","True","1.0","0.5","0.8856972628831863","0.0934906005859375","1","[{'x': 28, 'y': 86, 'w': 98, 'h': 83, 'area_px': 6127, 'area_ratio': 0.0934906005859375, 'mean_heat': 0.657105028629303, 'max_heat': 1.0, 'x2': 126, 'y2': 169, 'aspect_ratio': 1.180722891566265}]","stain","0.8049999999999999","rules_constrained_taxonomy","28.0","86.0","98.0","83.0","6127.0","0.0934906005859375","0.657105028629303","1.0","126.0","169.0","1.180722891566265","0.055569215638062455","30.4928694369314","48.47651831817064","2.4016945299670205","24.43372446049319","['features|aspect=1.181|area=0.0935|dark_contrast=24.43|sat_contrast=2.40|edge_density=0.0556|flags=elongated:0_thin:0_dark:1_saturated:0_large:1_edge:0', 'large_low_edge_region']","1.0","0.8856972628831863","0.8049999999999999","0.8049999999999999","0.9169591788649558","minimum","0.8049999999999999","S3","O2","D1","Medium","Reinspect item and consider rework if defect is confirmed.","True","S3|O2|D1","False","[]","outputs/risk_patchcore_capsule_semantic_v3/artefacts/capsule__test__squeeze__011_heatmap_overlay.png","outputs/risk_patchcore_capsule_semantic_v3/artefacts/capsule__test__squeeze__011_mask.png","outputs/risk_patchcore_capsule_semantic_v3/artefacts/capsule__test__squeeze__011_annotated.png","simple_statistical_reference","0.42","minimum",""
"capsule__test__squeeze__012","data/mvtec_anomaly_detection/capsule/test/squeeze/012.png","9ab2faa52919adf2d631b8ab40985612796c8caae0ab2559f641876d89f0708a","2026-06-08T23:11:18.100021+00:00","anomalib_patchcore","0.7765405140186169","0.5","True","0.7765405140186169","0.2765405140186169","0.7745499280766857","0.1516571044921875","2","[{'x': 84, 'y': 75, 'w': 131, 'h': 102, 'area_px': 9106, 'area_ratio': 0.138946533203125, 'mean_heat': 0.5911241173744202, 'max_heat': 1.0, 'x2': 215, 'y2': 177, 'aspect_ratio': 1.2843137254901962}, {'x': 45, 'y': 123, 'w': 38, 'h': 40, 'area_px': 833, 'area_ratio': 0.0127105712890625, 'mean_heat': 0.45470893383026123, 'max_heat': 0.5137255191802979, 'x2': 83, 'y2': 163, 'aspect_ratio': 1.0526315789473684}]","deformation","0.779","rules_constrained_taxonomy","84.0","75.0","131.0","102.0","9106.0","0.138946533203125","0.5911241173744202","1.0","215.0","177.0","1.2843137254901962","0.06690615177368657","72.31761712318516","121.00224517287832","8.957245856034227","8.869483179479587","['features|aspect=1.284|area=0.1389|dark_contrast=8.87|sat_contrast=8.96|edge_density=0.0669|flags=elongated:0_thin:0_dark:0_saturated:0_large:1_edge:1', 'large_irregular_edge_region']","0.7765405140186169","0.7745499280766857","0.779","0.7745499280766857","0.7765582097313832","minimum","0.7745499280766857","S4","O1","D2","Medium","Reinspect item and consider rework if defect is confirmed.","True","S4|O1|D2","False","[]","outputs/risk_patchcore_capsule_semantic_v3/artefacts/capsule__test__squeeze__012_heatmap_overlay.png","outputs/risk_patchcore_capsule_semantic_v3/artefacts/capsule__test__squeeze__012_mask.png","outputs/risk_patchcore_capsule_semantic_v3/artefacts/capsule__test__squeeze__012_annotated.png","simple_statistical_reference","0.42","minimum",""
"capsule__test__squeeze__013","data/mvtec_anomaly_detection/capsule/test/squeeze/013.png","e1d897f13ae7c2a27dcbe9e723a6808fd8d67edcf361e956dcb9007c3a45c737","2026-06-08T23:11:18.154119+00:00","anomalib_patchcore","0.9373419162071229","0.5","True","0.9373419162071229","0.4373419162071229","0.8049421908160812","0.0662689208984375","2","[{'x': 177, 'y': 85, 'w': 79, 'h': 80, 'area_px': 4295, 'area_ratio': 0.0655364990234375, 'mean_heat': 0.6336488127708435, 'max_heat': 1.0, 'x2': 256, 'y2': 165, 'aspect_ratio': 1.0126582278481013}, {'x': 137, 'y': 130, 'w': 7, 'h': 9, 'area_px': 48, 'area_ratio': 0.000732421875, 'mean_heat': 0.4277777671813965, 'max_heat': 0.43529412150382996, 'x2': 144, 'y2': 139, 'aspect_ratio': 1.2857142857142858}]","surface_defect","0.753","rules_constrained_taxonomy","177.0","85.0","79.0","80.0","4295.0","0.0655364990234375","0.6336488127708435","1.0","256.0","165.0","1.0126582278481013","0.055379746835443035","81.34731012658227","149.41787974683544","8.932080241524801","6.074577149716276","['features|aspect=1.013|area=0.0655|dark_contrast=6.07|sat_contrast=8.93|edge_density=0.0554|flags=elongated:0_thin:0_dark:0_saturated:0_large:0_edge:0', 'high_heat_moderate_area_surface_defect_fallback']","0.9373419162071229","0.8049421908160812","0.753","0.753","0.8515365195380297","minimum","0.753","S3","O2","D2","High","Quarantine item or lot pending quality engineer review.","True","S3|O2|D2","False","[]","outputs/risk_patchcore_capsule_semantic_v3/artefacts/capsule__test__squeeze__013_heatmap_overlay.png","outputs/risk_patchcore_capsule_semantic_v3/artefacts/capsule__test__squeeze__013_mask.png","outputs/risk_patchcore_capsule_semantic_v3/artefacts/capsule__test__squeeze__013_annotated.png","simple_statistical_reference","0.42","minimum",""
"capsule__test__squeeze__014","data/mvtec_anomaly_detection/capsule/test/squeeze/014.png","b9ea85e491b90c032b0ef245ab0b013b4b6c15926e2843d9e9dbdb41205c4889","2026-06-08T23:11:18.218074+00:00","anomalib_patchcore","0.9818561044764261","0.5","True","0.9818561044764261","0.48185610447642613","0.8828117424249649","0.2153167724609375","1","[{'x': 38, 'y': 69, 'w': 169, 'h': 119, 'area_px': 14111, 'area_ratio': 0.2153167724609375, 'mean_heat': 0.6506927609443665, 'max_heat': 1.0, 'x2': 207, 'y2': 188, 'aspect_ratio': 1.4201680672268908}]","stain","0.8049999999999999","rules_constrained_taxonomy","38.0","69.0","169.0","119.0","14111.0","0.2153167724609375","0.6506927609443665","1.0","207.0","188.0","1.4201680672268908","0.03813833225597932","55.11963602008851","110.48262145094725","5.227704088156578","12.829050220724426","['features|aspect=1.420|area=0.2153|dark_contrast=12.83|sat_contrast=5.23|edge_density=0.0381|flags=elongated:0_thin:0_dark:0_saturated:0_large:1_edge:0', 'large_low_edge_region']","0.9818561044764261","0.8828117424249649","0.8049999999999999","0.8049999999999999","0.9079287697418812","minimum","0.8049999999999999","S4","O2","D1","Medium","Reinspect item and consider rework if defect is confirmed.","True","S4|O2|D1","False","[]","outputs/risk_patchcore_capsule_semantic_v3/artefacts/capsule__test__squeeze__014_heatmap_overlay.png","outputs/risk_patchcore_capsule_semantic_v3/artefacts/capsule__test__squeeze__014_mask.png","outputs/risk_patchcore_capsule_semantic_v3/artefacts/capsule__test__squeeze__014_annotated.png","simple_statistical_reference","0.42","minimum",""
"capsule__test__squeeze__015","data/mvtec_anomaly_detection/capsule/test/squeeze/015.png","31bd0709c5e0e416b2610045839391543ce0b9408a1f1765a1026463fbfbb120","2026-06-08T23:11:18.268223+00:00","anomalib_patchcore","1.0","0.5","True","1.0","0.5","0.8763540291786194","0.0801544189453125","1","[{'x': 32, 'y': 83, 'w': 101, 'h': 71, 'area_px': 5253, 'area_ratio': 0.0801544189453125, 'mean_heat': 0.6363422870635986, 'max_heat': 1.0, 'x2': 133, 'y2': 154, 'aspect_ratio': 1.4225352112676057}]","stain","0.8049999999999999","rules_constrained_taxonomy","32.0","83.0","101.0","71.0","5253.0","0.0801544189453125","0.6363422870635986","1.0","133.0","154.0","1.4225352112676057","0.04058011434946312","32.93613164133315","64.1775205689583","0.2405819802662421","20.63405227709731","['features|aspect=1.423|area=0.0802|dark_contrast=20.63|sat_contrast=0.24|edge_density=0.0406|flags=elongated:0_thin:0_dark:1_saturated:0_large:1_edge:0', 'large_low_edge_region']","1.0","0.8763540291786194","0.8049999999999999","0.8049999999999999","0.9141562087535857","minimum","0.8049999999999999","S3","O2","D1","Medium","Reinspect item and consider rework if defect is confirmed.","True","S3|O2|D1","False","[]","outputs/risk_patchcore_capsule_semantic_v3/artefacts/capsule__test__squeeze__015_heatmap_overlay.png","outputs/risk_patchcore_capsule_semantic_v3/artefacts/capsule__test__squeeze__015_mask.png","outputs/risk_patchcore_capsule_semantic_v3/artefacts/capsule__test__squeeze__015_annotated.png","simple_statistical_reference","0.42","minimum",""
"capsule__test__squeeze__016","data/mvtec_anomaly_detection/capsule/test/squeeze/016.png","c7ed7b1bd4564c4f3ee8becef329d97626d6fb6862c7723809df8a39190640c2","2026-06-08T23:11:18.323191+00:00","anomalib_patchcore","1.0","0.5","True","1.0","0.5","0.846288692355156","0.10821533203125","1","[{'x': 79, 'y': 85, 'w': 136, 'h': 98, 'area_px': 7092, 'area_ratio': 0.10821533203125, 'mean_heat': 0.5695304274559021, 'max_heat': 1.0, 'x2': 215, 'y2': 183, 'aspect_ratio': 1.3877551020408163}]","deformation","0.779","rules_constrained_taxonomy","79.0","85.0","136.0","98.0","7092.0","0.10821533203125","0.5695304274559021","1.0","215.0","183.0","1.3877551020408163","0.0745048019207683","73.23386854741896","113.74819927971188","9.050985352589791","8.409118356483873","['features|aspect=1.388|area=0.1082|dark_contrast=8.41|sat_contrast=9.05|edge_density=0.0745|flags=elongated:0_thin:0_dark:0_saturated:0_large:1_edge:1', 'large_irregular_edge_region']","1.0","0.846288692355156","0.779","0.779","0.8986366077065469","minimum","0.779","S4","O1","D2","Medium","Reinspect item and consider rework if defect is confirmed.","True","S4|O1|D2","False","[]","outputs/risk_patchcore_capsule_semantic_v3/artefacts/capsule__test__squeeze__016_heatmap_overlay.png","outputs/risk_patchcore_capsule_semantic_v3/artefacts/capsule__test__squeeze__016_mask.png","outputs/risk_patchcore_capsule_semantic_v3/artefacts/capsule__test__squeeze__016_annotated.png","simple_statistical_reference","0.42","minimum",""
"capsule__test__squeeze__017","data/mvtec_anomaly_detection/capsule/test/squeeze/017.png","f96d65a4ac8b65746dd62174a8f1970898299b9ca07f6e91491167f464ce0700","2026-06-08T23:11:18.374352+00:00","anomalib_patchcore","0.7389565091002473","0.5","True","0.7389565091002473","0.23895650910024735","0.7946157493376811","0.0788421630859375","2","[{'x': 15, 'y': 80, 'w': 99, 'h': 67, 'area_px': 4950, 'area_ratio': 0.075531005859375, 'mean_heat': 0.5922915935516357, 'max_heat': 1.0, 'x2': 114, 'y2': 147, 'aspect_ratio': 1.4776119402985075}, {'x': 233, 'y': 195, 'w': 12, 'h': 23, 'area_px': 217, 'area_ratio': 0.0033111572265625, 'mean_heat': 0.436450719833374, 'max_heat': 0.45098039507865906, 'x2': 245, 'y2': 218, 'aspect_ratio': 1.9166666666666667}]","surface_defect","0.753","rules_constrained_taxonomy","15.0","80.0","99.0","67.0","4950.0","0.075531005859375","0.5922915935516357","1.0","114.0","147.0","1.4776119402985075","0.03512739333634856","24.43886627468717","77.13206693803708","2.744261769710743","14.900725099678994","['features|aspect=1.478|area=0.0755|dark_contrast=14.90|sat_contrast=2.74|edge_density=0.0351|flags=elongated:0_thin:0_dark:0_saturated:0_large:0_edge:0', 'high_heat_moderate_area_surface_defect_fallback']","0.7389565091002473","0.7946157493376811","0.753","0.7389565091002473","0.7591651538964157","minimum","0.7389565091002473","S3","O2","D2","High","Quarantine item or lot pending quality engineer review.","True","S3|O2|D2","False","[]","outputs/risk_patchcore_capsule_semantic_v3/artefacts/capsule__test__squeeze__017_heatmap_overlay.png","outputs/risk_patchcore_capsule_semantic_v3/artefacts/capsule__test__squeeze__017_mask.png","outputs/risk_patchcore_capsule_semantic_v3/artefacts/capsule__test__squeeze__017_annotated.png","simple_statistical_reference","0.42","minimum",""
"capsule__test__squeeze__018","data/mvtec_anomaly_detection/capsule/test/squeeze/018.png","01c1cdcc7256f649610df76d9ca1baab74d829f49f62008c562d2620b1172ade","2026-06-08T23:11:18.425342+00:00","anomalib_patchcore","1.0","0.5","True","1.0","0.5","0.7383629162637789","0.063323974609375","2","[{'x': 163, 'y': 114, 'w': 76, 'h': 59, 'area_px': 3265, 'area_ratio': 0.0498199462890625, 'mean_heat': 0.6141092777252197, 'max_heat': 1.0, 'x2': 239, 'y2': 173, 'aspect_ratio': 1.2881355932203389}, {'x': 93, 'y': 104, 'w': 36, 'h': 32, 'area_px': 885, 'area_ratio': 0.0135040283203125, 'mean_heat': 0.47412431240081787, 'max_heat': 0.5333333611488342, 'x2': 129, 'y2': 136, 'aspect_ratio': 1.125}]","surface_defect","0.753","rules_constrained_taxonomy","163.0","114.0","76.0","59.0","3265.0","0.0498199462890625","0.6141092777252197","1.0","239.0","173.0","1.2881355932203389","0.0816235504014273","94.16369313113292","137.05196253345227","9.946301826785088","7.446008481040479","['features|aspect=1.288|area=0.0498|dark_contrast=7.45|sat_contrast=9.95|edge_density=0.0816|flags=elongated:0_thin:0_dark:0_saturated:0_large:0_edge:1', 'high_heat_moderate_area_surface_defect_fallback']","1.0","0.7383629162637789","0.753","0.7383629162637789","0.8597588748791337","minimum","0.7383629162637789","S3","O2","D2","High","Quarantine item or lot pending quality engineer review.","True","S3|O2|D2","False","[]","outputs/risk_patchcore_capsule_semantic_v3/artefacts/capsule__test__squeeze__018_heatmap_overlay.png","outputs/risk_patchcore_capsule_semantic_v3/artefacts/capsule__test__squeeze__018_mask.png","outputs/risk_patchcore_capsule_semantic_v3/artefacts/capsule__test__squeeze__018_annotated.png","simple_statistical_reference","0.42","minimum",""
"capsule__test__squeeze__019","data/mvtec_anomaly_detection/capsule/test/squeeze/019.png","af90e2923a87291bdfc110d928b4c2a417189088f7c837cca4e7f44717508203","2026-06-08T23:11:18.474517+00:00","anomalib_patchcore","0.7172061449213781","0.5","True","0.7172061449213781","0.21720614492137813","0.850991141796112","0.043701171875","1","[{'x': 167, 'y': 81, 'w': 66, 'h': 57, 'area_px': 2864, 'area_ratio': 0.043701171875, 'mean_heat': 0.608173131942749, 'max_heat': 1.0, 'x2': 233, 'y2': 138, 'aspect_ratio': 1.1578947368421053}]","surface_defect","0.753","rules_constrained_taxonomy","167.0","81.0","66.0","57.0","2864.0","0.043701171875","0.608173131942749","1.0","233.0","138.0","1.1578947368421053","0.06990962254120149","99.22169059011165","150.70760233918128","6.839131285066543","1.5638644165821631","['features|aspect=1.158|area=0.0437|dark_contrast=1.56|sat_contrast=6.84|edge_density=0.0699|flags=elongated:0_thin:0_dark:0_saturated:0_large:0_edge:1', 'high_heat_moderate_area_surface_defect_fallback']","0.7172061449213781","0.850991141796112","0.753","0.7172061449213781","0.7662901077534537","minimum","0.7172061449213781","S3","O2","D2","High","Quarantine item or lot pending quality engineer review.","True","S3|O2|D2","False","[]","outputs/risk_patchcore_capsule_semantic_v3/artefacts/capsule__test__squeeze__019_heatmap_overlay.png","outputs/risk_patchcore_capsule_semantic_v3/artefacts/capsule__test__squeeze__019_mask.png","outputs/risk_patchcore_capsule_semantic_v3/artefacts/capsule__test__squeeze__019_annotated.png","simple_statistical_reference","0.42","minimum",""
