"image_id","image_path","image_sha256","created_utc","detection.detector_name","detection.image_score","detection.threshold","detection.is_anomalous","detection.confidence","detection.score_margin","localisation.confidence","localisation.mask_area_ratio","localisation.component_count","localisation.boxes","semantic.label","semantic.confidence","semantic.method","semantic.evidence.selected_box.x","semantic.evidence.selected_box.y","semantic.evidence.selected_box.w","semantic.evidence.selected_box.h","semantic.evidence.selected_box.area_px","semantic.evidence.selected_box.area_ratio","semantic.evidence.selected_box.mean_heat","semantic.evidence.selected_box.max_heat","semantic.evidence.selected_box.x2","semantic.evidence.selected_box.y2","semantic.evidence.selected_box.aspect_ratio","semantic.evidence.edge_density","semantic.evidence.mean_saturation","semantic.evidence.mean_value","semantic.evidence.saturation_contrast","semantic.evidence.dark_contrast","semantic.evidence.rules","confidence.components.anomaly","confidence.components.localisation","confidence.components.semantic","confidence.fusion.minimum","confidence.fusion.weighted_average","confidence.fusion.preferred_strategy","confidence.fusion.preferred","risk.severity","risk.occurrence","risk.detection","risk.risk_class","risk.action","risk.mapped","risk.rpm_lookup_key","review.requires_review","review.reasons","artefacts.heatmap_overlay","artefacts.mask","artefacts.annotated","config_summary.detector","config_summary.localisation_threshold","config_summary.fusion_preferred_strategy","semantic.evidence.reason"
"bottle__test__broken_large__000","data/mvtec_anomaly_detection/bottle/test/broken_large/000.png","11a691a06a33dd78c5fcab6a822caa48c0d72f27f660e19f5abd9b5aa392b0eb","2026-06-08T16:45:03.262010+00:00","anomalib_padim","0.6981186497550983","0.5","True","0.6981186497550983","0.1981186497550983","0.8478363537788391","0.1250457763671875","1","[{'x': 95, 'y': 93, 'w': 125, 'h': 131, 'area_px': 8195, 'area_ratio': 0.1250457763671875, 'mean_heat': 0.5729696750640869, 'max_heat': 1.0, 'x2': 220, 'y2': 224, 'aspect_ratio': 1.048}]","deformation","0.779","rules_constrained_taxonomy","95.0","93.0","125.0","131.0","8195.0","0.1250457763671875","0.5729696750640869","1.0","220.0","224.0","1.048","0.11340458015267176","42.85410687022901","82.13502290076336","0.11622874025361796","4.266048165961209","['large_irregular_edge_region']","0.6981186497550983","0.8478363537788391","0.779","0.6981186497550983","0.763254298523446","minimum","0.6981186497550983","S4","O1","D2","Medium","Reinspect item and consider rework if defect is confirmed.","True","S4|O1|D2","False","[]","outputs/risk_padim_bottle/artefacts/bottle__test__broken_large__000_heatmap_overlay.png","outputs/risk_padim_bottle/artefacts/bottle__test__broken_large__000_mask.png","outputs/risk_padim_bottle/artefacts/bottle__test__broken_large__000_annotated.png","simple_statistical_reference","0.42","minimum",""
"bottle__test__broken_large__001","data/mvtec_anomaly_detection/bottle/test/broken_large/001.png","b5e6fd5f3f9ac5310f4fecc37f64d42eaa3326d3d3b327369d2d789752189a0f","2026-06-08T16:45:03.297376+00:00","anomalib_padim","0.8503873990733742","0.5","True","0.8503873990733742","0.35038739907337424","0.6031873939383858","0.0562286376953125","3","[{'x': 158, 'y': 144, 'w': 47, 'h': 49, 'area_px': 1701, 'area_ratio': 0.0259552001953125, 'mean_heat': 0.5643370151519775, 'max_heat': 0.7921568751335144, 'x2': 205, 'y2': 193, 'aspect_ratio': 1.0425531914893618}, {'x': 35, 'y': 113, 'w': 45, 'h': 51, 'area_px': 1413, 'area_ratio': 0.0215606689453125, 'mean_heat': 0.5958952307701111, 'max_heat': 1.0, 'x2': 80, 'y2': 164, 'aspect_ratio': 1.1333333333333333}, {'x': 109, 'y': 187, 'w': 35, 'h': 25, 'area_px': 571, 'area_ratio': 0.0087127685546875, 'mean_heat': 0.4743930399417877, 'max_heat': 0.5333333611488342, 'x2': 144, 'y2': 212, 'aspect_ratio': 1.4}]","unknown","0.50475490629673","rules_constrained_taxonomy","158.0","144.0","47.0","49.0","1701.0","0.0259552001953125","0.5643370151519775","0.7921568751335144","205.0","193.0","1.0425531914893618","0.18106817194963093","43.43595310464612","89.07338254450717","0.5667330980400891","0.0","['no_rule_matched_confidently']","0.8503873990733742","0.6031873939383858","0.50475490629673","0.50475490629673","0.6898192743387166","minimum","0.50475490629673","S3","O3","D3","Critical","Stop release or production path until authorised review is complete.","True","S3|O3|D3","True","['Fused confidence 0.505 is below operational threshold 0.600.', 'Semantic label is unknown or not confidently mapped to the taxonomy.', 'Critical risk class requires operator confirmation before release decision.']","outputs/risk_padim_bottle/artefacts/bottle__test__broken_large__001_heatmap_overlay.png","outputs/risk_padim_bottle/artefacts/bottle__test__broken_large__001_mask.png","outputs/risk_padim_bottle/artefacts/bottle__test__broken_large__001_annotated.png","simple_statistical_reference","0.42","minimum",""
"bottle__test__broken_large__002","data/mvtec_anomaly_detection/bottle/test/broken_large/002.png","249813c6bccb58b9de711a6b7248f4fd8ba4136364cfad2e0577769db91353c2","2026-06-08T16:45:03.334264+00:00","anomalib_padim","0.710037870331889","0.5","True","0.710037870331889","0.21003787033188903","0.7861427155406628","0.147247314453125","2","[{'x': 81, 'y': 40, 'w': 141, 'h': 130, 'area_px': 8474, 'area_ratio': 0.129302978515625, 'mean_heat': 0.5882477760314941, 'max_heat': 1.0, 'x2': 222, 'y2': 170, 'aspect_ratio': 1.0846153846153845}, {'x': 44, 'y': 83, 'w': 23, 'h': 72, 'area_px': 1176, 'area_ratio': 0.0179443359375, 'mean_heat': 0.5683039426803589, 'max_heat': 0.9411764740943909, 'x2': 67, 'y2': 155, 'aspect_ratio': 3.130434782608696}]","deformation","0.779","rules_constrained_taxonomy","81.0","40.0","141.0","130.0","8474.0","0.129302978515625","0.5882477760314941","1.0","222.0","170.0","1.0846153846153845","0.08570649208947081","45.39650845608293","75.51669394435352","1.5771209680801377","5.230972053377911","['large_irregular_edge_region']","0.710037870331889","0.7861427155406628","0.779","0.710037870331889","0.7501098563115489","minimum","0.710037870331889","S4","O1","D2","Medium","Reinspect item and consider rework if defect is confirmed.","True","S4|O1|D2","False","[]","outputs/risk_padim_bottle/artefacts/bottle__test__broken_large__002_heatmap_overlay.png","outputs/risk_padim_bottle/artefacts/bottle__test__broken_large__002_mask.png","outputs/risk_padim_bottle/artefacts/bottle__test__broken_large__002_annotated.png","simple_statistical_reference","0.42","minimum",""
"bottle__test__broken_large__003","data/mvtec_anomaly_detection/bottle/test/broken_large/003.png","b4797ce35dd407629e29dd199cd6e497f0a706a1ddd72ace226f30858d3199c4","2026-06-08T16:45:03.368659+00:00","anomalib_padim","0.9462339830496239","0.5","True","0.9462339830496239","0.4462339830496239","0.6001270781956809","0.1142425537109375","3","[{'x': 94, 'y': 168, 'w': 99, 'h': 56, 'area_px': 3199, 'area_ratio': 0.0488128662109375, 'mean_heat': 0.5627923011779785, 'max_heat': 0.9333333373069763, 'x2': 193, 'y2': 224, 'aspect_ratio': 1.7678571428571428}, {'x': 25, 'y': 36, 'w': 94, 'h': 98, 'area_px': 2962, 'area_ratio': 0.045196533203125, 'mean_heat': 0.4861222803592682, 'max_heat': 0.6117647290229797, 'x2': 119, 'y2': 134, 'aspect_ratio': 1.0425531914893618}, {'x': 157, 'y': 58, 'w': 37, 'h': 52, 'area_px': 1326, 'area_ratio': 0.020233154296875, 'mean_heat': 0.6130245923995972, 'max_heat': 1.0, 'x2': 194, 'y2': 110, 'aspect_ratio': 1.4054054054054055}]","unknown","0.5541666680574417","rules_constrained_taxonomy","94.0","168.0","99.0","56.0","3199.0","0.0488128662109375","0.5627923011779785","0.9333333373069763","193.0","224.0","1.7678571428571428","0.18163780663780663","39.7034632034632","93.39772727272727","1.7324063617541867","0.0","['no_rule_matched_confidently']","0.9462339830496239","0.6001270781956809","0.5541666680574417","0.5541666680574417","0.7443850828453955","minimum","0.5541666680574417","S3","O3","D2","High","Quarantine item or lot pending quality engineer review.","True","S3|O3|D2","True","['Fused confidence 0.554 is below operational threshold 0.600.', 'Semantic label is unknown or not confidently mapped to the taxonomy.']","outputs/risk_padim_bottle/artefacts/bottle__test__broken_large__003_heatmap_overlay.png","outputs/risk_padim_bottle/artefacts/bottle__test__broken_large__003_mask.png","outputs/risk_padim_bottle/artefacts/bottle__test__broken_large__003_annotated.png","simple_statistical_reference","0.42","minimum",""
"bottle__test__broken_large__004","data/mvtec_anomaly_detection/bottle/test/broken_large/004.png","ede2360ddfaba9c13112b6159f5fd3342226203719ba9f067c2ff16e3d4690e0","2026-06-08T16:45:03.412454+00:00","anomalib_padim","0.9134388890889783","0.5","True","0.9134388890889783","0.4134388890889783","0.847193545103073","0.0296478271484375","1","[{'x': 46, 'y': 78, 'w': 44, 'h': 62, 'area_px': 1943, 'area_ratio': 0.0296478271484375, 'mean_heat': 0.6192525625228882, 'max_heat': 1.0, 'x2': 90, 'y2': 140, 'aspect_ratio': 1.4090909090909092}]","unknown","0.5774999999999999","rules_constrained_taxonomy","46.0","78.0","44.0","62.0","1943.0","0.0296478271484375","0.6192525625228882","1.0","90.0","140.0","1.4090909090909092","0.22250733137829912","47.856304985337246","107.13489736070382","1.9342933052610434","0.0","['no_rule_matched_confidently']","0.9134388890889783","0.847193545103073","0.5774999999999999","0.5774999999999999","0.8095805636209621","minimum","0.5774999999999999","S3","O3","D2","High","Quarantine item or lot pending quality engineer review.","True","S3|O3|D2","True","['Fused confidence 0.577 is below operational threshold 0.600.', 'Semantic label is unknown or not confidently mapped to the taxonomy.']","outputs/risk_padim_bottle/artefacts/bottle__test__broken_large__004_heatmap_overlay.png","outputs/risk_padim_bottle/artefacts/bottle__test__broken_large__004_mask.png","outputs/risk_padim_bottle/artefacts/bottle__test__broken_large__004_annotated.png","simple_statistical_reference","0.42","minimum",""
"bottle__test__broken_large__005","data/mvtec_anomaly_detection/bottle/test/broken_large/005.png","cb4dfa6e11f536aa8746834d41e27f86facf51fb8c92e421af7c6dc342a32553","2026-06-08T16:45:03.451188+00:00","anomalib_padim","0.9074208618265934","0.5","True","0.9074208618265934","0.40742086182659343","0.8434976994991301","0.03167724609375","1","[{'x': 166, 'y': 75, 'w': 44, 'h': 70, 'area_px': 2076, 'area_ratio': 0.03167724609375, 'mean_heat': 0.6082209348678589, 'max_heat': 1.0, 'x2': 210, 'y2': 145, 'aspect_ratio': 1.5909090909090908}]","unknown","0.5774999999999999","rules_constrained_taxonomy","166.0","75.0","44.0","70.0","2076.0","0.03167724609375","0.6082209348678589","1.0","210.0","145.0","1.5909090909090908","0.19220779220779222","42.45616883116883","88.83733766233766","1.3103040370482262","0.0","['no_rule_matched_confidently']","0.9074208618265934","0.8434976994991301","0.5774999999999999","0.5774999999999999","0.805763697671706","minimum","0.5774999999999999","S3","O3","D2","High","Quarantine item or lot pending quality engineer review.","True","S3|O3|D2","True","['Fused confidence 0.577 is below operational threshold 0.600.', 'Semantic label is unknown or not confidently mapped to the taxonomy.']","outputs/risk_padim_bottle/artefacts/bottle__test__broken_large__005_heatmap_overlay.png","outputs/risk_padim_bottle/artefacts/bottle__test__broken_large__005_mask.png","outputs/risk_padim_bottle/artefacts/bottle__test__broken_large__005_annotated.png","simple_statistical_reference","0.42","minimum",""
"bottle__test__broken_large__006","data/mvtec_anomaly_detection/bottle/test/broken_large/006.png","7e1590d94352b6a5d9463d4b378721ac80335f512d78095c7126d3eae1799fae","2026-06-08T16:45:03.488159+00:00","anomalib_padim","1.0","0.5","True","1.0","0.5","0.7345150186233045","0.0406494140625","3","[{'x': 130, 'y': 44, 'w': 65, 'h': 60, 'area_px': 2363, 'area_ratio': 0.0360565185546875, 'mean_heat': 0.689445972442627, 'max_heat': 1.0, 'x2': 195, 'y2': 104, 'aspect_ratio': 1.0833333333333333}, {'x': 46, 'y': 131, 'w': 18, 'h': 16, 'area_px': 209, 'area_ratio': 0.0031890869140625, 'mean_heat': 0.44127967953681946, 'max_heat': 0.4588235318660736, 'x2': 64, 'y2': 147, 'aspect_ratio': 1.125}, {'x': 33, 'y': 88, 'w': 10, 'h': 11, 'area_px': 92, 'area_ratio': 0.00140380859375, 'mean_heat': 0.45170506834983826, 'max_heat': 0.48235294222831726, 'x2': 43, 'y2': 99, 'aspect_ratio': 1.1}]","unknown","0.5774999999999999","rules_constrained_taxonomy","130.0","44.0","65.0","60.0","2363.0","0.0360565185546875","0.689445972442627","1.0","195.0","104.0","1.0833333333333333","0.18102564102564103","44.05923076923077","88.56589743589744","0.49279152296696793","0.0","['no_rule_matched_confidently']","1.0","0.7345150186233045","0.5774999999999999","0.5774999999999999","0.8147295055869914","minimum","0.5774999999999999","S3","O3","D2","High","Quarantine item or lot pending quality engineer review.","True","S3|O3|D2","True","['Fused confidence 0.577 is below operational threshold 0.600.', 'Semantic label is unknown or not confidently mapped to the taxonomy.']","outputs/risk_padim_bottle/artefacts/bottle__test__broken_large__006_heatmap_overlay.png","outputs/risk_padim_bottle/artefacts/bottle__test__broken_large__006_mask.png","outputs/risk_padim_bottle/artefacts/bottle__test__broken_large__006_annotated.png","simple_statistical_reference","0.42","minimum",""
"bottle__test__broken_large__007","data/mvtec_anomaly_detection/bottle/test/broken_large/007.png","944292b41adbdcbc22c19027f3e0b02eae1cd9defa93bb41e4f4acb84047a3f2","2026-06-08T16:45:03.524146+00:00","anomalib_padim","0.5822266690595191","0.5","True","0.5822266690595191","0.08222666905951914","0.7366208927555893","0.1559600830078125","2","[{'x': 38, 'y': 93, 'w': 121, 'h': 132, 'area_px': 7132, 'area_ratio': 0.10882568359375, 'mean_heat': 0.623907744884491, 'max_heat': 1.0, 'x2': 159, 'y2': 225, 'aspect_ratio': 1.0909090909090908}, {'x': 169, 'y': 109, 'w': 52, 'h': 83, 'area_px': 3089, 'area_ratio': 0.0471343994140625, 'mean_heat': 0.5931001901626587, 'max_heat': 0.95686274766922, 'x2': 221, 'y2': 192, 'aspect_ratio': 1.5961538461538463}]","deformation","0.779","rules_constrained_taxonomy","38.0","93.0","121.0","132.0","7132.0","0.10882568359375","0.623907744884491","1.0","159.0","225.0","1.0909090909090908","0.10011269722013523","48.00093914350113","76.45204107187578","1.923803613810854","6.683389979613665","['large_irregular_edge_region']","0.5822266690595191","0.7366208927555893","0.779","0.5822266690595191","0.6777382689034603","minimum","0.5822266690595191","S4","O1","D2","Medium","Reinspect item and consider rework if defect is confirmed.","True","S4|O1|D2","True","['Fused confidence 0.582 is below operational threshold 0.600.']","outputs/risk_padim_bottle/artefacts/bottle__test__broken_large__007_heatmap_overlay.png","outputs/risk_padim_bottle/artefacts/bottle__test__broken_large__007_mask.png","outputs/risk_padim_bottle/artefacts/bottle__test__broken_large__007_annotated.png","simple_statistical_reference","0.42","minimum",""
"bottle__test__broken_large__008","data/mvtec_anomaly_detection/bottle/test/broken_large/008.png","0ded17a988dd56d1027d90402e0eff6030727b541c7c263bd77287a62a49b334","2026-06-08T16:45:03.560268+00:00","anomalib_padim","0.8325879474736354","0.5","True","0.8325879474736354","0.3325879474736354","0.6921358210441013","0.0830535888671875","3","[{'x': 56, 'y': 140, 'w': 104, 'h': 79, 'area_px': 3655, 'area_ratio': 0.0557708740234375, 'mean_heat': 0.5905002951622009, 'max_heat': 1.0, 'x2': 160, 'y2': 219, 'aspect_ratio': 1.3164556962025316}, {'x': 176, 'y': 92, 'w': 39, 'h': 47, 'area_px': 1294, 'area_ratio': 0.019744873046875, 'mean_heat': 0.5743855834007263, 'max_heat': 0.7568627595901489, 'x2': 215, 'y2': 139, 'aspect_ratio': 1.205128205128205}, {'x': 174, 'y': 174, 'w': 26, 'h': 23, 'area_px': 494, 'area_ratio': 0.007537841796875, 'mean_heat': 0.5405731797218323, 'max_heat': 0.7176470756530762, 'x2': 200, 'y2': 197, 'aspect_ratio': 1.1304347826086956}]","unknown","0.5774999999999999","rules_constrained_taxonomy","56.0","140.0","104.0","79.0","3655.0","0.0557708740234375","0.5905002951622009","1.0","160.0","219.0","1.3164556962025316","0.14033592989289193","48.91321811100292","81.83921616358325","1.879621619774852","2.8615733101009653","['no_rule_matched_confidently']","0.8325879474736354","0.6921358210441013","0.5774999999999999","0.5774999999999999","0.7266803226763663","minimum","0.5774999999999999","S3","O3","D2","High","Quarantine item or lot pending quality engineer review.","True","S3|O3|D2","True","['Fused confidence 0.577 is below operational threshold 0.600.', 'Semantic label is unknown or not confidently mapped to the taxonomy.']","outputs/risk_padim_bottle/artefacts/bottle__test__broken_large__008_heatmap_overlay.png","outputs/risk_padim_bottle/artefacts/bottle__test__broken_large__008_mask.png","outputs/risk_padim_bottle/artefacts/bottle__test__broken_large__008_annotated.png","simple_statistical_reference","0.42","minimum",""
"bottle__test__broken_large__009","data/mvtec_anomaly_detection/bottle/test/broken_large/009.png","eb6b625a6b86299dbf335512cb3fee553f337892023560c7a5652fcbbb63d1e0","2026-06-08T16:45:03.598089+00:00","anomalib_padim","0.5597904407943455","0.5","True","0.5597904407943455","0.05979044079434548","0.7349603876043932","0.0406036376953125","2","[{'x': 95, 'y': 44, 'w': 66, 'h': 40, 'area_px': 2096, 'area_ratio': 0.031982421875, 'mean_heat': 0.6646722555160522, 'max_heat': 1.0, 'x2': 161, 'y2': 84, 'aspect_ratio': 1.65}, {'x': 181, 'y': 143, 'w': 28, 'h': 30, 'area_px': 565, 'area_ratio': 0.0086212158203125, 'mean_heat': 0.47010931372642517, 'max_heat': 0.5254902243614197, 'x2': 209, 'y2': 173, 'aspect_ratio': 1.0714285714285714}]","unknown","0.5774999999999999","rules_constrained_taxonomy","95.0","44.0","66.0","40.0","2096.0","0.031982421875","0.6646722555160522","1.0","161.0","84.0","1.65","0.15833333333333333","44.88787878787879","82.90833333333333","3.2388633723999547","0.0","['no_rule_matched_confidently']","0.5597904407943455","0.7349603876043932","0.5774999999999999","0.5597904407943455","0.6167688146387733","minimum","0.5597904407943455","S3","O3","D2","High","Quarantine item or lot pending quality engineer review.","True","S3|O3|D2","True","['Fused confidence 0.560 is below operational threshold 0.600.', 'Semantic label is unknown or not confidently mapped to the taxonomy.', 'Anomaly score is close to the decision boundary; margin=0.060.']","outputs/risk_padim_bottle/artefacts/bottle__test__broken_large__009_heatmap_overlay.png","outputs/risk_padim_bottle/artefacts/bottle__test__broken_large__009_mask.png","outputs/risk_padim_bottle/artefacts/bottle__test__broken_large__009_annotated.png","simple_statistical_reference","0.42","minimum",""
"bottle__test__broken_large__010","data/mvtec_anomaly_detection/bottle/test/broken_large/010.png","cac8b9cc86de2513a673453689e927a2c70a86b2f4961df2e70d795aad9fc0c6","2026-06-08T16:45:03.645739+00:00","anomalib_padim","0.5988366133753497","0.5","True","0.5988366133753497","0.09883661337534966","0.743154910219351","0.0982513427734375","2","[{'x': 43, 'y': 38, 'w': 102, 'h': 66, 'area_px': 4469, 'area_ratio': 0.0681915283203125, 'mean_heat': 0.6667737364768982, 'max_heat': 1.0, 'x2': 145, 'y2': 104, 'aspect_ratio': 1.5454545454545454}, {'x': 62, 'y': 166, 'w': 59, 'h': 43, 'area_px': 1970, 'area_ratio': 0.030059814453125, 'mean_heat': 0.5850721597671509, 'max_heat': 0.8039215803146362, 'x2': 121, 'y2': 209, 'aspect_ratio': 1.372093023255814}]","unknown","0.5774999999999999","rules_constrained_taxonomy","43.0","38.0","102.0","66.0","4469.0","0.0681915283203125","0.6667737364768982","1.0","145.0","104.0","1.5454545454545454","0.1408199643493761","41.11408199643494","83.1213606654783","1.0900017980058365","4.35455913609259","['no_rule_matched_confidently']","0.5988366133753497","0.743154910219351","0.5774999999999999","0.5774999999999999","0.6367979490847127","minimum","0.5774999999999999","S3","O3","D2","High","Quarantine item or lot pending quality engineer review.","True","S3|O3|D2","True","['Fused confidence 0.577 is below operational threshold 0.600.', 'Semantic label is unknown or not confidently mapped to the taxonomy.']","outputs/risk_padim_bottle/artefacts/bottle__test__broken_large__010_heatmap_overlay.png","outputs/risk_padim_bottle/artefacts/bottle__test__broken_large__010_mask.png","outputs/risk_padim_bottle/artefacts/bottle__test__broken_large__010_annotated.png","simple_statistical_reference","0.42","minimum",""
"bottle__test__broken_large__011","data/mvtec_anomaly_detection/bottle/test/broken_large/011.png","d1819a2167952638c4826a78d3d081fdf26e5a923f3868713af122f5b1d8eddb","2026-06-08T16:45:03.681702+00:00","anomalib_padim","0.47208246647664626","0.5","True","0.47208246647664626","0.027917533523353744","0.8594076335430145","0.0732421875","1","[{'x': 63, 'y': 146, 'w': 137, 'h': 69, 'area_px': 4800, 'area_ratio': 0.0732421875, 'mean_heat': 0.5858472585678101, 'max_heat': 1.0, 'x2': 200, 'y2': 215, 'aspect_ratio': 1.9855072463768115}]","unknown","0.5774999999999999","rules_constrained_taxonomy","63.0","146.0","137.0","69.0","4800.0","0.0732421875","0.5858472585678101","1.0","200.0","215.0","1.9855072463768115","0.195176134560457","51.40537395535809","77.84184914841849","2.4046050203330935","5.3559978335115375","['no_rule_matched_confidently']","0.47208246647664626","0.8594076335430145","0.5774999999999999","0.47208246647664626","0.6146343999773951","minimum","0.47208246647664626","S3","O3","D3","Critical","Stop release or production path until authorised review is complete.","True","S3|O3|D3","True","['Fused confidence 0.472 is below operational threshold 0.600.', 'Semantic label is unknown or not confidently mapped to the taxonomy.', 'Anomaly score is close to the decision boundary; margin=0.028.', 'Critical risk class requires operator confirmation before release decision.']","outputs/risk_padim_bottle/artefacts/bottle__test__broken_large__011_heatmap_overlay.png","outputs/risk_padim_bottle/artefacts/bottle__test__broken_large__011_mask.png","outputs/risk_padim_bottle/artefacts/bottle__test__broken_large__011_annotated.png","simple_statistical_reference","0.42","minimum",""
"bottle__test__broken_large__012","data/mvtec_anomaly_detection/bottle/test/broken_large/012.png","d531152578b689d196411359c7e8db8f06ba865916e62d0bd7d4f9a81869b6db","2026-06-08T16:45:03.716904+00:00","anomalib_padim","0.8594992139397594","0.5","True","0.8594992139397594","0.35949921393975937","0.8809104472398757","0.0261383056640625","1","[{'x': 125, 'y': 46, 'w': 57, 'h': 39, 'area_px': 1713, 'area_ratio': 0.0261383056640625, 'mean_heat': 0.6990533471107483, 'max_heat': 1.0, 'x2': 182, 'y2': 85, 'aspect_ratio': 1.4615384615384615}]","unknown","0.5774999999999999","rules_constrained_taxonomy","125.0","46.0","57.0","39.0","1713.0","0.0261383056640625","0.6990533471107483","1.0","182.0","85.0","1.4615384615384615","0.16824111560953667","41.81736392262708","96.6144849302744","2.8185015817315744","0.0","['no_rule_matched_confidently']","0.8594992139397594","0.8809104472398757","0.5774999999999999","0.5774999999999999","0.7954227804448544","minimum","0.5774999999999999","S3","O3","D2","High","Quarantine item or lot pending quality engineer review.","True","S3|O3|D2","True","['Fused confidence 0.577 is below operational threshold 0.600.', 'Semantic label is unknown or not confidently mapped to the taxonomy.']","outputs/risk_padim_bottle/artefacts/bottle__test__broken_large__012_heatmap_overlay.png","outputs/risk_padim_bottle/artefacts/bottle__test__broken_large__012_mask.png","outputs/risk_padim_bottle/artefacts/bottle__test__broken_large__012_annotated.png","simple_statistical_reference","0.42","minimum",""
"bottle__test__broken_large__013","data/mvtec_anomaly_detection/bottle/test/broken_large/013.png","cdb49dee73c2b02e2e062fe890ad5b6babc6aa5d95c84ba35486631a105f8373","2026-06-08T16:45:03.752728+00:00","anomalib_padim","0.6191432166872581","0.5","True","0.6191432166872581","0.11914321668725814","0.8484310799837111","0.1285858154296875","1","[{'x': 71, 'y': 38, 'w': 152, 'h': 156, 'area_px': 8427, 'area_ratio': 0.1285858154296875, 'mean_heat': 0.5742912888526917, 'max_heat': 1.0, 'x2': 223, 'y2': 194, 'aspect_ratio': 1.0263157894736843}]","deformation","0.779","rules_constrained_taxonomy","71.0","38.0","152.0","156.0","8427.0","0.1285858154296875","0.5742912888526917","1.0","223.0","194.0","1.0263157894736843","0.13642881241565452","40.821482793522264","81.91662449392713","2.6850971346075383","7.6524508106132885","['large_irregular_edge_region']","0.6191432166872581","0.8484310799837111","0.779","0.6191432166872581","0.7278937715043795","minimum","0.6191432166872581","S4","O1","D2","Medium","Reinspect item and consider rework if defect is confirmed.","True","S4|O1|D2","False","[]","outputs/risk_padim_bottle/artefacts/bottle__test__broken_large__013_heatmap_overlay.png","outputs/risk_padim_bottle/artefacts/bottle__test__broken_large__013_mask.png","outputs/risk_padim_bottle/artefacts/bottle__test__broken_large__013_annotated.png","simple_statistical_reference","0.42","minimum",""
"bottle__test__broken_large__014","data/mvtec_anomaly_detection/bottle/test/broken_large/014.png","e32c92da6a4689dfb9aa8e627da233b154d3f141c171aa6abfd32be4ac0589f8","2026-06-08T16:45:03.788354+00:00","anomalib_padim","0.872078027403161","0.5","True","0.872078027403161","0.372078027403161","0.8617407143115996","0.0359039306640625","1","[{'x': 53, 'y': 142, 'w': 57, 'h': 63, 'area_px': 2353, 'area_ratio': 0.0359039306640625, 'mean_heat': 0.6428905725479126, 'max_heat': 1.0, 'x2': 110, 'y2': 205, 'aspect_ratio': 1.105263157894737}]","unknown","0.5774999999999999","rules_constrained_taxonomy","53.0","142.0","57.0","63.0","2353.0","0.0359039306640625","0.6428905725479126","1.0","110.0","205.0","1.105263157894737","0.2375382901698691","42.92425508214982","99.3734335839599","0.13112173725646414","0.0","['no_rule_matched_confidently']","0.872078027403161","0.8617407143115996","0.5774999999999999","0.5774999999999999","0.7953323266249024","minimum","0.5774999999999999","S3","O3","D2","High","Quarantine item or lot pending quality engineer review.","True","S3|O3|D2","True","['Fused confidence 0.577 is below operational threshold 0.600.', 'Semantic label is unknown or not confidently mapped to the taxonomy.']","outputs/risk_padim_bottle/artefacts/bottle__test__broken_large__014_heatmap_overlay.png","outputs/risk_padim_bottle/artefacts/bottle__test__broken_large__014_mask.png","outputs/risk_padim_bottle/artefacts/bottle__test__broken_large__014_annotated.png","simple_statistical_reference","0.42","minimum",""
"bottle__test__broken_large__015","data/mvtec_anomaly_detection/bottle/test/broken_large/015.png","3237744b81d8c38e32188bd5b0ae5cabedf37560f721466bd4a8db9851fb10cc","2026-06-08T16:45:03.823370+00:00","anomalib_padim","0.873358063014395","0.5","True","0.873358063014395","0.373358063014395","0.7735207979218197","0.0243682861328125","2","[{'x': 173, 'y': 105, 'w': 41, 'h': 45, 'area_px': 1530, 'area_ratio': 0.023345947265625, 'mean_heat': 0.6569114923477173, 'max_heat': 1.0, 'x2': 214, 'y2': 150, 'aspect_ratio': 1.0975609756097562}, {'x': 133, 'y': 194, 'w': 8, 'h': 11, 'area_px': 67, 'area_ratio': 0.0010223388671875, 'mean_heat': 0.4293239414691925, 'max_heat': 0.43529412150382996, 'x2': 141, 'y2': 205, 'aspect_ratio': 1.375}]","unknown","0.5774999999999999","rules_constrained_taxonomy","173.0","105.0","41.0","45.0","1530.0","0.023345947265625","0.6569114923477173","1.0","214.0","150.0","1.0975609756097562","0.2037940379403794","40.65149051490515","99.45853658536585","2.653945205543515","0.0","['no_rule_matched_confidently']","0.873358063014395","0.7735207979218197","0.5774999999999999","0.5774999999999999","0.7694423677330235","minimum","0.5774999999999999","S3","O3","D2","High","Quarantine item or lot pending quality engineer review.","True","S3|O3|D2","True","['Fused confidence 0.577 is below operational threshold 0.600.', 'Semantic label is unknown or not confidently mapped to the taxonomy.']","outputs/risk_padim_bottle/artefacts/bottle__test__broken_large__015_heatmap_overlay.png","outputs/risk_padim_bottle/artefacts/bottle__test__broken_large__015_mask.png","outputs/risk_padim_bottle/artefacts/bottle__test__broken_large__015_annotated.png","simple_statistical_reference","0.42","minimum",""
"bottle__test__broken_large__016","data/mvtec_anomaly_detection/bottle/test/broken_large/016.png","8b5b47f25ebec3e88c3a09b8f20e14e2413252c82737009ff6f8f20d61a2b779","2026-06-08T16:45:03.859142+00:00","anomalib_padim","0.6296560113660833","0.5","True","0.6296560113660833","0.1296560113660833","0.8611180359125137","0.15960693359375","1","[{'x': 68, 'y': 49, 'w': 148, 'h': 171, 'area_px': 10460, 'area_ratio': 0.15960693359375, 'mean_heat': 0.6024845242500305, 'max_heat': 1.0, 'x2': 216, 'y2': 220, 'aspect_ratio': 1.1554054054054055}]","deformation","0.779","rules_constrained_taxonomy","68.0","49.0","148.0","171.0","10460.0","0.15960693359375","0.6024845242500305","1.0","216.0","220.0","1.1554054054054055","0.13853327011221747","46.83009325114588","80.00790263948159","2.585179986505217","6.7096531189637005","['large_irregular_edge_region']","0.6296560113660833","0.8611180359125137","0.779","0.6296560113660833","0.7364306158884916","minimum","0.6296560113660833","S4","O1","D2","Medium","Reinspect item and consider rework if defect is confirmed.","True","S4|O1|D2","False","[]","outputs/risk_padim_bottle/artefacts/bottle__test__broken_large__016_heatmap_overlay.png","outputs/risk_padim_bottle/artefacts/bottle__test__broken_large__016_mask.png","outputs/risk_padim_bottle/artefacts/bottle__test__broken_large__016_annotated.png","simple_statistical_reference","0.42","minimum",""
"bottle__test__broken_large__017","data/mvtec_anomaly_detection/bottle/test/broken_large/017.png","32a2c9cf43301567ccbb7c2e9a4eccff5a8e464de8a9c545885d6bfb28ab0315","2026-06-08T16:45:03.894845+00:00","anomalib_padim","0.5691915147315842","0.5","True","0.5691915147315842","0.06919151473158425","0.8429244780540466","0.1235809326171875","1","[{'x': 35, 'y': 42, 'w': 160, 'h': 152, 'area_px': 8099, 'area_ratio': 0.1235809326171875, 'mean_heat': 0.5620543956756592, 'max_heat': 1.0, 'x2': 195, 'y2': 194, 'aspect_ratio': 1.0526315789473684}]","deformation","0.779","rules_constrained_taxonomy","35.0","42.0","160.0","152.0","8099.0","0.1235809326171875","0.5620543956756592","1.0","195.0","194.0","1.0526315789473684","0.1155016447368421","44.927713815789474","78.21537828947369","2.957272798473454","6.870491569833675","['large_irregular_edge_region']","0.5691915147315842","0.8429244780540466","0.779","0.5691915147315842","0.7037635250454268","minimum","0.5691915147315842","S4","O1","D2","Medium","Reinspect item and consider rework if defect is confirmed.","True","S4|O1|D2","True","['Fused confidence 0.569 is below operational threshold 0.600.', 'Anomaly score is close to the decision boundary; margin=0.069.']","outputs/risk_padim_bottle/artefacts/bottle__test__broken_large__017_heatmap_overlay.png","outputs/risk_padim_bottle/artefacts/bottle__test__broken_large__017_mask.png","outputs/risk_padim_bottle/artefacts/bottle__test__broken_large__017_annotated.png","simple_statistical_reference","0.42","minimum",""
"bottle__test__broken_large__018","data/mvtec_anomaly_detection/bottle/test/broken_large/018.png","ced7c9391abb29b26e126885a1dde2310f3fd1e2cfdf997cd463221e7664e57e","2026-06-08T16:45:03.929200+00:00","anomalib_padim","0.6694312401132354","0.5","True","0.6694312401132354","0.1694312401132354","0.8567303174734116","0.1548004150390625","1","[{'x': 37, 'y': 49, 'w': 128, 'h': 172, 'area_px': 10145, 'area_ratio': 0.1548004150390625, 'mean_heat': 0.5927340388298035, 'max_heat': 1.0, 'x2': 165, 'y2': 221, 'aspect_ratio': 1.34375}]","deformation","0.779","rules_constrained_taxonomy","37.0","49.0","128.0","172.0","10145.0","0.1548004150390625","0.5927340388298035","1.0","165.0","221.0","1.34375","0.1373546511627907","48.459711119186046","79.14698401162791","2.6475435659945603","7.296241461185332","['large_irregular_edge_region']","0.6694312401132354","0.8567303174734116","0.779","0.6694312401132354","0.7530131532929794","minimum","0.6694312401132354","S4","O1","D2","Medium","Reinspect item and consider rework if defect is confirmed.","True","S4|O1|D2","False","[]","outputs/risk_padim_bottle/artefacts/bottle__test__broken_large__018_heatmap_overlay.png","outputs/risk_padim_bottle/artefacts/bottle__test__broken_large__018_mask.png","outputs/risk_padim_bottle/artefacts/bottle__test__broken_large__018_annotated.png","simple_statistical_reference","0.42","minimum",""
"bottle__test__broken_large__019","data/mvtec_anomaly_detection/bottle/test/broken_large/019.png","6807074bef09e3257c3bb516167264a9003ca666e1ddb65d7e306025a9cee695","2026-06-08T16:45:03.964309+00:00","anomalib_padim","0.8632972934342147","0.5","True","0.8632972934342147","0.3632972934342147","0.6619753955859793","0.0499725341796875","3","[{'x': 132, 'y': 55, 'w': 73, 'h': 45, 'area_px': 2170, 'area_ratio': 0.033111572265625, 'mean_heat': 0.6110924482345581, 'max_heat': 1.0, 'x2': 205, 'y2': 100, 'aspect_ratio': 1.6222222222222222}, {'x': 106, 'y': 180, 'w': 43, 'h': 29, 'area_px': 988, 'area_ratio': 0.01507568359375, 'mean_heat': 0.5173295140266418, 'max_heat': 0.6627451181411743, 'x2': 149, 'y2': 209, 'aspect_ratio': 1.4827586206896552}, {'x': 196, 'y': 149, 'w': 11, 'h': 13, 'area_px': 117, 'area_ratio': 0.0017852783203125, 'mean_heat': 0.455203652381897, 'max_heat': 0.4901960790157318, 'x2': 207, 'y2': 162, 'aspect_ratio': 1.1818181818181819}]","unknown","0.5774999999999999","rules_constrained_taxonomy","132.0","55.0","73.0","45.0","2170.0","0.033111572265625","0.6110924482345581","1.0","205.0","100.0","1.6222222222222222","0.232572298325723","41.19421613394216","86.86605783866058","0.5289373013129506","0.0","['no_rule_matched_confidently']","0.8632972934342147","0.6619753955859793","0.5774999999999999","0.5774999999999999","0.7314514007211903","minimum","0.5774999999999999","S3","O3","D2","High","Quarantine item or lot pending quality engineer review.","True","S3|O3|D2","True","['Fused confidence 0.577 is below operational threshold 0.600.', 'Semantic label is unknown or not confidently mapped to the taxonomy.']","outputs/risk_padim_bottle/artefacts/bottle__test__broken_large__019_heatmap_overlay.png","outputs/risk_padim_bottle/artefacts/bottle__test__broken_large__019_mask.png","outputs/risk_padim_bottle/artefacts/bottle__test__broken_large__019_annotated.png","simple_statistical_reference","0.42","minimum",""
"bottle__test__broken_small__000","data/mvtec_anomaly_detection/bottle/test/broken_small/000.png","05b96e1102fba8cc19bf60e17d33a0830247df2bbba56cae3df100336392941e","2026-06-08T16:45:04.000302+00:00","anomalib_padim","0.3591537728451086","0.5","True","0.3591537728451086","0.14084622715489142","0.8503126055002213","0.0189361572265625","1","[{'x': 61, 'y': 140, 'w': 41, 'h': 39, 'area_px': 1241, 'area_ratio': 0.0189361572265625, 'mean_heat': 0.6410611271858215, 'max_heat': 1.0, 'x2': 102, 'y2': 179, 'aspect_ratio': 1.0512820512820513}]","unknown","0.5774999999999999","rules_constrained_taxonomy","61.0","140.0","41.0","39.0","1241.0","0.0189361572265625","0.6410611271858215","1.0","102.0","179.0","1.0512820512820513","0.21325828642901815","48.91932457786116","80.00250156347717","0.02044100529337811","1.222059840031605","['no_rule_matched_confidently']","0.3591537728451086","0.8503126055002213","0.5774999999999999","0.3591537728451086","0.5610879794303651","minimum","0.3591537728451086","S3","O3","D3","Critical","Stop release or production path until authorised review is complete.","True","S3|O3|D3","True","['Fused confidence 0.359 is below operational threshold 0.600.', 'Semantic label is unknown or not confidently mapped to the taxonomy.', 'Critical risk class requires operator confirmation before release decision.']","outputs/risk_padim_bottle/artefacts/bottle__test__broken_small__000_heatmap_overlay.png","outputs/risk_padim_bottle/artefacts/bottle__test__broken_small__000_mask.png","outputs/risk_padim_bottle/artefacts/bottle__test__broken_small__000_annotated.png","simple_statistical_reference","0.42","minimum",""
"bottle__test__broken_small__001","data/mvtec_anomaly_detection/bottle/test/broken_small/001.png","bc60260af053f2f84f71550dda6f2d88c9c8e427109a56249f0dc60e30bc9759","2026-06-08T16:45:04.034030+00:00","anomalib_padim","0.9425787348548087","0.5","True","0.9425787348548087","0.4425787348548087","0.8439278036355973","0.023834228515625","1","[{'x': 54, 'y': 76, 'w': 40, 'h': 58, 'area_px': 1562, 'area_ratio': 0.023834228515625, 'mean_heat': 0.6200698018074036, 'max_heat': 1.0, 'x2': 94, 'y2': 134, 'aspect_ratio': 1.45}]","unknown","0.5774999999999999","rules_constrained_taxonomy","54.0","76.0","40.0","58.0","1562.0","0.023834228515625","0.6200698018074036","1.0","94.0","134.0","1.45","0.22327586206896552","50.65","100.46293103448276","0.3861969111969117","0.0","['no_rule_matched_confidently']","0.9425787348548087","0.8439278036355973","0.5774999999999999","0.5774999999999999","0.8217137717753431","minimum","0.5774999999999999","S3","O3","D2","High","Quarantine item or lot pending quality engineer review.","True","S3|O3|D2","True","['Fused confidence 0.577 is below operational threshold 0.600.', 'Semantic label is unknown or not confidently mapped to the taxonomy.']","outputs/risk_padim_bottle/artefacts/bottle__test__broken_small__001_heatmap_overlay.png","outputs/risk_padim_bottle/artefacts/bottle__test__broken_small__001_mask.png","outputs/risk_padim_bottle/artefacts/bottle__test__broken_small__001_annotated.png","simple_statistical_reference","0.42","minimum",""
"bottle__test__broken_small__002","data/mvtec_anomaly_detection/bottle/test/broken_small/002.png","e605efdbf20478f09084f3026eaa96b91d9d1e7bc113cbe8fb700f2bbcc2763e","2026-06-08T16:45:04.072076+00:00","anomalib_padim","0.7547640018473533","0.5","True","0.7547640018473533","0.25476400184735326","0.8710583120584487","0.03802490234375","1","[{'x': 167, 'y': 74, 'w': 44, 'h': 80, 'area_px': 2492, 'area_ratio': 0.03802490234375, 'mean_heat': 0.6606505513191223, 'max_heat': 1.0, 'x2': 211, 'y2': 154, 'aspect_ratio': 1.8181818181818181}]","unknown","0.5774999999999999","rules_constrained_taxonomy","167.0","74.0","44.0","80.0","2492.0","0.03802490234375","0.6606505513191223","1.0","211.0","154.0","1.8181818181818181","0.24630681818181818","42.466761363636365","97.25170454545454","1.869870580808076","0.0","['no_rule_matched_confidently']","0.7547640018473533","0.8710583120584487","0.5774999999999999","0.5774999999999999","0.7453362944488435","minimum","0.5774999999999999","S3","O3","D2","High","Quarantine item or lot pending quality engineer review.","True","S3|O3|D2","True","['Fused confidence 0.577 is below operational threshold 0.600.', 'Semantic label is unknown or not confidently mapped to the taxonomy.']","outputs/risk_padim_bottle/artefacts/bottle__test__broken_small__002_heatmap_overlay.png","outputs/risk_padim_bottle/artefacts/bottle__test__broken_small__002_mask.png","outputs/risk_padim_bottle/artefacts/bottle__test__broken_small__002_annotated.png","simple_statistical_reference","0.42","minimum",""
"bottle__test__broken_small__003","data/mvtec_anomaly_detection/bottle/test/broken_small/003.png","c97b387cdafd8df6d1834dcd4bb284cb784969a5416dc067f6f2476592c1ee57","2026-06-08T16:45:04.106332+00:00","anomalib_padim","0.7479470441139606","0.5","True","0.7479470441139606","0.24794704411396062","0.857213807106018","0.0386962890625","1","[{'x': 62, 'y': 152, 'w': 69, 'h': 58, 'area_px': 2536, 'area_ratio': 0.0386962890625, 'mean_heat': 0.6289525032043457, 'max_heat': 1.0, 'x2': 131, 'y2': 210, 'aspect_ratio': 1.1896551724137931}]","unknown","0.5774999999999999","rules_constrained_taxonomy","62.0","152.0","69.0","58.0","2536.0","0.0386962890625","0.6289525032043457","1.0","131.0","210.0","1.1896551724137931","0.20764617691154422","51.26336831584208","95.20614692653673","1.6870567101187106","0.0","['no_rule_matched_confidently']","0.7479470441139606","0.857213807106018","0.5774999999999999","0.5774999999999999","0.7381153119830877","minimum","0.5774999999999999","S3","O3","D2","High","Quarantine item or lot pending quality engineer review.","True","S3|O3|D2","True","['Fused confidence 0.577 is below operational threshold 0.600.', 'Semantic label is unknown or not confidently mapped to the taxonomy.']","outputs/risk_padim_bottle/artefacts/bottle__test__broken_small__003_heatmap_overlay.png","outputs/risk_padim_bottle/artefacts/bottle__test__broken_small__003_mask.png","outputs/risk_padim_bottle/artefacts/bottle__test__broken_small__003_annotated.png","simple_statistical_reference","0.42","minimum",""
"bottle__test__broken_small__004","data/mvtec_anomaly_detection/bottle/test/broken_small/004.png","6f57501c4ae23aac51f06c7ea4916d8977cf84664832cc7c542447624bd9c142","2026-06-08T16:45:04.144587+00:00","anomalib_padim","0.8706677995209603","0.5","True","0.8706677995209603","0.3706677995209603","0.8613657087087632","0.0361175537109375","1","[{'x': 65, 'y': 152, 'w': 60, 'h': 57, 'area_px': 2367, 'area_ratio': 0.0361175537109375, 'mean_heat': 0.641760528087616, 'max_heat': 1.0, 'x2': 125, 'y2': 209, 'aspect_ratio': 1.0526315789473684}]","unknown","0.5774999999999999","rules_constrained_taxonomy","65.0","152.0","60.0","57.0","2367.0","0.0361175537109375","0.641760528087616","1.0","125.0","209.0","1.0526315789473684","0.21695906432748538","49.57046783625731","107.77894736842106","0.7817151325803096","0.0","['no_rule_matched_confidently']","0.8706677995209603","0.8613657087087632","0.5774999999999999","0.5774999999999999","0.7945852223970611","minimum","0.5774999999999999","S3","O3","D2","High","Quarantine item or lot pending quality engineer review.","True","S3|O3|D2","True","['Fused confidence 0.577 is below operational threshold 0.600.', 'Semantic label is unknown or not confidently mapped to the taxonomy.']","outputs/risk_padim_bottle/artefacts/bottle__test__broken_small__004_heatmap_overlay.png","outputs/risk_padim_bottle/artefacts/bottle__test__broken_small__004_mask.png","outputs/risk_padim_bottle/artefacts/bottle__test__broken_small__004_annotated.png","simple_statistical_reference","0.42","minimum",""
"bottle__test__broken_small__005","data/mvtec_anomaly_detection/bottle/test/broken_small/005.png","1dcaf0ee6666df4b793de50d2371b400e468f5c3b39456f8af66e6a9593f7950","2026-06-08T16:45:04.185091+00:00","anomalib_padim","0.6053900011205577","0.5","True","0.6053900011205577","0.10539000112055774","0.840508297085762","0.0208282470703125","1","[{'x': 67, 'y': 159, 'w': 45, 'h': 41, 'area_px': 1365, 'area_ratio': 0.0208282470703125, 'mean_heat': 0.616645872592926, 'max_heat': 1.0, 'x2': 112, 'y2': 200, 'aspect_ratio': 1.0975609756097562}]","unknown","0.5774999999999999","rules_constrained_taxonomy","67.0","159.0","45.0","41.0","1365.0","0.0208282470703125","0.616645872592926","1.0","112.0","200.0","1.0975609756097562","0.23739837398373984","49.05853658536585","84.92357723577236","1.642930196342519","0.0","['no_rule_matched_confidently']","0.6053900011205577","0.840508297085762","0.5774999999999999","0.5774999999999999","0.6689529896299795","minimum","0.5774999999999999","S3","O3","D2","High","Quarantine item or lot pending quality engineer review.","True","S3|O3|D2","True","['Fused confidence 0.577 is below operational threshold 0.600.', 'Semantic label is unknown or not confidently mapped to the taxonomy.']","outputs/risk_padim_bottle/artefacts/bottle__test__broken_small__005_heatmap_overlay.png","outputs/risk_padim_bottle/artefacts/bottle__test__broken_small__005_mask.png","outputs/risk_padim_bottle/artefacts/bottle__test__broken_small__005_annotated.png","simple_statistical_reference","0.42","minimum",""
"bottle__test__broken_small__006","data/mvtec_anomaly_detection/bottle/test/broken_small/006.png","3663a963886304bb1fc308bb63bdd63edb58904980662d034136f53af3124d54","2026-06-08T16:45:04.220780+00:00","anomalib_padim","0.7971583867071123","0.5","True","0.7971583867071123","0.29715838670711225","0.8538224816322326","0.0224151611328125","1","[{'x': 113, 'y': 47, 'w': 48, 'h': 37, 'area_px': 1469, 'area_ratio': 0.0224151611328125, 'mean_heat': 0.644028902053833, 'max_heat': 1.0, 'x2': 161, 'y2': 84, 'aspect_ratio': 1.2972972972972974}]","unknown","0.5774999999999999","rules_constrained_taxonomy","113.0","47.0","48.0","37.0","1469.0","0.0224151611328125","0.644028902053833","1.0","161.0","84.0","1.2972972972972974","0.1751126126126126","45.321509009009006","89.14695945945945","6.3718872174060905","0.0","['no_rule_matched_confidently']","0.7971583867071123","0.8538224816322326","0.5774999999999999","0.5774999999999999","0.7592430185078702","minimum","0.5774999999999999","S3","O3","D2","High","Quarantine item or lot pending quality engineer review.","True","S3|O3|D2","True","['Fused confidence 0.577 is below operational threshold 0.600.', 'Semantic label is unknown or not confidently mapped to the taxonomy.']","outputs/risk_padim_bottle/artefacts/bottle__test__broken_small__006_heatmap_overlay.png","outputs/risk_padim_bottle/artefacts/bottle__test__broken_small__006_mask.png","outputs/risk_padim_bottle/artefacts/bottle__test__broken_small__006_annotated.png","simple_statistical_reference","0.42","minimum",""
"bottle__test__broken_small__007","data/mvtec_anomaly_detection/bottle/test/broken_small/007.png","648a8cb8babfa35f2574ae0dbff581db740cc6ff6ecb14806de29d5e4facb4a6","2026-06-08T16:45:04.262170+00:00","anomalib_padim","0.5868965332634316","0.5","True","0.5868965332634316","0.08689653326343161","0.7796631402625764","0.0270843505859375","2","[{'x': 174, 'y': 95, 'w': 43, 'h': 55, 'area_px': 1730, 'area_ratio': 0.026397705078125, 'mean_heat': 0.6182047128677368, 'max_heat': 1.0, 'x2': 217, 'y2': 150, 'aspect_ratio': 1.2790697674418605}, {'x': 191, 'y': 81, 'w': 8, 'h': 8, 'area_px': 45, 'area_ratio': 0.0006866455078125, 'mean_heat': 0.4619607627391815, 'max_heat': 0.49803921580314636, 'x2': 199, 'y2': 89, 'aspect_ratio': 1.0}]","unknown","0.5774999999999999","rules_constrained_taxonomy","174.0","95.0","43.0","55.0","1730.0","0.026397705078125","0.6182047128677368","1.0","217.0","150.0","1.2790697674418605","0.22367864693446088","43.15137420718816","91.30866807610994","4.351132357624444","0.0","['no_rule_matched_confidently']","0.5868965332634316","0.7796631402625764","0.5774999999999999","0.5774999999999999","0.6423773820473171","minimum","0.5774999999999999","S3","O3","D2","High","Quarantine item or lot pending quality engineer review.","True","S3|O3|D2","True","['Fused confidence 0.577 is below operational threshold 0.600.', 'Semantic label is unknown or not confidently mapped to the taxonomy.']","outputs/risk_padim_bottle/artefacts/bottle__test__broken_small__007_heatmap_overlay.png","outputs/risk_padim_bottle/artefacts/bottle__test__broken_small__007_mask.png","outputs/risk_padim_bottle/artefacts/bottle__test__broken_small__007_annotated.png","simple_statistical_reference","0.42","minimum",""
"bottle__test__broken_small__008","data/mvtec_anomaly_detection/bottle/test/broken_small/008.png","26af850d4eee499c803f372e17ac9297ebe8edc04695dea8d288ac93711325e3","2026-06-08T16:45:04.301583+00:00","anomalib_padim","0.5331730574339556","0.5","True","0.5331730574339556","0.0331730574339556","0.7829037105070595","0.041107177734375","2","[{'x': 109, 'y': 162, 'w': 79, 'h': 58, 'area_px': 2629, 'area_ratio': 0.0401153564453125, 'mean_heat': 0.6050835847854614, 'max_heat': 1.0, 'x2': 188, 'y2': 220, 'aspect_ratio': 1.3620689655172413}, {'x': 39, 'y': 109, 'w': 8, 'h': 11, 'area_px': 65, 'area_ratio': 0.0009918212890625, 'mean_heat': 0.4486274719238281, 'max_heat': 0.4745098054409027, 'x2': 47, 'y2': 120, 'aspect_ratio': 1.375}]","unknown","0.5774999999999999","rules_constrained_taxonomy","109.0","162.0","79.0","58.0","2629.0","0.0401153564453125","0.6050835847854614","1.0","188.0","220.0","1.3620689655172413","0.25512876473155827","46.91335661283282","86.5244434744653","0.0034285934260722684","0.11879976877794718","['no_rule_matched_confidently']","0.5331730574339556","0.7829037105070595","0.5774999999999999","0.5331730574339556","0.6191739889973978","minimum","0.5331730574339556","S3","O3","D3","Critical","Stop release or production path until authorised review is complete.","True","S3|O3|D3","True","['Fused confidence 0.533 is below operational threshold 0.600.', 'Semantic label is unknown or not confidently mapped to the taxonomy.', 'Anomaly score is close to the decision boundary; margin=0.033.', 'Critical risk class requires operator confirmation before release decision.']","outputs/risk_padim_bottle/artefacts/bottle__test__broken_small__008_heatmap_overlay.png","outputs/risk_padim_bottle/artefacts/bottle__test__broken_small__008_mask.png","outputs/risk_padim_bottle/artefacts/bottle__test__broken_small__008_annotated.png","simple_statistical_reference","0.42","minimum",""
"bottle__test__broken_small__009","data/mvtec_anomaly_detection/bottle/test/broken_small/009.png","d83afc9847c680e6b9f5c36f49ca19e1b1f275fc0358e4864ec1809d42df32c7","2026-06-08T16:45:04.341218+00:00","anomalib_padim","0.9479407657021564","0.5","True","0.9479407657021564","0.44794076570215635","0.846847516298294","0.0181427001953125","1","[{'x': 78, 'y': 171, 'w': 44, 'h': 37, 'area_px': 1189, 'area_ratio': 0.0181427001953125, 'mean_heat': 0.6344629526138306, 'max_heat': 1.0, 'x2': 122, 'y2': 208, 'aspect_ratio': 1.1891891891891893}]","unknown","0.5774999999999999","rules_constrained_taxonomy","78.0","171.0","44.0","37.0","1189.0","0.0181427001953125","0.6344629526138306","1.0","122.0","208.0","1.1891891891891893","0.2868550368550369","39.984029484029485","105.21621621621621","6.9936434719453615","0.0","['no_rule_matched_confidently']","0.9479407657021564","0.846847516298294","0.5774999999999999","0.5774999999999999","0.8250025994554584","minimum","0.5774999999999999","S3","O3","D2","High","Quarantine item or lot pending quality engineer review.","True","S3|O3|D2","True","['Fused confidence 0.577 is below operational threshold 0.600.', 'Semantic label is unknown or not confidently mapped to the taxonomy.']","outputs/risk_padim_bottle/artefacts/bottle__test__broken_small__009_heatmap_overlay.png","outputs/risk_padim_bottle/artefacts/bottle__test__broken_small__009_mask.png","outputs/risk_padim_bottle/artefacts/bottle__test__broken_small__009_annotated.png","simple_statistical_reference","0.42","minimum",""
"bottle__test__broken_small__010","data/mvtec_anomaly_detection/bottle/test/broken_small/010.png","21cd62dad2af2a7841c2ed469ab0909385805fa67d4ee7ba4b8dd6417c6ea95c","2026-06-08T16:45:04.383517+00:00","anomalib_padim","0.6680555383581419","0.5","True","0.6680555383581419","0.1680555383581419","0.7593265686447137","0.0454864501953125","2","[{'x': 129, 'y': 51, 'w': 65, 'h': 60, 'area_px': 2469, 'area_ratio': 0.0376739501953125, 'mean_heat': 0.6476354002952576, 'max_heat': 1.0, 'x2': 194, 'y2': 111, 'aspect_ratio': 1.0833333333333333}, {'x': 188, 'y': 113, 'w': 21, 'h': 33, 'area_px': 512, 'area_ratio': 0.0078125, 'mean_heat': 0.5187653303146362, 'max_heat': 0.6666666865348816, 'x2': 209, 'y2': 146, 'aspect_ratio': 1.5714285714285714}]","unknown","0.5774999999999999","rules_constrained_taxonomy","129.0","51.0","65.0","60.0","2469.0","0.0376739501953125","0.6476354002952576","1.0","194.0","111.0","1.0833333333333333","0.17205128205128206","46.47461538461538","87.51820512820512","0.3251676913080388","0.0","['no_rule_matched_confidently']","0.6680555383581419","0.7593265686447137","0.5774999999999999","0.5774999999999999","0.6727979628545779","minimum","0.5774999999999999","S3","O3","D2","High","Quarantine item or lot pending quality engineer review.","True","S3|O3|D2","True","['Fused confidence 0.577 is below operational threshold 0.600.', 'Semantic label is unknown or not confidently mapped to the taxonomy.']","outputs/risk_padim_bottle/artefacts/bottle__test__broken_small__010_heatmap_overlay.png","outputs/risk_padim_bottle/artefacts/bottle__test__broken_small__010_mask.png","outputs/risk_padim_bottle/artefacts/bottle__test__broken_small__010_annotated.png","simple_statistical_reference","0.42","minimum",""
"bottle__test__broken_small__011","data/mvtec_anomaly_detection/bottle/test/broken_small/011.png","0b864bfc835768c65992b235c435e397480cfadeed57ea3884e234a2b473a9c9","2026-06-08T16:45:04.423821+00:00","anomalib_padim","0.5346467887285142","0.5","True","0.5346467887285142","0.03464678872851423","0.8702036947011946","0.023345947265625","1","[{'x': 45, 'y': 117, 'w': 43, 'h': 54, 'area_px': 1530, 'area_ratio': 0.023345947265625, 'mean_heat': 0.6791388392448425, 'max_heat': 1.0, 'x2': 88, 'y2': 171, 'aspect_ratio': 1.255813953488372}]","unknown","0.5774999999999999","rules_constrained_taxonomy","45.0","117.0","43.0","54.0","1530.0","0.023345947265625","0.6791388392448425","1.0","88.0","171.0","1.255813953488372","0.2239448751076658","46.06976744186046","88.75409130060292","3.0425812264204097","0.0","['no_rule_matched_confidently']","0.5346467887285142","0.8702036947011946","0.5774999999999999","0.5346467887285142","0.6460271633381898","minimum","0.5346467887285142","S3","O3","D3","Critical","Stop release or production path until authorised review is complete.","True","S3|O3|D3","True","['Fused confidence 0.535 is below operational threshold 0.600.', 'Semantic label is unknown or not confidently mapped to the taxonomy.', 'Anomaly score is close to the decision boundary; margin=0.035.', 'Critical risk class requires operator confirmation before release decision.']","outputs/risk_padim_bottle/artefacts/bottle__test__broken_small__011_heatmap_overlay.png","outputs/risk_padim_bottle/artefacts/bottle__test__broken_small__011_mask.png","outputs/risk_padim_bottle/artefacts/bottle__test__broken_small__011_annotated.png","simple_statistical_reference","0.42","minimum",""
"bottle__test__broken_small__012","data/mvtec_anomaly_detection/bottle/test/broken_small/012.png","945cf8614874e85e7d81ebf0ea69340600eec2df6b3d8cdbe0019b27f0a006dc","2026-06-08T16:45:04.461199+00:00","anomalib_padim","0.705065697003127","0.5","True","0.705065697003127","0.20506569700312705","0.8590270459651947","0.0455474853515625","1","[{'x': 68, 'y': 158, 'w': 87, 'h': 56, 'area_px': 2985, 'area_ratio': 0.0455474853515625, 'mean_heat': 0.6234663724899292, 'max_heat': 1.0, 'x2': 155, 'y2': 214, 'aspect_ratio': 1.5535714285714286}]","unknown","0.5774999999999999","rules_constrained_taxonomy","68.0","158.0","87.0","56.0","2985.0","0.0455474853515625","0.6234663724899292","1.0","155.0","214.0","1.5535714285714286","0.23275862068965517","44.63136288998358","90.63136288998358","0.8759186634144811","0.0","['no_rule_matched_confidently']","0.705065697003127","0.8590270459651947","0.5774999999999999","0.5774999999999999","0.7193626774409656","minimum","0.5774999999999999","S3","O3","D2","High","Quarantine item or lot pending quality engineer review.","True","S3|O3|D2","True","['Fused confidence 0.577 is below operational threshold 0.600.', 'Semantic label is unknown or not confidently mapped to the taxonomy.']","outputs/risk_padim_bottle/artefacts/bottle__test__broken_small__012_heatmap_overlay.png","outputs/risk_padim_bottle/artefacts/bottle__test__broken_small__012_mask.png","outputs/risk_padim_bottle/artefacts/bottle__test__broken_small__012_annotated.png","simple_statistical_reference","0.42","minimum",""
"bottle__test__broken_small__013","data/mvtec_anomaly_detection/bottle/test/broken_small/013.png","b32208859b9262fa19ad2f01043ed13aac2cebaa4c85936ad489d68c719a2ea1","2026-06-08T16:45:04.501050+00:00","anomalib_padim","0.5561683828943386","0.5","True","0.5561683828943386","0.056168382894338564","0.8838335454463959","0.047698974609375","1","[{'x': 130, 'y': 49, 'w': 78, 'h': 61, 'area_px': 3126, 'area_ratio': 0.047698974609375, 'mean_heat': 0.6756037473678589, 'max_heat': 1.0, 'x2': 208, 'y2': 110, 'aspect_ratio': 1.278688524590164}]","unknown","0.5774999999999999","rules_constrained_taxonomy","130.0","49.0","78.0","61.0","3126.0","0.047698974609375","0.6756037473678589","1.0","208.0","110.0","1.278688524590164","0.16960907944514503","46.37137452711223","79.67696511139134","0.4708495202042471","3.5530708101339457","['no_rule_matched_confidently']","0.5561683828943386","0.8838335454463959","0.5774999999999999","0.5561683828943386","0.659800835936371","minimum","0.5561683828943386","S3","O3","D2","High","Quarantine item or lot pending quality engineer review.","True","S3|O3|D2","True","['Fused confidence 0.556 is below operational threshold 0.600.', 'Semantic label is unknown or not confidently mapped to the taxonomy.', 'Anomaly score is close to the decision boundary; margin=0.056.']","outputs/risk_padim_bottle/artefacts/bottle__test__broken_small__013_heatmap_overlay.png","outputs/risk_padim_bottle/artefacts/bottle__test__broken_small__013_mask.png","outputs/risk_padim_bottle/artefacts/bottle__test__broken_small__013_annotated.png","simple_statistical_reference","0.42","minimum",""
"bottle__test__broken_small__014","data/mvtec_anomaly_detection/bottle/test/broken_small/014.png","c74fb6a0cfc32692175c6f97f337fa49a0146a2ccb66ffa308e90b8b95ce50d8","2026-06-08T16:45:04.537626+00:00","anomalib_padim","0.4330229355726541","0.5","True","0.4330229355726541","0.06697706442734591","0.8690101027488708","0.029022216796875","1","[{'x': 45, 'y': 116, 'w': 46, 'h': 60, 'area_px': 1902, 'area_ratio': 0.029022216796875, 'mean_heat': 0.668602705001831, 'max_heat': 1.0, 'x2': 91, 'y2': 176, 'aspect_ratio': 1.3043478260869565}]","unknown","0.5774999999999999","rules_constrained_taxonomy","45.0","116.0","46.0","60.0","1902.0","0.029022216796875","0.668602705001831","1.0","91.0","176.0","1.3043478260869565","0.20652173913043478","46.15108695652174","86.3876811594203","0.7105429246327617","1.191690657218075","['no_rule_matched_confidently']","0.4330229355726541","0.8690101027488708","0.5774999999999999","0.4330229355726541","0.5999383518323556","minimum","0.4330229355726541","S3","O3","D3","Critical","Stop release or production path until authorised review is complete.","True","S3|O3|D3","True","['Fused confidence 0.433 is below operational threshold 0.600.', 'Semantic label is unknown or not confidently mapped to the taxonomy.', 'Anomaly score is close to the decision boundary; margin=0.067.', 'Critical risk class requires operator confirmation before release decision.']","outputs/risk_padim_bottle/artefacts/bottle__test__broken_small__014_heatmap_overlay.png","outputs/risk_padim_bottle/artefacts/bottle__test__broken_small__014_mask.png","outputs/risk_padim_bottle/artefacts/bottle__test__broken_small__014_annotated.png","simple_statistical_reference","0.42","minimum",""
"bottle__test__broken_small__015","data/mvtec_anomaly_detection/bottle/test/broken_small/015.png","ef423951e8f0bed66ab053c28ad709e68ef24af62b4650254c3d39aaa2bb48da","2026-06-08T16:45:04.574736+00:00","anomalib_padim","0.8145833942378669","0.5","True","0.8145833942378669","0.31458339423786685","0.8620989352464676","0.02874755859375","1","[{'x': 146, 'y': 52, 'w': 49, 'h': 65, 'area_px': 1884, 'area_ratio': 0.02874755859375, 'mean_heat': 0.653626024723053, 'max_heat': 1.0, 'x2': 195, 'y2': 117, 'aspect_ratio': 1.3265306122448979}]","unknown","0.5774999999999999","rules_constrained_taxonomy","146.0","52.0","49.0","65.0","1884.0","0.02874755859375","0.653626024723053","1.0","195.0","117.0","1.3265306122448979","0.18398744113029827","50.59811616954474","71.04395604395604","1.8501579549198581","4.353954687288024","['no_rule_matched_confidently']","0.8145833942378669","0.8620989352464676","0.5774999999999999","0.5774999999999999","0.7695672079809803","minimum","0.5774999999999999","S3","O3","D2","High","Quarantine item or lot pending quality engineer review.","True","S3|O3|D2","True","['Fused confidence 0.577 is below operational threshold 0.600.', 'Semantic label is unknown or not confidently mapped to the taxonomy.']","outputs/risk_padim_bottle/artefacts/bottle__test__broken_small__015_heatmap_overlay.png","outputs/risk_padim_bottle/artefacts/bottle__test__broken_small__015_mask.png","outputs/risk_padim_bottle/artefacts/bottle__test__broken_small__015_annotated.png","simple_statistical_reference","0.42","minimum",""
"bottle__test__broken_small__016","data/mvtec_anomaly_detection/bottle/test/broken_small/016.png","72e0dfb0da261ee3b349dc34235f65c23bf6b2cbb8928a055348980c1f428bba","2026-06-08T16:45:04.614660+00:00","anomalib_padim","0.7523607367854973","0.5","True","0.7523607367854973","0.2523607367854973","0.8495165824890136","0.029815673828125","1","[{'x': 155, 'y': 66, 'w': 50, 'h': 54, 'area_px': 1954, 'area_ratio': 0.029815673828125, 'mean_heat': 0.6241817474365234, 'max_heat': 1.0, 'x2': 205, 'y2': 120, 'aspect_ratio': 1.08}]","unknown","0.5774999999999999","rules_constrained_taxonomy","155.0","66.0","50.0","54.0","1954.0","0.029815673828125","0.6241817474365234","1.0","205.0","120.0","1.08","0.22703703703703704","44.69851851851852","93.21259259259259","1.3289706589706611","0.0","['no_rule_matched_confidently']","0.7523607367854973","0.8495165824890136","0.5774999999999999","0.5774999999999999","0.7377923063001779","minimum","0.5774999999999999","S3","O3","D2","High","Quarantine item or lot pending quality engineer review.","True","S3|O3|D2","True","['Fused confidence 0.577 is below operational threshold 0.600.', 'Semantic label is unknown or not confidently mapped to the taxonomy.']","outputs/risk_padim_bottle/artefacts/bottle__test__broken_small__016_heatmap_overlay.png","outputs/risk_padim_bottle/artefacts/bottle__test__broken_small__016_mask.png","outputs/risk_padim_bottle/artefacts/bottle__test__broken_small__016_annotated.png","simple_statistical_reference","0.42","minimum",""
"bottle__test__broken_small__017","data/mvtec_anomaly_detection/bottle/test/broken_small/017.png","437b1c2b5f0c055ee250ba1c4266725eae7c4e21293b0b13141e672f42a2d55b","2026-06-08T16:45:04.655458+00:00","anomalib_padim","0.8263397460305358","0.5","True","0.8263397460305358","0.32633974603053584","0.8691957175731659","0.031829833984375","1","[{'x': 41, 'y': 82, 'w': 42, 'h': 72, 'area_px': 2086, 'area_ratio': 0.031829833984375, 'mean_heat': 0.6651157140731812, 'max_heat': 1.0, 'x2': 83, 'y2': 154, 'aspect_ratio': 1.7142857142857142}]","unknown","0.5774999999999999","rules_constrained_taxonomy","41.0","82.0","42.0","72.0","2086.0","0.031829833984375","0.6651157140731812","1.0","83.0","154.0","1.7142857142857142","0.267526455026455","42.010912698412696","103.41071428571429","3.810599840772255","0.0","['no_rule_matched_confidently']","0.8263397460305358","0.8691957175731659","0.5774999999999999","0.5774999999999999","0.776986600985691","minimum","0.5774999999999999","S3","O3","D2","High","Quarantine item or lot pending quality engineer review.","True","S3|O3|D2","True","['Fused confidence 0.577 is below operational threshold 0.600.', 'Semantic label is unknown or not confidently mapped to the taxonomy.']","outputs/risk_padim_bottle/artefacts/bottle__test__broken_small__017_heatmap_overlay.png","outputs/risk_padim_bottle/artefacts/bottle__test__broken_small__017_mask.png","outputs/risk_padim_bottle/artefacts/bottle__test__broken_small__017_annotated.png","simple_statistical_reference","0.42","minimum",""
"bottle__test__broken_small__018","data/mvtec_anomaly_detection/bottle/test/broken_small/018.png","b145d2c83ef34456539118e18ba0a197277a9625320ed7248492b308856170af","2026-06-08T16:45:04.696906+00:00","anomalib_padim","1.0","0.5","True","1.0","0.5","0.8545724332332612","0.0463714599609375","1","[{'x': 50, 'y': 131, 'w': 80, 'h': 78, 'area_px': 3039, 'area_ratio': 0.0463714599609375, 'mean_heat': 0.6124228239059448, 'max_heat': 1.0, 'x2': 130, 'y2': 209, 'aspect_ratio': 1.0256410256410255}]","unknown","0.5774999999999999","rules_constrained_taxonomy","50.0","131.0","80.0","78.0","3039.0","0.0463714599609375","0.6124228239059448","1.0","130.0","209.0","1.0256410256410255","0.20096153846153847","47.94150641025641","97.11538461538461","1.1114975450081843","0.0","['no_rule_matched_confidently']","1.0","0.8545724332332612","0.5774999999999999","0.5774999999999999","0.8507467299699782","minimum","0.5774999999999999","S3","O3","D2","High","Quarantine item or lot pending quality engineer review.","True","S3|O3|D2","True","['Fused confidence 0.577 is below operational threshold 0.600.', 'Semantic label is unknown or not confidently mapped to the taxonomy.']","outputs/risk_padim_bottle/artefacts/bottle__test__broken_small__018_heatmap_overlay.png","outputs/risk_padim_bottle/artefacts/bottle__test__broken_small__018_mask.png","outputs/risk_padim_bottle/artefacts/bottle__test__broken_small__018_annotated.png","simple_statistical_reference","0.42","minimum",""
"bottle__test__broken_small__019","data/mvtec_anomaly_detection/bottle/test/broken_small/019.png","a6e0b07c9402eb7ce810955032a54d5b05cc60f30579b397e83eba6957390c34","2026-06-08T16:45:04.736541+00:00","anomalib_padim","0.833455827442527","0.5","True","0.833455827442527","0.333455827442527","0.862002858519554","0.03424072265625","1","[{'x': 48, 'y': 132, 'w': 53, 'h': 63, 'area_px': 2244, 'area_ratio': 0.03424072265625, 'mean_heat': 0.6457831263542175, 'max_heat': 1.0, 'x2': 101, 'y2': 195, 'aspect_ratio': 1.1886792452830188}]","unknown","0.5774999999999999","rules_constrained_taxonomy","48.0","132.0","53.0","63.0","2244.0","0.03424072265625","0.6457831263542175","1.0","101.0","195.0","1.1886792452830188","0.2180293501048218","45.10931416591794","89.37885594489369","0.3128102149296126","0.0","['no_rule_matched_confidently']","0.833455827442527","0.862002858519554","0.5774999999999999","0.5774999999999999","0.7780309799050034","minimum","0.5774999999999999","S3","O3","D2","High","Quarantine item or lot pending quality engineer review.","True","S3|O3|D2","True","['Fused confidence 0.577 is below operational threshold 0.600.', 'Semantic label is unknown or not confidently mapped to the taxonomy.']","outputs/risk_padim_bottle/artefacts/bottle__test__broken_small__019_heatmap_overlay.png","outputs/risk_padim_bottle/artefacts/bottle__test__broken_small__019_mask.png","outputs/risk_padim_bottle/artefacts/bottle__test__broken_small__019_annotated.png","simple_statistical_reference","0.42","minimum",""
"bottle__test__broken_small__020","data/mvtec_anomaly_detection/bottle/test/broken_small/020.png","266ed29aeada42b0ff5160b41a754887301cef8a5aeec278af64e68a736b105a","2026-06-08T16:45:04.774775+00:00","anomalib_padim","1.0","0.5","True","1.0","0.5","0.8626518785953521","0.028533935546875","1","[{'x': 159, 'y': 127, 'w': 47, 'h': 53, 'area_px': 1870, 'area_ratio': 0.028533935546875, 'mean_heat': 0.6551514863967896, 'max_heat': 1.0, 'x2': 206, 'y2': 180, 'aspect_ratio': 1.127659574468085}]","unknown","0.5774999999999999","rules_constrained_taxonomy","159.0","127.0","47.0","53.0","1870.0","0.028533935546875","0.6551514863967896","1.0","206.0","180.0","1.127659574468085","0.24287434765154556","42.343235648334","99.64472099558411","0.6910408642033801","0.0","['no_rule_matched_confidently']","1.0","0.8626518785953521","0.5774999999999999","0.5774999999999999","0.8531705635786055","minimum","0.5774999999999999","S3","O3","D2","High","Quarantine item or lot pending quality engineer review.","True","S3|O3|D2","True","['Fused confidence 0.577 is below operational threshold 0.600.', 'Semantic label is unknown or not confidently mapped to the taxonomy.']","outputs/risk_padim_bottle/artefacts/bottle__test__broken_small__020_heatmap_overlay.png","outputs/risk_padim_bottle/artefacts/bottle__test__broken_small__020_mask.png","outputs/risk_padim_bottle/artefacts/bottle__test__broken_small__020_annotated.png","simple_statistical_reference","0.42","minimum",""
"bottle__test__broken_small__021","data/mvtec_anomaly_detection/bottle/test/broken_small/021.png","8fd65fc5519cf685764d5f87f3ad1cfe088e7c54e3a54ad68b5ab3df120a084d","2026-06-08T16:45:04.812124+00:00","anomalib_padim","0.8654435649130494","0.5","True","0.8654435649130494","0.3654435649130494","0.8466411262750626","0.0190277099609375","1","[{'x': 164, 'y': 134, 'w': 44, 'h': 41, 'area_px': 1247, 'area_ratio': 0.0190277099609375, 'mean_heat': 0.6327751278877258, 'max_heat': 1.0, 'x2': 208, 'y2': 175, 'aspect_ratio': 1.0731707317073171}]","unknown","0.5774999999999999","rules_constrained_taxonomy","164.0","134.0","44.0","41.0","1247.0","0.0190277099609375","0.6327751278877258","1.0","208.0","175.0","1.0731707317073171","0.26108647450110867","43.71840354767184","104.58702882483371","2.789198791509449","0.0","['no_rule_matched_confidently']","0.8654435649130494","0.8466411262750626","0.5774999999999999","0.5774999999999999","0.7878169420933909","minimum","0.5774999999999999","S3","O3","D2","High","Quarantine item or lot pending quality engineer review.","True","S3|O3|D2","True","['Fused confidence 0.577 is below operational threshold 0.600.', 'Semantic label is unknown or not confidently mapped to the taxonomy.']","outputs/risk_padim_bottle/artefacts/bottle__test__broken_small__021_heatmap_overlay.png","outputs/risk_padim_bottle/artefacts/bottle__test__broken_small__021_mask.png","outputs/risk_padim_bottle/artefacts/bottle__test__broken_small__021_annotated.png","simple_statistical_reference","0.42","minimum",""
"bottle__test__contamination__000","data/mvtec_anomaly_detection/bottle/test/contamination/000.png","fe2e96a8cba624ace02985481197ee8ab112d2a2faa4b79f137ace2c452eb4ea","2026-06-08T16:45:04.848023+00:00","anomalib_padim","0.36958610931701413","0.5","True","0.36958610931701413","0.13041389068298587","0.8142904133264088","0.1231231689453125","2","[{'x': 64, 'y': 75, 'w': 113, 'h': 118, 'area_px': 7753, 'area_ratio': 0.1183013916015625, 'mean_heat': 0.6671507954597473, 'max_heat': 1.0, 'x2': 177, 'y2': 193, 'aspect_ratio': 1.0442477876106195}, {'x': 235, 'y': 95, 'w': 21, 'h': 24, 'area_px': 316, 'area_ratio': 0.00482177734375, 'mean_heat': 0.48585259914398193, 'max_heat': 0.6117647290229797, 'x2': 256, 'y2': 119, 'aspect_ratio': 1.1428571428571428}]","deformation","0.779","rules_constrained_taxonomy","64.0","75.0","113.0","118.0","7753.0","0.1183013916015625","0.6671507954597473","1.0","177.0","193.0","1.0442477876106195","0.14114294285285736","48.00404979751013","70.86343182840858","1.9642488024852511","4.074784068849311","['large_irregular_edge_region']","0.36958610931701413","0.8142904133264088","0.779","0.36958610931701413","0.605350873190579","minimum","0.36958610931701413","S4","O1","D3","High","Quarantine item or lot pending quality engineer review.","True","S4|O1|D3","True","['Fused confidence 0.370 is below operational threshold 0.600.']","outputs/risk_padim_bottle/artefacts/bottle__test__contamination__000_heatmap_overlay.png","outputs/risk_padim_bottle/artefacts/bottle__test__contamination__000_mask.png","outputs/risk_padim_bottle/artefacts/bottle__test__contamination__000_annotated.png","simple_statistical_reference","0.42","minimum",""
"bottle__test__contamination__001","data/mvtec_anomaly_detection/bottle/test/contamination/001.png","2ddf5d0d53b2dc3d13286af69d668e9b572a360a87309bb91a4682dde8f2311a","2026-06-08T16:45:04.884267+00:00","anomalib_padim","0.3184202385580697","0.5","True","0.3184202385580697","0.18157976144193028","0.8496347481012345","0.086822509765625","1","[{'x': 103, 'y': 82, 'w': 85, 'h': 124, 'area_px': 5690, 'area_ratio': 0.086822509765625, 'mean_heat': 0.5769661068916321, 'max_heat': 1.0, 'x2': 188, 'y2': 206, 'aspect_ratio': 1.4588235294117646}]","deformation","0.779","rules_constrained_taxonomy","103.0","82.0","85.0","124.0","5690.0","0.086822509765625","0.5769661068916321","1.0","188.0","206.0","1.4588235294117646","0.14943074003795068","34.87258064516129","74.03491461100569","1.0675890860975485","0.5656511598571115","['large_irregular_edge_region']","0.3184202385580697","0.8496347481012345","0.779","0.3184202385580697","0.5929295317815018","minimum","0.3184202385580697","S4","O1","D3","High","Quarantine item or lot pending quality engineer review.","True","S4|O1|D3","True","['Fused confidence 0.318 is below operational threshold 0.600.']","outputs/risk_padim_bottle/artefacts/bottle__test__contamination__001_heatmap_overlay.png","outputs/risk_padim_bottle/artefacts/bottle__test__contamination__001_mask.png","outputs/risk_padim_bottle/artefacts/bottle__test__contamination__001_annotated.png","simple_statistical_reference","0.42","minimum",""
"bottle__test__contamination__002","data/mvtec_anomaly_detection/bottle/test/contamination/002.png","905880d6f1f7c33cce414116beae1bda241efff97ba78647e7c2b5d25a94dd05","2026-06-08T16:45:04.919806+00:00","anomalib_padim","0.6333543144634519","0.5","True","0.6333543144634519","0.13335431446345192","0.8504083752632141","0.019775390625","1","[{'x': 94, 'y': 131, 'w': 35, 'h': 47, 'area_px': 1296, 'area_ratio': 0.019775390625, 'mean_heat': 0.6401083469390869, 'max_heat': 1.0, 'x2': 129, 'y2': 178, 'aspect_ratio': 1.3428571428571427}]","unknown","0.5774999999999999","rules_constrained_taxonomy","94.0","131.0","35.0","47.0","1296.0","0.019775390625","0.6401083469390869","1.0","129.0","178.0","1.3428571428571427","0.1337386018237082","42.675987841945286","76.15562310030396","9.353579540563274","0.0","['no_rule_matched_confidently']","0.6333543144634519","0.8504083752632141","0.5774999999999999","0.5774999999999999","0.6845069540875175","minimum","0.5774999999999999","S3","O3","D2","High","Quarantine item or lot pending quality engineer review.","True","S3|O3|D2","True","['Fused confidence 0.577 is below operational threshold 0.600.', 'Semantic label is unknown or not confidently mapped to the taxonomy.']","outputs/risk_padim_bottle/artefacts/bottle__test__contamination__002_heatmap_overlay.png","outputs/risk_padim_bottle/artefacts/bottle__test__contamination__002_mask.png","outputs/risk_padim_bottle/artefacts/bottle__test__contamination__002_annotated.png","simple_statistical_reference","0.42","minimum",""
"bottle__test__contamination__003","data/mvtec_anomaly_detection/bottle/test/contamination/003.png","023c4e62fbe0b7f408245e85b8fc60259d826dedee67fdc5a41655b7fa494e4a","2026-06-08T16:45:04.954085+00:00","anomalib_padim","0.1380174224386225","0.5","False","0.8619825775613775","0.3619825775613775","0.8619825775613775","0.0","0","[]","normal","0.8619825775613775","detector_normal_decision","","","","","","","","","","","","","","","","","","0.8619825775613775","0.8619825775613775","0.8619825775613775","0.8619825775613775","0.8619825775613775","minimum","0.8619825775613775","S1","O1","D1","Low","Continue monitoring; no immediate intervention required.","True","S1|O1|D1","False","[]","outputs/risk_padim_bottle/artefacts/bottle__test__contamination__003_heatmap_overlay.png","outputs/risk_padim_bottle/artefacts/bottle__test__contamination__003_mask.png","outputs/risk_padim_bottle/artefacts/bottle__test__contamination__003_annotated.png","simple_statistical_reference","0.42","minimum","Image-level anomaly score did not exceed the calibrated threshold."
"bottle__test__contamination__004","data/mvtec_anomaly_detection/bottle/test/contamination/004.png","8def2401278eb433c1a2fa0a78c79abfeea7a4d0b363e637e51c39cef34c073c","2026-06-08T16:45:04.988347+00:00","anomalib_padim","0.2532194971300414","0.5","True","0.2532194971300414","0.24678050286995862","0.8523678392171858","0.0542755126953125","1","[{'x': 49, 'y': 137, 'w': 72, 'h': 80, 'area_px': 3557, 'area_ratio': 0.0542755126953125, 'mean_heat': 0.5965458750724792, 'max_heat': 1.0, 'x2': 121, 'y2': 217, 'aspect_ratio': 1.1111111111111112}]","unknown","0.5774999999999999","rules_constrained_taxonomy","49.0","137.0","72.0","80.0","3557.0","0.0542755126953125","0.5965458750724792","1.0","121.0","217.0","1.1111111111111112","0.21041666666666667","47.44600694444444","79.87361111111112","2.765254103535348","7.142605744949492","['no_rule_matched_confidently']","0.2532194971300414","0.8523678392171858","0.5774999999999999","0.2532194971300414","0.5140341254736743","minimum","0.2532194971300414","S3","O3","D3","Critical","Stop release or production path until authorised review is complete.","True","S3|O3|D3","True","['Fused confidence 0.253 is below operational threshold 0.600.', 'Semantic label is unknown or not confidently mapped to the taxonomy.', 'Critical risk class requires operator confirmation before release decision.']","outputs/risk_padim_bottle/artefacts/bottle__test__contamination__004_heatmap_overlay.png","outputs/risk_padim_bottle/artefacts/bottle__test__contamination__004_mask.png","outputs/risk_padim_bottle/artefacts/bottle__test__contamination__004_annotated.png","simple_statistical_reference","0.42","minimum",""
"bottle__test__contamination__005","data/mvtec_anomaly_detection/bottle/test/contamination/005.png","606d939e295c39be7097829e33f82b1fea32006379817b5de2a0e0548a10b50e","2026-06-08T16:45:05.024080+00:00","anomalib_padim","0.7383919384370382","0.5","True","0.7383919384370382","0.2383919384370382","0.8599259281158447","0.0806732177734375","1","[{'x': 83, 'y': 80, 'w': 81, 'h': 93, 'area_px': 5287, 'area_ratio': 0.0806732177734375, 'mean_heat': 0.5998353958129883, 'max_heat': 1.0, 'x2': 164, 'y2': 173, 'aspect_ratio': 1.1481481481481481}]","deformation","0.779","rules_constrained_taxonomy","83.0","80.0","81.0","93.0","5287.0","0.0806732177734375","0.5998353958129883","1.0","164.0","173.0","1.1481481481481481","0.14854639585822382","50.60122129297756","99.19208814549316","1.0021079418659085","0.0","['large_irregular_edge_region']","0.7383919384370382","0.8599259281158447","0.779","0.7383919384370382","0.7850041507314205","minimum","0.7383919384370382","S4","O1","D2","Medium","Reinspect item and consider rework if defect is confirmed.","True","S4|O1|D2","False","[]","outputs/risk_padim_bottle/artefacts/bottle__test__contamination__005_heatmap_overlay.png","outputs/risk_padim_bottle/artefacts/bottle__test__contamination__005_mask.png","outputs/risk_padim_bottle/artefacts/bottle__test__contamination__005_annotated.png","simple_statistical_reference","0.42","minimum",""
"bottle__test__contamination__006","data/mvtec_anomaly_detection/bottle/test/contamination/006.png","d458db2da3744fd2fc797bd7568ed8282fe1583e05d427ffa8e41d67f7e14b03","2026-06-08T16:45:05.060361+00:00","anomalib_padim","0.36783955996451","0.5","True","0.36783955996451","0.13216044003549","0.868784030675888","0.1499481201171875","1","[{'x': 64, 'y': 77, 'w': 119, 'h': 110, 'area_px': 9827, 'area_ratio': 0.1499481201171875, 'mean_heat': 0.6195200681686401, 'max_heat': 1.0, 'x2': 183, 'y2': 187, 'aspect_ratio': 1.0818181818181818}]","deformation","0.779","rules_constrained_taxonomy","64.0","77.0","119.0","110.0","9827.0","0.1499481201171875","0.6195200681686401","1.0","183.0","187.0","1.0818181818181818","0.14614209320091673","70.10725744843391","126.19503437738732","6.279156331443907","0.0","['large_irregular_edge_region']","0.36783955996451","0.868784030675888","0.779","0.36783955996451","0.6209130111867959","minimum","0.36783955996451","S4","O1","D3","High","Quarantine item or lot pending quality engineer review.","True","S4|O1|D3","True","['Fused confidence 0.368 is below operational threshold 0.600.']","outputs/risk_padim_bottle/artefacts/bottle__test__contamination__006_heatmap_overlay.png","outputs/risk_padim_bottle/artefacts/bottle__test__contamination__006_mask.png","outputs/risk_padim_bottle/artefacts/bottle__test__contamination__006_annotated.png","simple_statistical_reference","0.42","minimum",""
"bottle__test__contamination__007","data/mvtec_anomaly_detection/bottle/test/contamination/007.png","a3918b94553a8922b3c16d064ef73e9062710b35639a949c56d926037e4c0d0a","2026-06-08T16:45:05.096074+00:00","anomalib_padim","1.0","0.5","True","1.0","0.5","0.885794117450714","0.112335205078125","1","[{'x': 142, 'y': 91, 'w': 114, 'h': 165, 'area_px': 7362, 'area_ratio': 0.112335205078125, 'mean_heat': 0.6573202610015869, 'max_heat': 1.0, 'x2': 256, 'y2': 256, 'aspect_ratio': 1.4473684210526316}]","deformation","0.779","rules_constrained_taxonomy","142.0","91.0","114.0","165.0","7362.0","0.112335205078125","0.6573202610015869","1.0","256.0","256.0","1.4473684210526316","0.16863370547581075","32.1103668261563","147.21031366294525","0.9110962649078473","0.0","['large_irregular_edge_region']","1.0","0.885794117450714","0.779","0.779","0.9104882352352142","minimum","0.779","S4","O1","D2","Medium","Reinspect item and consider rework if defect is confirmed.","True","S4|O1|D2","False","[]","outputs/risk_padim_bottle/artefacts/bottle__test__contamination__007_heatmap_overlay.png","outputs/risk_padim_bottle/artefacts/bottle__test__contamination__007_mask.png","outputs/risk_padim_bottle/artefacts/bottle__test__contamination__007_annotated.png","simple_statistical_reference","0.42","minimum",""
"bottle__test__contamination__008","data/mvtec_anomaly_detection/bottle/test/contamination/008.png","35b9af10eaa1fe5525d6fb54ed3ddb069391d7dff93e8c6a6140272431115b00","2026-06-08T16:45:05.130757+00:00","anomalib_padim","0.5651189730778927","0.5","True","0.5651189730778927","0.06511897307789272","0.853445652127266","0.05792236328125","1","[{'x': 94, 'y': 76, 'w': 92, 'h': 78, 'area_px': 3796, 'area_ratio': 0.05792236328125, 'mean_heat': 0.5938759446144104, 'max_heat': 1.0, 'x2': 186, 'y2': 154, 'aspect_ratio': 1.1794871794871795}]","unknown","0.5774999999999999","rules_constrained_taxonomy","94.0","76.0","92.0","78.0","3796.0","0.05792236328125","0.5938759446144104","1.0","186.0","154.0","1.1794871794871795","0.1269509476031215","37.818283166109254","79.85395763656634","0.17442762979302984","0.47671612229891025","['no_rule_matched_confidently']","0.5651189730778927","0.853445652127266","0.5774999999999999","0.5651189730778927","0.6547122335232314","minimum","0.5651189730778927","S3","O3","D2","High","Quarantine item or lot pending quality engineer review.","True","S3|O3|D2","True","['Fused confidence 0.565 is below operational threshold 0.600.', 'Semantic label is unknown or not confidently mapped to the taxonomy.', 'Anomaly score is close to the decision boundary; margin=0.065.']","outputs/risk_padim_bottle/artefacts/bottle__test__contamination__008_heatmap_overlay.png","outputs/risk_padim_bottle/artefacts/bottle__test__contamination__008_mask.png","outputs/risk_padim_bottle/artefacts/bottle__test__contamination__008_annotated.png","simple_statistical_reference","0.42","minimum",""
"bottle__test__contamination__009","data/mvtec_anomaly_detection/bottle/test/contamination/009.png","ee3e214406dac4a5334c37423f86495f6f4440569a8b9c4b4d778f7c015e35fc","2026-06-08T16:45:05.166698+00:00","anomalib_padim","0.42330290598499626","0.5","True","0.42330290598499626","0.07669709401500374","0.8847848325967789","0.0779266357421875","1","[{'x': 89, 'y': 85, 'w': 83, 'h': 86, 'area_px': 5107, 'area_ratio': 0.0779266357421875, 'mean_heat': 0.6357348561286926, 'max_heat': 1.0, 'x2': 172, 'y2': 171, 'aspect_ratio': 1.036144578313253}]","unknown","0.5774999999999999","rules_constrained_taxonomy","89.0","85.0","83.0","86.0","5107.0","0.0779266357421875","0.6357348561286926","1.0","172.0","171.0","1.036144578313253","0.10016811431773606","48.3384701597086","70.72695432894368","3.060519739281297","0.0","['no_rule_matched_confidently']","0.42330290598499626","0.8847848325967789","0.5774999999999999","0.42330290598499626","0.600296757472282","minimum","0.42330290598499626","S3","O3","D3","Critical","Stop release or production path until authorised review is complete.","True","S3|O3|D3","True","['Fused confidence 0.423 is below operational threshold 0.600.', 'Semantic label is unknown or not confidently mapped to the taxonomy.', 'Critical risk class requires operator confirmation before release decision.']","outputs/risk_padim_bottle/artefacts/bottle__test__contamination__009_heatmap_overlay.png","outputs/risk_padim_bottle/artefacts/bottle__test__contamination__009_mask.png","outputs/risk_padim_bottle/artefacts/bottle__test__contamination__009_annotated.png","simple_statistical_reference","0.42","minimum",""
"bottle__test__contamination__010","data/mvtec_anomaly_detection/bottle/test/contamination/010.png","9cabee2946258e61422d092acdf82bdc9946d7b881dd8bfa4ed032b674be49fe","2026-06-08T16:45:05.202927+00:00","anomalib_padim","0.5032446595865158","0.5","True","0.5032446595865158","0.0032446595865157635","0.8019107157302954","0.077728271484375","2","[{'x': 82, 'y': 82, 'w': 95, 'h': 82, 'area_px': 4753, 'area_ratio': 0.0725250244140625, 'mean_heat': 0.6373369693756104, 'max_heat': 1.0, 'x2': 177, 'y2': 164, 'aspect_ratio': 1.1585365853658536}, {'x': 93, 'y': 155, 'w': 37, 'h': 22, 'area_px': 341, 'area_ratio': 0.0052032470703125, 'mean_heat': 0.4657236635684967, 'max_heat': 0.5333333611488342, 'x2': 130, 'y2': 177, 'aspect_ratio': 1.6818181818181819}]","unknown","0.5774999999999999","rules_constrained_taxonomy","82.0","82.0","95.0","82.0","4753.0","0.0725250244140625","0.6373369693756104","1.0","177.0","164.0","1.1585365853658536","0.13889602053915276","42.14351732991014","73.98408215661104","0.3035317599960905","0.0","['no_rule_matched_confidently']","0.5032446595865158","0.8019107157302954","0.5774999999999999","0.5032446595865158","0.6114083115330207","minimum","0.5032446595865158","S3","O3","D3","Critical","Stop release or production path until authorised review is complete.","True","S3|O3|D3","True","['Fused confidence 0.503 is below operational threshold 0.600.', 'Semantic label is unknown or not confidently mapped to the taxonomy.', 'Anomaly score is close to the decision boundary; margin=0.003.', 'Critical risk class requires operator confirmation before release decision.']","outputs/risk_padim_bottle/artefacts/bottle__test__contamination__010_heatmap_overlay.png","outputs/risk_padim_bottle/artefacts/bottle__test__contamination__010_mask.png","outputs/risk_padim_bottle/artefacts/bottle__test__contamination__010_annotated.png","simple_statistical_reference","0.42","minimum",""
"bottle__test__contamination__011","data/mvtec_anomaly_detection/bottle/test/contamination/011.png","29b03be4b7ff17a2e32446c60ea7d7c6dbffc2ffe091f17455fdc528fb337317","2026-06-08T16:45:05.255975+00:00","anomalib_padim","0.3552726662354668","0.5","True","0.3552726662354668","0.14472733376453317","0.8584392601251603","0.141937255859375","1","[{'x': 77, 'y': 73, 'w': 104, 'h': 109, 'area_px': 9302, 'area_ratio': 0.141937255859375, 'mean_heat': 0.5965316891670227, 'max_heat': 1.0, 'x2': 181, 'y2': 182, 'aspect_ratio': 1.0480769230769231}]","deformation","0.779","rules_constrained_taxonomy","77.0","73.0","104.0","109.0","9302.0","0.141937255859375","0.5965316891670227","1.0","181.0","182.0","1.0480769230769231","0.08106916019760056","46.88152787579393","99.81086803105151","1.182994542460598","0.0","['large_irregular_edge_region']","0.3552726662354668","0.8584392601251603","0.779","0.3552726662354668","0.6121544778435082","minimum","0.3552726662354668","S4","O1","D3","High","Quarantine item or lot pending quality engineer review.","True","S4|O1|D3","True","['Fused confidence 0.355 is below operational threshold 0.600.']","outputs/risk_padim_bottle/artefacts/bottle__test__contamination__011_heatmap_overlay.png","outputs/risk_padim_bottle/artefacts/bottle__test__contamination__011_mask.png","outputs/risk_padim_bottle/artefacts/bottle__test__contamination__011_annotated.png","simple_statistical_reference","0.42","minimum",""
"bottle__test__contamination__012","data/mvtec_anomaly_detection/bottle/test/contamination/012.png","e3fbaab9071bb10ba574e33bd244f3ff61c5f7f8c50a6f13c714b1bde5a32e2c","2026-06-08T16:45:05.313475+00:00","anomalib_padim","0.16897297256750204","0.5","True","0.16897297256750204","0.33102702743249796","0.8861430191993713","0.2081146240234375","1","[{'x': 66, 'y': 42, 'w': 125, 'h': 167, 'area_px': 13639, 'area_ratio': 0.2081146240234375, 'mean_heat': 0.6580955982208252, 'max_heat': 1.0, 'x2': 191, 'y2': 209, 'aspect_ratio': 1.336}]","deformation","0.779","rules_constrained_taxonomy","66.0","42.0","125.0","167.0","13639.0","0.2081146240234375","0.6580955982208252","1.0","191.0","209.0","1.336","0.17240718562874252","50.53461077844312","103.45528143712575","2.6063853782958475","0.0","['large_irregular_edge_region']","0.16897297256750204","0.8861430191993713","0.779","0.16897297256750204","0.5366307434151874","minimum","0.16897297256750204","S4","O1","D3","High","Quarantine item or lot pending quality engineer review.","True","S4|O1|D3","True","['Fused confidence 0.169 is below operational threshold 0.600.']","outputs/risk_padim_bottle/artefacts/bottle__test__contamination__012_heatmap_overlay.png","outputs/risk_padim_bottle/artefacts/bottle__test__contamination__012_mask.png","outputs/risk_padim_bottle/artefacts/bottle__test__contamination__012_annotated.png","simple_statistical_reference","0.42","minimum",""
"bottle__test__contamination__013","data/mvtec_anomaly_detection/bottle/test/contamination/013.png","a8a05f265d400831973ae361c2773d5719f9469cc798bab1ec883274723d3165","2026-06-08T16:45:05.382416+00:00","anomalib_padim","1.0","0.5","True","1.0","0.5","0.8415062159299851","0.0462646484375","1","[{'x': 0, 'y': 80, 'w': 94, 'h': 60, 'area_px': 3032, 'area_ratio': 0.0462646484375, 'mean_heat': 0.5835351347923279, 'max_heat': 1.0, 'x2': 94, 'y2': 140, 'aspect_ratio': 1.5666666666666667}]","unknown","0.5774999999999999","rules_constrained_taxonomy","0.0","80.0","94.0","60.0","3032.0","0.0462646484375","0.5835351347923279","1.0","94.0","140.0","1.5666666666666667","0.1794326241134752","28.679078014184398","110.24769503546099","3.0771139362799964","0.0","['no_rule_matched_confidently']","1.0","0.8415062159299851","0.5774999999999999","0.5774999999999999","0.8468268647789954","minimum","0.5774999999999999","S3","O3","D2","High","Quarantine item or lot pending quality engineer review.","True","S3|O3|D2","True","['Fused confidence 0.577 is below operational threshold 0.600.', 'Semantic label is unknown or not confidently mapped to the taxonomy.']","outputs/risk_padim_bottle/artefacts/bottle__test__contamination__013_heatmap_overlay.png","outputs/risk_padim_bottle/artefacts/bottle__test__contamination__013_mask.png","outputs/risk_padim_bottle/artefacts/bottle__test__contamination__013_annotated.png","simple_statistical_reference","0.42","minimum",""
"bottle__test__contamination__014","data/mvtec_anomaly_detection/bottle/test/contamination/014.png","503a4011f035f9a703bd435917d14118cb47ed4c4712b8f77f1f2dbb119c0d0a","2026-06-08T16:45:05.458974+00:00","anomalib_padim","1.0","0.5","True","1.0","0.5","0.8653323411941527","0.0146331787109375","1","[{'x': 85, 'y': 221, 'w': 40, 'h': 35, 'area_px': 959, 'area_ratio': 0.0146331787109375, 'mean_heat': 0.6804146766662598, 'max_heat': 1.0, 'x2': 125, 'y2': 256, 'aspect_ratio': 1.1428571428571428}]","unknown","0.5774999999999999","rules_constrained_taxonomy","85.0","221.0","40.0","35.0","959.0","0.0146331787109375","0.6804146766662598","1.0","125.0","256.0","1.1428571428571428","0.13357142857142856","17.48857142857143","178.92285714285714","3.7215614617940176","0.0","['no_rule_matched_confidently']","1.0","0.8653323411941527","0.5774999999999999","0.5774999999999999","0.8539747023582458","minimum","0.5774999999999999","S3","O3","D2","High","Quarantine item or lot pending quality engineer review.","True","S3|O3|D2","True","['Fused confidence 0.577 is below operational threshold 0.600.', 'Semantic label is unknown or not confidently mapped to the taxonomy.']","outputs/risk_padim_bottle/artefacts/bottle__test__contamination__014_heatmap_overlay.png","outputs/risk_padim_bottle/artefacts/bottle__test__contamination__014_mask.png","outputs/risk_padim_bottle/artefacts/bottle__test__contamination__014_annotated.png","simple_statistical_reference","0.42","minimum",""
"bottle__test__contamination__015","data/mvtec_anomaly_detection/bottle/test/contamination/015.png","1e8ba471a607de42e71890f010c0e7a620522f5c55abc8f64d52b290438c31be","2026-06-08T16:45:05.503314+00:00","anomalib_padim","0.43724169948489794","0.5","True","0.43724169948489794","0.06275830051510206","0.8995544880628585","0.0679473876953125","1","[{'x': 86, 'y': 73, 'w': 80, 'h': 81, 'area_px': 4453, 'area_ratio': 0.0679473876953125, 'mean_heat': 0.6824163794517517, 'max_heat': 1.0, 'x2': 166, 'y2': 154, 'aspect_ratio': 1.0125}]","unknown","0.5774999999999999","rules_constrained_taxonomy","86.0","73.0","80.0","81.0","4453.0","0.0679473876953125","0.6824163794517517","1.0","166.0","154.0","1.0125","0.08395061728395062","55.12592592592593","58.7070987654321","2.157283314242079","2.0290481417843935","['no_rule_matched_confidently']","0.43724169948489794","0.8995544880628585","0.5774999999999999","0.43724169948489794","0.6110001111870615","minimum","0.43724169948489794","S3","O3","D3","Critical","Stop release or production path until authorised review is complete.","True","S3|O3|D3","True","['Fused confidence 0.437 is below operational threshold 0.600.', 'Semantic label is unknown or not confidently mapped to the taxonomy.', 'Anomaly score is close to the decision boundary; margin=0.063.', 'Critical risk class requires operator confirmation before release decision.']","outputs/risk_padim_bottle/artefacts/bottle__test__contamination__015_heatmap_overlay.png","outputs/risk_padim_bottle/artefacts/bottle__test__contamination__015_mask.png","outputs/risk_padim_bottle/artefacts/bottle__test__contamination__015_annotated.png","simple_statistical_reference","0.42","minimum",""
"bottle__test__contamination__016","data/mvtec_anomaly_detection/bottle/test/contamination/016.png","9693bc441d758ca05db5602c66243681697a4d273a9468508f4a9a9b3205c0c1","2026-06-08T16:45:05.540667+00:00","anomalib_padim","0.22656645732290678","0.5","True","0.22656645732290678","0.2734335426770932","0.7726779135409041","0.15240478515625","3","[{'x': 70, 'y': 65, 'w': 124, 'h': 125, 'area_px': 9812, 'area_ratio': 0.14971923828125, 'mean_heat': 0.5939106345176697, 'max_heat': 1.0, 'x2': 194, 'y2': 190, 'aspect_ratio': 1.0080645161290323}, {'x': 126, 'y': 222, 'w': 12, 'h': 12, 'area_px': 118, 'area_ratio': 0.001800537109375, 'mean_heat': 0.482419490814209, 'max_heat': 0.5529412031173706, 'x2': 138, 'y2': 234, 'aspect_ratio': 1.0}, {'x': 107, 'y': 199, 'w': 10, 'h': 7, 'area_px': 58, 'area_ratio': 0.000885009765625, 'mean_heat': 0.4407031536102295, 'max_heat': 0.4588235318660736, 'x2': 117, 'y2': 206, 'aspect_ratio': 1.4285714285714286}]","deformation","0.779","rules_constrained_taxonomy","70.0","65.0","124.0","125.0","9812.0","0.14971923828125","0.5939106345176697","1.0","194.0","190.0","1.0080645161290323","0.1292258064516129","50.29141935483871","81.0305806451613","2.6333646435925075","3.2918610974932108","['large_irregular_edge_region']","0.22656645732290678","0.7726779135409041","0.779","0.22656645732290678","0.5285082798575793","minimum","0.22656645732290678","S4","O1","D3","High","Quarantine item or lot pending quality engineer review.","True","S4|O1|D3","True","['Fused confidence 0.227 is below operational threshold 0.600.']","outputs/risk_padim_bottle/artefacts/bottle__test__contamination__016_heatmap_overlay.png","outputs/risk_padim_bottle/artefacts/bottle__test__contamination__016_mask.png","outputs/risk_padim_bottle/artefacts/bottle__test__contamination__016_annotated.png","simple_statistical_reference","0.42","minimum",""
"bottle__test__contamination__017","data/mvtec_anomaly_detection/bottle/test/contamination/017.png","39353cd83649e95260e53e0ec2ac3985cc5d42732f721cc26f7027db616695c8","2026-06-08T16:45:05.577124+00:00","anomalib_padim","1.0","0.5","True","1.0","0.5","0.898176052570343","0.1105804443359375","1","[{'x': 0, 'y': 0, 'w': 119, 'h': 121, 'area_px': 7247, 'area_ratio': 0.1105804443359375, 'mean_heat': 0.68483567237854, 'max_heat': 1.0, 'x2': 119, 'y2': 121, 'aspect_ratio': 1.0168067226890756}]","deformation","0.779","rules_constrained_taxonomy","0.0","0.0","119.0","121.0","7247.0","0.1105804443359375","0.68483567237854","1.0","119.0","121.0","1.0168067226890756","0.1594555177442878","18.793041183415514","154.17223418292937","2.651749148025612","0.0","['large_irregular_edge_region']","1.0","0.898176052570343","0.779","0.779","0.9142028157711029","minimum","0.779","S4","O1","D2","Medium","Reinspect item and consider rework if defect is confirmed.","True","S4|O1|D2","False","[]","outputs/risk_padim_bottle/artefacts/bottle__test__contamination__017_heatmap_overlay.png","outputs/risk_padim_bottle/artefacts/bottle__test__contamination__017_mask.png","outputs/risk_padim_bottle/artefacts/bottle__test__contamination__017_annotated.png","simple_statistical_reference","0.42","minimum",""
"bottle__test__contamination__018","data/mvtec_anomaly_detection/bottle/test/contamination/018.png","71c18397def5e402077a127a882dc3c871053b2796cf158aad1ff1a149a465dc","2026-06-08T16:45:05.623903+00:00","anomalib_padim","0.833201608280434","0.5","True","0.833201608280434","0.333201608280434","0.830786833167076","0.0352630615234375","1","[{'x': 162, 'y': 79, 'w': 65, 'h': 66, 'area_px': 2311, 'area_ratio': 0.0352630615234375, 'mean_heat': 0.5749942660331726, 'max_heat': 1.0, 'x2': 227, 'y2': 145, 'aspect_ratio': 1.0153846153846153}]","unknown","0.5774999999999999","rules_constrained_taxonomy","162.0","79.0","65.0","66.0","2311.0","0.0352630615234375","0.5749942660331726","1.0","227.0","145.0","1.0153846153846153","0.22703962703962705","39.59160839160839","96.8086247086247","0.05231299865445749","0.0","['no_rule_matched_confidently']","0.833201608280434","0.830786833167076","0.5774999999999999","0.5774999999999999","0.7685517736763181","minimum","0.5774999999999999","S3","O3","D2","High","Quarantine item or lot pending quality engineer review.","True","S3|O3|D2","True","['Fused confidence 0.577 is below operational threshold 0.600.', 'Semantic label is unknown or not confidently mapped to the taxonomy.']","outputs/risk_padim_bottle/artefacts/bottle__test__contamination__018_heatmap_overlay.png","outputs/risk_padim_bottle/artefacts/bottle__test__contamination__018_mask.png","outputs/risk_padim_bottle/artefacts/bottle__test__contamination__018_annotated.png","simple_statistical_reference","0.42","minimum",""
"bottle__test__contamination__019","data/mvtec_anomaly_detection/bottle/test/contamination/019.png","883de514d58337d56397cd06cccf12e3954bdf3e2293833726c255d8f9071a3c","2026-06-08T16:45:05.661844+00:00","anomalib_padim","0.17622952188352764","0.5","True","0.17622952188352764","0.32377047811647236","0.8337864220142364","0.042205810546875","1","[{'x': 147, 'y': 115, 'w': 63, 'h': 86, 'area_px': 2766, 'area_ratio': 0.042205810546875, 'mean_heat': 0.5720173120498657, 'max_heat': 1.0, 'x2': 210, 'y2': 201, 'aspect_ratio': 1.3650793650793651}]","unknown","0.5774999999999999","rules_constrained_taxonomy","147.0","115.0","63.0","86.0","2766.0","0.042205810546875","0.5720173120498657","1.0","210.0","201.0","1.3650793650793651","0.18272425249169436","46.9296788482835","76.79974160206719","1.071153159526986","5.414083168347304","['no_rule_matched_confidently']","0.17622952188352764","0.8337864220142364","0.5774999999999999","0.17622952188352764","0.47381421145185837","minimum","0.17622952188352764","S3","O3","D3","Critical","Stop release or production path until authorised review is complete.","True","S3|O3|D3","True","['Fused confidence 0.176 is below operational threshold 0.600.', 'Semantic label is unknown or not confidently mapped to the taxonomy.', 'Critical risk class requires operator confirmation before release decision.']","outputs/risk_padim_bottle/artefacts/bottle__test__contamination__019_heatmap_overlay.png","outputs/risk_padim_bottle/artefacts/bottle__test__contamination__019_mask.png","outputs/risk_padim_bottle/artefacts/bottle__test__contamination__019_annotated.png","simple_statistical_reference","0.42","minimum",""
"bottle__test__contamination__020","data/mvtec_anomaly_detection/bottle/test/contamination/020.png","19dd90eb49a90512b56e9174da1fdd6e8a2ef40e590bfb8d76b1ca854c82f16b","2026-06-08T16:45:05.704077+00:00","anomalib_padim","0.262425436795326","0.5","True","0.262425436795326","0.23757456320467402","0.7812923350596166","0.1479949951171875","2","[{'x': 66, 'y': 73, 'w': 118, 'h': 115, 'area_px': 9097, 'area_ratio': 0.1388092041015625, 'mean_heat': 0.5582624673843384, 'max_heat': 1.0, 'x2': 184, 'y2': 188, 'aspect_ratio': 1.0260869565217392}, {'x': 99, 'y': 34, 'w': 40, 'h': 19, 'area_px': 602, 'area_ratio': 0.009185791015625, 'mean_heat': 0.48371440172195435, 'max_heat': 0.545098066329956, 'x2': 139, 'y2': 53, 'aspect_ratio': 2.1052631578947367}]","deformation","0.779","rules_constrained_taxonomy","66.0","73.0","118.0","115.0","9097.0","0.1388092041015625","0.5582624673843384","1.0","184.0","188.0","1.0260869565217392","0.11016949152542373","52.475829034635225","98.41179071481208","1.8968726714131705","0.0","['large_irregular_edge_region']","0.262425436795326","0.7812923350596166","0.779","0.262425436795326","0.5472291470757816","minimum","0.262425436795326","S4","O1","D3","High","Quarantine item or lot pending quality engineer review.","True","S4|O1|D3","True","['Fused confidence 0.262 is below operational threshold 0.600.']","outputs/risk_padim_bottle/artefacts/bottle__test__contamination__020_heatmap_overlay.png","outputs/risk_padim_bottle/artefacts/bottle__test__contamination__020_mask.png","outputs/risk_padim_bottle/artefacts/bottle__test__contamination__020_annotated.png","simple_statistical_reference","0.42","minimum",""
"bottle__test__good__000","data/mvtec_anomaly_detection/bottle/test/good/000.png","9e7bfe658efe9b6db2607a96405b4ac6880936eaf93b89c85bcd311122ceb57b","2026-06-08T16:45:05.742782+00:00","anomalib_padim","0.047728363228832026","0.5","False","0.952271636771168","0.452271636771168","0.952271636771168","0.0","0","[]","normal","0.952271636771168","detector_normal_decision","","","","","","","","","","","","","","","","","","0.952271636771168","0.952271636771168","0.952271636771168","0.952271636771168","0.9522716367711679","minimum","0.952271636771168","S1","O1","D1","Low","Continue monitoring; no immediate intervention required.","True","S1|O1|D1","False","[]","outputs/risk_padim_bottle/artefacts/bottle__test__good__000_heatmap_overlay.png","outputs/risk_padim_bottle/artefacts/bottle__test__good__000_mask.png","outputs/risk_padim_bottle/artefacts/bottle__test__good__000_annotated.png","simple_statistical_reference","0.42","minimum","Image-level anomaly score did not exceed the calibrated threshold."
"bottle__test__good__001","data/mvtec_anomaly_detection/bottle/test/good/001.png","a45aba86ef3e1ef8dbd95ca56abeb63f576fcd2bbd040ba748a1410bb70d6d78","2026-06-08T16:45:05.778374+00:00","anomalib_padim","0.02207118640044625","0.5","False","0.9779288135995537","0.47792881359955375","0.9779288135995537","0.0","0","[]","normal","0.9779288135995537","detector_normal_decision","","","","","","","","","","","","","","","","","","0.9779288135995537","0.9779288135995537","0.9779288135995537","0.9779288135995537","0.9779288135995537","minimum","0.9779288135995537","S1","O1","D1","Low","Continue monitoring; no immediate intervention required.","True","S1|O1|D1","False","[]","outputs/risk_padim_bottle/artefacts/bottle__test__good__001_heatmap_overlay.png","outputs/risk_padim_bottle/artefacts/bottle__test__good__001_mask.png","outputs/risk_padim_bottle/artefacts/bottle__test__good__001_annotated.png","simple_statistical_reference","0.42","minimum","Image-level anomaly score did not exceed the calibrated threshold."
"bottle__test__good__002","data/mvtec_anomaly_detection/bottle/test/good/002.png","281e0b0dada22effec4fee5b09bef9a54feaef9d8d717aeb7947aa499ab9a1f8","2026-06-08T16:45:05.820974+00:00","anomalib_padim","0.05119664627998192","0.5","False","0.9488033537200181","0.44880335372001806","0.9488033537200181","0.0","0","[]","normal","0.9488033537200181","detector_normal_decision","","","","","","","","","","","","","","","","","","0.9488033537200181","0.9488033537200181","0.9488033537200181","0.9488033537200181","0.9488033537200181","minimum","0.9488033537200181","S1","O1","D1","Low","Continue monitoring; no immediate intervention required.","True","S1|O1|D1","False","[]","outputs/risk_padim_bottle/artefacts/bottle__test__good__002_heatmap_overlay.png","outputs/risk_padim_bottle/artefacts/bottle__test__good__002_mask.png","outputs/risk_padim_bottle/artefacts/bottle__test__good__002_annotated.png","simple_statistical_reference","0.42","minimum","Image-level anomaly score did not exceed the calibrated threshold."
"bottle__test__good__003","data/mvtec_anomaly_detection/bottle/test/good/003.png","08c6a6cbeecb25f84c1a8a6fbc1437228980076075058550eedd2f7e1d172978","2026-06-08T16:45:05.857659+00:00","anomalib_padim","0.017398496397440115","0.5","False","0.9826015036025599","0.4826015036025599","0.9826015036025599","0.0","0","[]","normal","0.9826015036025599","detector_normal_decision","","","","","","","","","","","","","","","","","","0.9826015036025599","0.9826015036025599","0.9826015036025599","0.9826015036025599","0.9826015036025599","minimum","0.9826015036025599","S1","O1","D1","Low","Continue monitoring; no immediate intervention required.","True","S1|O1|D1","False","[]","outputs/risk_padim_bottle/artefacts/bottle__test__good__003_heatmap_overlay.png","outputs/risk_padim_bottle/artefacts/bottle__test__good__003_mask.png","outputs/risk_padim_bottle/artefacts/bottle__test__good__003_annotated.png","simple_statistical_reference","0.42","minimum","Image-level anomaly score did not exceed the calibrated threshold."
"bottle__test__good__004","data/mvtec_anomaly_detection/bottle/test/good/004.png","22e8a84b84435aa6e67266529d6a2f3b7a29f89e4701fd0a969031e517a12dea","2026-06-08T16:45:05.893162+00:00","anomalib_padim","0.04769984834706937","0.5","False","0.9523001516529306","0.45230015165293064","0.9523001516529306","0.0","0","[]","normal","0.9523001516529306","detector_normal_decision","","","","","","","","","","","","","","","","","","0.9523001516529306","0.9523001516529306","0.9523001516529306","0.9523001516529306","0.9523001516529306","minimum","0.9523001516529306","S1","O1","D1","Low","Continue monitoring; no immediate intervention required.","True","S1|O1|D1","False","[]","outputs/risk_padim_bottle/artefacts/bottle__test__good__004_heatmap_overlay.png","outputs/risk_padim_bottle/artefacts/bottle__test__good__004_mask.png","outputs/risk_padim_bottle/artefacts/bottle__test__good__004_annotated.png","simple_statistical_reference","0.42","minimum","Image-level anomaly score did not exceed the calibrated threshold."
"bottle__test__good__005","data/mvtec_anomaly_detection/bottle/test/good/005.png","fa1fb2fa7dbdebe55fa61b1aec5563c769d10ceaa96e8a822fd544a748429807","2026-06-08T16:45:05.927451+00:00","anomalib_padim","0.0","0.5","False","1.0","0.5","1.0","0.0","0","[]","normal","1.0","detector_normal_decision","","","","","","","","","","","","","","","","","","1.0","1.0","1.0","1.0","1.0","minimum","1.0","S1","O1","D1","Low","Continue monitoring; no immediate intervention required.","True","S1|O1|D1","False","[]","outputs/risk_padim_bottle/artefacts/bottle__test__good__005_heatmap_overlay.png","outputs/risk_padim_bottle/artefacts/bottle__test__good__005_mask.png","outputs/risk_padim_bottle/artefacts/bottle__test__good__005_annotated.png","simple_statistical_reference","0.42","minimum","Image-level anomaly score did not exceed the calibrated threshold."
"bottle__test__good__006","data/mvtec_anomaly_detection/bottle/test/good/006.png","cb8b1201fa027fada3209cde87514b778231e5d0923c5517d40e78b2e0423e35","2026-06-08T16:45:05.963989+00:00","anomalib_padim","0.17815486725140842","0.5","True","0.17815486725140842","0.3218451327485916","0.8455476403236388","0.0330047607421875","1","[{'x': 94, 'y': 115, 'w': 47, 'h': 57, 'area_px': 2163, 'area_ratio': 0.0330047607421875, 'mean_heat': 0.6109325885772705, 'max_heat': 1.0, 'x2': 141, 'y2': 172, 'aspect_ratio': 1.2127659574468086}]","unknown","0.5774999999999999","rules_constrained_taxonomy","94.0","115.0","47.0","57.0","2163.0","0.0330047607421875","0.6109325885772705","1.0","141.0","172.0","1.2127659574468086","0.0","42.894363568495706","61.62821948488242","6.568780593278596","0.0","['no_rule_matched_confidently']","0.17815486725140842","0.8455476403236388","0.5774999999999999","0.17815486725140842","0.4782089823602254","minimum","0.17815486725140842","S3","O3","D3","Critical","Stop release or production path until authorised review is complete.","True","S3|O3|D3","True","['Fused confidence 0.178 is below operational threshold 0.600.', 'Semantic label is unknown or not confidently mapped to the taxonomy.', 'Critical risk class requires operator confirmation before release decision.']","outputs/risk_padim_bottle/artefacts/bottle__test__good__006_heatmap_overlay.png","outputs/risk_padim_bottle/artefacts/bottle__test__good__006_mask.png","outputs/risk_padim_bottle/artefacts/bottle__test__good__006_annotated.png","simple_statistical_reference","0.42","minimum",""
"bottle__test__good__007","data/mvtec_anomaly_detection/bottle/test/good/007.png","7d3036445dcce53d746e8e1804eca5e2acaa2646c85eb574782c74a940a72921","2026-06-08T16:45:06.000308+00:00","anomalib_padim","0.04019457733264192","0.5","False","0.959805422667358","0.4598054226673581","0.959805422667358","0.0","0","[]","normal","0.959805422667358","detector_normal_decision","","","","","","","","","","","","","","","","","","0.959805422667358","0.959805422667358","0.959805422667358","0.959805422667358","0.959805422667358","minimum","0.959805422667358","S1","O1","D1","Low","Continue monitoring; no immediate intervention required.","True","S1|O1|D1","False","[]","outputs/risk_padim_bottle/artefacts/bottle__test__good__007_heatmap_overlay.png","outputs/risk_padim_bottle/artefacts/bottle__test__good__007_mask.png","outputs/risk_padim_bottle/artefacts/bottle__test__good__007_annotated.png","simple_statistical_reference","0.42","minimum","Image-level anomaly score did not exceed the calibrated threshold."
"bottle__test__good__008","data/mvtec_anomaly_detection/bottle/test/good/008.png","c87eba626d55a28bcf5d046f8c1f5abf543d9eb9dd6c647181a26a29a58582b7","2026-06-08T16:45:06.033969+00:00","anomalib_padim","0.005644764891203395","0.5","False","0.9943552351087966","0.4943552351087966","0.9943552351087966","0.0","0","[]","normal","0.9943552351087966","detector_normal_decision","","","","","","","","","","","","","","","","","","0.9943552351087966","0.9943552351087966","0.9943552351087966","0.9943552351087966","0.9943552351087966","minimum","0.9943552351087966","S1","O1","D1","Low","Continue monitoring; no immediate intervention required.","True","S1|O1|D1","False","[]","outputs/risk_padim_bottle/artefacts/bottle__test__good__008_heatmap_overlay.png","outputs/risk_padim_bottle/artefacts/bottle__test__good__008_mask.png","outputs/risk_padim_bottle/artefacts/bottle__test__good__008_annotated.png","simple_statistical_reference","0.42","minimum","Image-level anomaly score did not exceed the calibrated threshold."
"bottle__test__good__009","data/mvtec_anomaly_detection/bottle/test/good/009.png","b093faf3767345a4a75ed355d62e8461590fe94778df733e6acbeff2353f9f6b","2026-06-08T16:45:06.067789+00:00","anomalib_padim","0.035582359430238755","0.5","False","0.9644176405697612","0.46441764056976126","0.9644176405697612","0.0","0","[]","normal","0.9644176405697612","detector_normal_decision","","","","","","","","","","","","","","","","","","0.9644176405697612","0.9644176405697612","0.9644176405697612","0.9644176405697612","0.9644176405697612","minimum","0.9644176405697612","S1","O1","D1","Low","Continue monitoring; no immediate intervention required.","True","S1|O1|D1","False","[]","outputs/risk_padim_bottle/artefacts/bottle__test__good__009_heatmap_overlay.png","outputs/risk_padim_bottle/artefacts/bottle__test__good__009_mask.png","outputs/risk_padim_bottle/artefacts/bottle__test__good__009_annotated.png","simple_statistical_reference","0.42","minimum","Image-level anomaly score did not exceed the calibrated threshold."
"bottle__test__good__010","data/mvtec_anomaly_detection/bottle/test/good/010.png","b31ddd1a297e85ad505f8d8b1b2df94452ab22a5d5482f500db920635356f963","2026-06-08T16:45:06.104271+00:00","anomalib_padim","0.04958434807350633","0.5","False","0.9504156519264937","0.4504156519264937","0.9504156519264937","0.0","0","[]","normal","0.9504156519264937","detector_normal_decision","","","","","","","","","","","","","","","","","","0.9504156519264937","0.9504156519264937","0.9504156519264937","0.9504156519264937","0.9504156519264937","minimum","0.9504156519264937","S1","O1","D1","Low","Continue monitoring; no immediate intervention required.","True","S1|O1|D1","False","[]","outputs/risk_padim_bottle/artefacts/bottle__test__good__010_heatmap_overlay.png","outputs/risk_padim_bottle/artefacts/bottle__test__good__010_mask.png","outputs/risk_padim_bottle/artefacts/bottle__test__good__010_annotated.png","simple_statistical_reference","0.42","minimum","Image-level anomaly score did not exceed the calibrated threshold."
"bottle__test__good__011","data/mvtec_anomaly_detection/bottle/test/good/011.png","17033f7fb5f93eee444224d7dd9482a6444c526e0f68591a21b12b4d356cbb8a","2026-06-08T16:45:06.140966+00:00","anomalib_padim","0.04926405659078848","0.5","False","0.9507359434092115","0.4507359434092115","0.9507359434092115","0.0","0","[]","normal","0.9507359434092115","detector_normal_decision","","","","","","","","","","","","","","","","","","0.9507359434092115","0.9507359434092115","0.9507359434092115","0.9507359434092115","0.9507359434092115","minimum","0.9507359434092115","S1","O1","D1","Low","Continue monitoring; no immediate intervention required.","True","S1|O1|D1","False","[]","outputs/risk_padim_bottle/artefacts/bottle__test__good__011_heatmap_overlay.png","outputs/risk_padim_bottle/artefacts/bottle__test__good__011_mask.png","outputs/risk_padim_bottle/artefacts/bottle__test__good__011_annotated.png","simple_statistical_reference","0.42","minimum","Image-level anomaly score did not exceed the calibrated threshold."
"bottle__test__good__012","data/mvtec_anomaly_detection/bottle/test/good/012.png","12b90fbbb65590d8b1f48d1a5ffff440c45af785b26f23cebd20ad0b86d4ad50","2026-06-08T16:45:06.179312+00:00","anomalib_padim","0.0496863337317025","0.5","False","0.9503136662682975","0.4503136662682975","0.9503136662682975","0.0","0","[]","normal","0.9503136662682975","detector_normal_decision","","","","","","","","","","","","","","","","","","0.9503136662682975","0.9503136662682975","0.9503136662682975","0.9503136662682975","0.9503136662682975","minimum","0.9503136662682975","S1","O1","D1","Low","Continue monitoring; no immediate intervention required.","True","S1|O1|D1","False","[]","outputs/risk_padim_bottle/artefacts/bottle__test__good__012_heatmap_overlay.png","outputs/risk_padim_bottle/artefacts/bottle__test__good__012_mask.png","outputs/risk_padim_bottle/artefacts/bottle__test__good__012_annotated.png","simple_statistical_reference","0.42","minimum","Image-level anomaly score did not exceed the calibrated threshold."
"bottle__test__good__013","data/mvtec_anomaly_detection/bottle/test/good/013.png","f1b83b016bd73e9490a17f052da9eae96797d6dfb11c328b6ddea5eb9af7ba73","2026-06-08T16:45:06.220388+00:00","anomalib_padim","0.05098404343181277","0.5","False","0.9490159565681873","0.4490159565681872","0.9490159565681873","0.0","0","[]","normal","0.9490159565681873","detector_normal_decision","","","","","","","","","","","","","","","","","","0.9490159565681873","0.9490159565681873","0.9490159565681873","0.9490159565681873","0.9490159565681873","minimum","0.9490159565681873","S1","O1","D1","Low","Continue monitoring; no immediate intervention required.","True","S1|O1|D1","False","[]","outputs/risk_padim_bottle/artefacts/bottle__test__good__013_heatmap_overlay.png","outputs/risk_padim_bottle/artefacts/bottle__test__good__013_mask.png","outputs/risk_padim_bottle/artefacts/bottle__test__good__013_annotated.png","simple_statistical_reference","0.42","minimum","Image-level anomaly score did not exceed the calibrated threshold."
"bottle__test__good__014","data/mvtec_anomaly_detection/bottle/test/good/014.png","a71581c613032a4db9ac7fc3e5f1b73cf0015015ee6f5a08b2f92495e4c3e3e8","2026-06-08T16:45:06.258068+00:00","anomalib_padim","0.2433459495843532","0.5","True","0.2433459495843532","0.2566540504156468","0.8579610675573348","0.0059814453125","1","[{'x': 109, 'y': 205, 'w': 22, 'h': 22, 'area_px': 392, 'area_ratio': 0.0059814453125, 'mean_heat': 0.6760503649711609, 'max_heat': 1.0, 'x2': 131, 'y2': 227, 'aspect_ratio': 1.0}]","unknown","0.5774999999999999","rules_constrained_taxonomy","109.0","205.0","22.0","22.0","392.0","0.0059814453125","0.6760503649711609","1.0","131.0","227.0","1.0","0.3285123966942149","38.853305785123965","112.06404958677686","4.696796089833107","0.0","['no_rule_matched_confidently']","0.2433459495843532","0.8579610675573348","0.5774999999999999","0.2433459495843532","0.5112689975801594","minimum","0.2433459495843532","S3","O3","D3","Critical","Stop release or production path until authorised review is complete.","True","S3|O3|D3","True","['Fused confidence 0.243 is below operational threshold 0.600.', 'Semantic label is unknown or not confidently mapped to the taxonomy.', 'Critical risk class requires operator confirmation before release decision.']","outputs/risk_padim_bottle/artefacts/bottle__test__good__014_heatmap_overlay.png","outputs/risk_padim_bottle/artefacts/bottle__test__good__014_mask.png","outputs/risk_padim_bottle/artefacts/bottle__test__good__014_annotated.png","simple_statistical_reference","0.42","minimum",""
"bottle__test__good__015","data/mvtec_anomaly_detection/bottle/test/good/015.png","179aecaca86a1964bdc3075782bb36dcd1c7b25266077711a157d2dd565cfffc","2026-06-08T16:45:06.294596+00:00","anomalib_padim","0.14829500787652963","0.5","True","0.14829500787652963","0.3517049921234704","0.49486689033648734","0.0230560302734375","6","[{'x': 52, 'y': 41, 'w': 28, 'h': 27, 'area_px': 591, 'area_ratio': 0.0090179443359375, 'mean_heat': 0.6159583330154419, 'max_heat': 1.0, 'x2': 80, 'y2': 68, 'aspect_ratio': 1.037037037037037}, {'x': 125, 'y': 138, 'w': 19, 'h': 23, 'area_px': 329, 'area_ratio': 0.0050201416015625, 'mean_heat': 0.45729783177375793, 'max_heat': 0.5098039507865906, 'x2': 144, 'y2': 161, 'aspect_ratio': 1.2105263157894737}, {'x': 97, 'y': 193, 'w': 16, 'h': 19, 'area_px': 238, 'area_ratio': 0.003631591796875, 'mean_heat': 0.47421330213546753, 'max_heat': 0.5529412031173706, 'x2': 113, 'y2': 212, 'aspect_ratio': 1.1875}, {'x': 173, 'y': 195, 'w': 17, 'h': 15, 'area_px': 198, 'area_ratio': 0.003021240234375, 'mean_heat': 0.4696969985961914, 'max_heat': 0.529411792755127, 'x2': 190, 'y2': 210, 'aspect_ratio': 1.1333333333333333}, {'x': 182, 'y': 62, 'w': 14, 'h': 10, 'area_px': 107, 'area_ratio': 0.0016326904296875, 'mean_heat': 0.44705885648727417, 'max_heat': 0.4745098054409027, 'x2': 196, 'y2': 72, 'aspect_ratio': 1.4}, {'x': 94, 'y': 56, 'w': 8, 'h': 8, 'area_px': 48, 'area_ratio': 0.000732421875, 'mean_heat': 0.44991835951805115, 'max_heat': 0.47843137383461, 'x2': 102, 'y2': 64, 'aspect_ratio': 1.0}]","unknown","0.5774999999999999","rules_constrained_taxonomy","52.0","41.0","28.0","27.0","591.0","0.0090179443359375","0.6159583330154419","1.0","80.0","68.0","1.037037037037037","0.2526455026455027","32.6931216931217","86.71031746031746","2.874411333713663","14.707758649619123","['no_rule_matched_confidently']","0.14829500787652963","0.49486689033648734","0.5774999999999999","0.14829500787652963","0.3595678206453845","minimum","0.14829500787652963","S3","O3","D3","Critical","Stop release or production path until authorised review is complete.","True","S3|O3|D3","True","['Fused confidence 0.148 is below operational threshold 0.600.', 'Semantic label is unknown or not confidently mapped to the taxonomy.', 'Critical risk class requires operator confirmation before release decision.']","outputs/risk_padim_bottle/artefacts/bottle__test__good__015_heatmap_overlay.png","outputs/risk_padim_bottle/artefacts/bottle__test__good__015_mask.png","outputs/risk_padim_bottle/artefacts/bottle__test__good__015_annotated.png","simple_statistical_reference","0.42","minimum",""
"bottle__test__good__016","data/mvtec_anomaly_detection/bottle/test/good/016.png","5ff7596e9a7fec2b34166dba196022c09282d9b45df671aac6759bbc2995e561","2026-06-08T16:45:06.335221+00:00","anomalib_padim","0.02752718791219739","0.5","False","0.9724728120878026","0.4724728120878026","0.9724728120878026","0.0","0","[]","normal","0.9724728120878026","detector_normal_decision","","","","","","","","","","","","","","","","","","0.9724728120878026","0.9724728120878026","0.9724728120878026","0.9724728120878026","0.9724728120878026","minimum","0.9724728120878026","S1","O1","D1","Low","Continue monitoring; no immediate intervention required.","True","S1|O1|D1","False","[]","outputs/risk_padim_bottle/artefacts/bottle__test__good__016_heatmap_overlay.png","outputs/risk_padim_bottle/artefacts/bottle__test__good__016_mask.png","outputs/risk_padim_bottle/artefacts/bottle__test__good__016_annotated.png","simple_statistical_reference","0.42","minimum","Image-level anomaly score did not exceed the calibrated threshold."
"bottle__test__good__017","data/mvtec_anomaly_detection/bottle/test/good/017.png","ac516a2650e86145083c3a5c5b6c13b44062b4ec8daec52ee7fc81fe2fec6d4d","2026-06-08T16:45:06.368229+00:00","anomalib_padim","0.12074356947029266","0.5","False","0.8792564305297074","0.37925643052970737","0.8792564305297074","0.0","0","[]","normal","0.8792564305297074","detector_normal_decision","","","","","","","","","","","","","","","","","","0.8792564305297074","0.8792564305297074","0.8792564305297074","0.8792564305297074","0.8792564305297074","minimum","0.8792564305297074","S1","O1","D1","Low","Continue monitoring; no immediate intervention required.","True","S1|O1|D1","False","[]","outputs/risk_padim_bottle/artefacts/bottle__test__good__017_heatmap_overlay.png","outputs/risk_padim_bottle/artefacts/bottle__test__good__017_mask.png","outputs/risk_padim_bottle/artefacts/bottle__test__good__017_annotated.png","simple_statistical_reference","0.42","minimum","Image-level anomaly score did not exceed the calibrated threshold."
"bottle__test__good__018","data/mvtec_anomaly_detection/bottle/test/good/018.png","4f0c476b10508c8f163cba4a93f6272126e4b55b59df9d7ace36247ab72709df","2026-06-08T16:45:06.400955+00:00","anomalib_padim","0.06603830827937042","0.5","False","0.9339616917206296","0.4339616917206296","0.9339616917206296","0.0","0","[]","normal","0.9339616917206296","detector_normal_decision","","","","","","","","","","","","","","","","","","0.9339616917206296","0.9339616917206296","0.9339616917206296","0.9339616917206296","0.9339616917206296","minimum","0.9339616917206296","S1","O1","D1","Low","Continue monitoring; no immediate intervention required.","True","S1|O1|D1","False","[]","outputs/risk_padim_bottle/artefacts/bottle__test__good__018_heatmap_overlay.png","outputs/risk_padim_bottle/artefacts/bottle__test__good__018_mask.png","outputs/risk_padim_bottle/artefacts/bottle__test__good__018_annotated.png","simple_statistical_reference","0.42","minimum","Image-level anomaly score did not exceed the calibrated threshold."
"bottle__test__good__019","data/mvtec_anomaly_detection/bottle/test/good/019.png","44ef90ec530671e4c8125bf67b05b5f6b25a7bf24ee0d4d29dffc9af06f162dd","2026-06-08T16:45:06.438490+00:00","anomalib_padim","0.06254346271674072","0.5","False","0.9374565372832593","0.4374565372832593","0.9374565372832593","0.0","0","[]","normal","0.9374565372832593","detector_normal_decision","","","","","","","","","","","","","","","","","","0.9374565372832593","0.9374565372832593","0.9374565372832593","0.9374565372832593","0.9374565372832593","minimum","0.9374565372832593","S1","O1","D1","Low","Continue monitoring; no immediate intervention required.","True","S1|O1|D1","False","[]","outputs/risk_padim_bottle/artefacts/bottle__test__good__019_heatmap_overlay.png","outputs/risk_padim_bottle/artefacts/bottle__test__good__019_mask.png","outputs/risk_padim_bottle/artefacts/bottle__test__good__019_annotated.png","simple_statistical_reference","0.42","minimum","Image-level anomaly score did not exceed the calibrated threshold."
