"image_id","image_path","image_sha256","created_utc","detection.detector_name","detection.image_score","detection.threshold","detection.is_anomalous","detection.confidence","detection.score_margin","localisation.confidence","localisation.mask_area_ratio","localisation.component_count","localisation.boxes","semantic.label","semantic.confidence","semantic.method","semantic.evidence.selected_box.x","semantic.evidence.selected_box.y","semantic.evidence.selected_box.w","semantic.evidence.selected_box.h","semantic.evidence.selected_box.area_px","semantic.evidence.selected_box.area_ratio","semantic.evidence.selected_box.mean_heat","semantic.evidence.selected_box.max_heat","semantic.evidence.selected_box.x2","semantic.evidence.selected_box.y2","semantic.evidence.selected_box.aspect_ratio","semantic.evidence.edge_density","semantic.evidence.mean_saturation","semantic.evidence.mean_value","semantic.evidence.saturation_contrast","semantic.evidence.dark_contrast","semantic.evidence.rules","confidence.components.anomaly","confidence.components.localisation","confidence.components.semantic","confidence.fusion.minimum","confidence.fusion.weighted_average","confidence.fusion.preferred_strategy","confidence.fusion.preferred","risk.severity","risk.occurrence","risk.detection","risk.risk_class","risk.action","risk.mapped","risk.rpm_lookup_key","review.requires_review","review.reasons","artefacts.heatmap_overlay","artefacts.mask","artefacts.annotated","config_summary.detector","config_summary.localisation_threshold","config_summary.fusion_preferred_strategy","semantic.evidence.reason"
"hazelnut__test__crack__000","data/mvtec_anomaly_detection/hazelnut/test/crack/000.png","e26b54282b6b11286760905ca2880af594561b606dfa0643859d6ee6027cf8c2","2026-06-08T18:55:15.767681+00:00","anomalib_patchcore","0.6872148215086764","0.5","True","0.6872148215086764","0.1872148215086764","0.880795847773552","0.2756805419921875","1","[{'x': 68, 'y': 39, 'w': 147, 'h': 183, 'area_px': 18067, 'area_ratio': 0.2756805419921875, 'mean_heat': 0.6462129950523376, 'max_heat': 1.0, 'x2': 215, 'y2': 222, 'aspect_ratio': 1.2448979591836735}]","deformation","0.779","rules_constrained_taxonomy","68.0","39.0","147.0","183.0","18067.0","0.2756805419921875","0.6462129950523376","1.0","215.0","222.0","1.2448979591836735","0.1726701609605591","98.10363926991562","127.48206386379688","9.591199771811603","0.0","['large_irregular_edge_region']","0.6872148215086764","0.880795847773552","0.779","0.6872148215086764","0.76823542401097","minimum","0.6872148215086764","S4","O1","D2","Medium","Reinspect item and consider rework if defect is confirmed.","True","S4|O1|D2","False","[]","outputs/risk_patchcore_hazelnut/artefacts/hazelnut__test__crack__000_heatmap_overlay.png","outputs/risk_patchcore_hazelnut/artefacts/hazelnut__test__crack__000_mask.png","outputs/risk_patchcore_hazelnut/artefacts/hazelnut__test__crack__000_annotated.png","simple_statistical_reference","0.42","minimum",""
"hazelnut__test__crack__001","data/mvtec_anomaly_detection/hazelnut/test/crack/001.png","3657bc7f6776c1792dce241e76d3bd760bd780b026bf2e4f5c1d80ac102aa487","2026-06-08T18:55:15.825572+00:00","anomalib_patchcore","0.6210483275488806","0.5","True","0.6210483275488806","0.12104832754888062","0.889612832069397","0.2657928466796875","1","[{'x': 61, 'y': 55, 'w': 163, 'h': 157, 'area_px': 17419, 'area_ratio': 0.2657928466796875, 'mean_heat': 0.6658062934875488, 'max_heat': 1.0, 'x2': 224, 'y2': 212, 'aspect_ratio': 1.0382165605095541}]","deformation","0.779","rules_constrained_taxonomy","61.0","55.0","163.0","157.0","17419.0","0.2657928466796875","0.6658062934875488","1.0","224.0","212.0","1.0382165605095541","0.20890156695713336","87.0157868000469","111.11375092806064","8.405104460782525","0.0","['large_irregular_edge_region']","0.6210483275488806","0.889612832069397","0.779","0.6210483275488806","0.7411055970178153","minimum","0.6210483275488806","S4","O1","D2","Medium","Reinspect item and consider rework if defect is confirmed.","True","S4|O1|D2","False","[]","outputs/risk_patchcore_hazelnut/artefacts/hazelnut__test__crack__001_heatmap_overlay.png","outputs/risk_patchcore_hazelnut/artefacts/hazelnut__test__crack__001_mask.png","outputs/risk_patchcore_hazelnut/artefacts/hazelnut__test__crack__001_annotated.png","simple_statistical_reference","0.42","minimum",""
"hazelnut__test__crack__002","data/mvtec_anomaly_detection/hazelnut/test/crack/002.png","c4cd667138b269fabe65fa39a6d68a85bfdf49f8a2c77f6f03c883cdc015dad4","2026-06-08T18:55:15.887748+00:00","anomalib_patchcore","0.4797466704714629","0.5","True","0.4797466704714629","0.02025332952853709","0.8543443584442139","0.3348541259765625","1","[{'x': 62, 'y': 32, 'w': 159, 'h': 224, 'area_px': 21945, 'area_ratio': 0.3348541259765625, 'mean_heat': 0.5874319076538086, 'max_heat': 1.0, 'x2': 221, 'y2': 256, 'aspect_ratio': 1.4088050314465408}]","deformation","0.779","rules_constrained_taxonomy","62.0","32.0","159.0","224.0","21945.0","0.3348541259765625","0.5874319076538086","1.0","221.0","256.0","1.4088050314465408","0.15245956873315364","81.10551437556154","103.84268306379155","4.51058826718716","0.0","['large_irregular_edge_region']","0.4797466704714629","0.8543443584442139","0.779","0.4797466704714629","0.6669393092454224","minimum","0.4797466704714629","S4","O1","D3","High","Quarantine item or lot pending quality engineer review.","True","S4|O1|D3","True","['Fused confidence 0.480 is below operational threshold 0.600.', 'Anomaly score is close to the decision boundary; margin=0.020.']","outputs/risk_patchcore_hazelnut/artefacts/hazelnut__test__crack__002_heatmap_overlay.png","outputs/risk_patchcore_hazelnut/artefacts/hazelnut__test__crack__002_mask.png","outputs/risk_patchcore_hazelnut/artefacts/hazelnut__test__crack__002_annotated.png","simple_statistical_reference","0.42","minimum",""
"hazelnut__test__crack__003","data/mvtec_anomaly_detection/hazelnut/test/crack/003.png","f7b977c75b14eb2346a8959a40e544cb06540a046a17753ed94cec36cd38b4b0","2026-06-08T18:55:15.943325+00:00","anomalib_patchcore","0.6406997572335363","0.5","True","0.6406997572335363","0.14069975723353634","0.8704988741874695","0.252288818359375","1","[{'x': 57, 'y': 72, 'w': 163, 'h': 134, 'area_px': 16534, 'area_ratio': 0.252288818359375, 'mean_heat': 0.62333083152771, 'max_heat': 1.0, 'x2': 220, 'y2': 206, 'aspect_ratio': 1.2164179104477613}]","deformation","0.779","rules_constrained_taxonomy","57.0","72.0","163.0","134.0","16534.0","0.252288818359375","0.62333083152771","1.0","220.0","206.0","1.2164179104477613","0.16243933705704605","90.07714495009614","115.84630528339896","6.074016458476024","0.0","['large_irregular_edge_region']","0.6406997572335363","0.8704988741874695","0.779","0.6406997572335363","0.7442145530113322","minimum","0.6406997572335363","S4","O1","D2","Medium","Reinspect item and consider rework if defect is confirmed.","True","S4|O1|D2","False","[]","outputs/risk_patchcore_hazelnut/artefacts/hazelnut__test__crack__003_heatmap_overlay.png","outputs/risk_patchcore_hazelnut/artefacts/hazelnut__test__crack__003_mask.png","outputs/risk_patchcore_hazelnut/artefacts/hazelnut__test__crack__003_annotated.png","simple_statistical_reference","0.42","minimum",""
"hazelnut__test__crack__004","data/mvtec_anomaly_detection/hazelnut/test/crack/004.png","15d9b0d004a7a77e6541b5d68c6fd12b45a8b12b43c017e87bd20d4fe0727bbf","2026-06-08T18:55:16.002377+00:00","anomalib_patchcore","0.6798001855669378","0.5","True","0.6798001855669378","0.17980018556693778","0.8466976755857467","0.2123565673828125","1","[{'x': 65, 'y': 46, 'w': 143, 'h': 180, 'area_px': 13917, 'area_ratio': 0.2123565673828125, 'mean_heat': 0.5704392790794373, 'max_heat': 1.0, 'x2': 208, 'y2': 226, 'aspect_ratio': 1.2587412587412588}]","deformation","0.779","rules_constrained_taxonomy","65.0","46.0","143.0","180.0","13917.0","0.2123565673828125","0.5704392790794373","1.0","208.0","226.0","1.2587412587412588","0.15085470085470085","103.57622377622377","121.57315462315462","8.1239711770709","0.0","['large_irregular_edge_region']","0.6798001855669378","0.8466976755857467","0.779","0.6798001855669378","0.754669386180846","minimum","0.6798001855669378","S4","O1","D2","Medium","Reinspect item and consider rework if defect is confirmed.","True","S4|O1|D2","False","[]","outputs/risk_patchcore_hazelnut/artefacts/hazelnut__test__crack__004_heatmap_overlay.png","outputs/risk_patchcore_hazelnut/artefacts/hazelnut__test__crack__004_mask.png","outputs/risk_patchcore_hazelnut/artefacts/hazelnut__test__crack__004_annotated.png","simple_statistical_reference","0.42","minimum",""
"hazelnut__test__crack__005","data/mvtec_anomaly_detection/hazelnut/test/crack/005.png","3c262e7cbb0b1b81b6459d952353764f76b86e05119f3861c0076fac8f6a158b","2026-06-08T18:55:16.057256+00:00","anomalib_patchcore","0.591630876207429","0.5","True","0.591630876207429","0.09163087620742905","0.8793975853919982","0.262359619140625","1","[{'x': 51, 'y': 47, 'w': 163, 'h': 172, 'area_px': 17194, 'area_ratio': 0.262359619140625, 'mean_heat': 0.6431057453155518, 'max_heat': 1.0, 'x2': 214, 'y2': 219, 'aspect_ratio': 1.0552147239263803}]","deformation","0.779","rules_constrained_taxonomy","51.0","47.0","163.0","172.0","17194.0","0.262359619140625","0.6431057453155518","1.0","214.0","219.0","1.0552147239263803","0.11017976886859751","93.17038807247825","110.65066343272935","9.141236759034769","0.0","['large_irregular_edge_region']","0.591630876207429","0.8793975853919982","0.779","0.591630876207429","0.7248031699109425","minimum","0.591630876207429","S4","O1","D2","Medium","Reinspect item and consider rework if defect is confirmed.","True","S4|O1|D2","True","['Fused confidence 0.592 is below operational threshold 0.600.']","outputs/risk_patchcore_hazelnut/artefacts/hazelnut__test__crack__005_heatmap_overlay.png","outputs/risk_patchcore_hazelnut/artefacts/hazelnut__test__crack__005_mask.png","outputs/risk_patchcore_hazelnut/artefacts/hazelnut__test__crack__005_annotated.png","simple_statistical_reference","0.42","minimum",""
"hazelnut__test__crack__006","data/mvtec_anomaly_detection/hazelnut/test/crack/006.png","d99a752e32e4f0cb208bc1707341aa505a9ad106d61d3745570f8469f401491a","2026-06-08T18:55:16.114073+00:00","anomalib_patchcore","0.6469040597126708","0.5","True","0.6469040597126708","0.14690405971267084","0.7068551099522763","0.2279510498046875","2","[{'x': 111, 'y': 89, 'w': 116, 'h': 126, 'area_px': 9431, 'area_ratio': 0.1439056396484375, 'mean_heat': 0.6644532680511475, 'max_heat': 1.0, 'x2': 227, 'y2': 215, 'aspect_ratio': 1.0862068965517242}, {'x': 41, 'y': 63, 'w': 67, 'h': 121, 'area_px': 5508, 'area_ratio': 0.08404541015625, 'mean_heat': 0.5236732363700867, 'max_heat': 0.6549019813537598, 'x2': 108, 'y2': 184, 'aspect_ratio': 1.8059701492537314}]","deformation","0.779","rules_constrained_taxonomy","111.0","89.0","116.0","126.0","9431.0","0.1439056396484375","0.6644532680511475","1.0","227.0","215.0","1.0862068965517242","0.18411330049261085","85.94081828133552","115.56102900930487","4.430468302675692","0.0","['large_irregular_edge_region']","0.6469040597126708","0.7068551099522763","0.779","0.6469040597126708","0.6979133598563847","minimum","0.6469040597126708","S4","O1","D2","Medium","Reinspect item and consider rework if defect is confirmed.","True","S4|O1|D2","False","[]","outputs/risk_patchcore_hazelnut/artefacts/hazelnut__test__crack__006_heatmap_overlay.png","outputs/risk_patchcore_hazelnut/artefacts/hazelnut__test__crack__006_mask.png","outputs/risk_patchcore_hazelnut/artefacts/hazelnut__test__crack__006_annotated.png","simple_statistical_reference","0.42","minimum",""
"hazelnut__test__crack__007","data/mvtec_anomaly_detection/hazelnut/test/crack/007.png","8bb80045842147ab80609cf854df340d158d0db76770b80845e673596cfdeebf","2026-06-08T18:55:16.174635+00:00","anomalib_patchcore","0.5972564176843537","0.5","True","0.5972564176843537","0.09725641768435367","0.9220240288972854","0.387115478515625","1","[{'x': 44, 'y': 46, 'w': 180, 'h': 187, 'area_px': 25370, 'area_ratio': 0.387115478515625, 'mean_heat': 0.737831175327301, 'max_heat': 1.0, 'x2': 224, 'y2': 233, 'aspect_ratio': 1.038888888888889}]","deformation","0.779","rules_constrained_taxonomy","44.0","46.0","180.0","187.0","25370.0","0.387115478515625","0.737831175327301","1.0","224.0","233.0","1.038888888888889","0.23018419489007724","74.97819370172311","108.4961972667855","5.787734266717578","0.0","['large_irregular_edge_region']","0.5972564176843537","0.9220240288972854","0.779","0.5972564176843537","0.7401225966271447","minimum","0.5972564176843537","S4","O1","D2","Medium","Reinspect item and consider rework if defect is confirmed.","True","S4|O1|D2","True","['Fused confidence 0.597 is below operational threshold 0.600.']","outputs/risk_patchcore_hazelnut/artefacts/hazelnut__test__crack__007_heatmap_overlay.png","outputs/risk_patchcore_hazelnut/artefacts/hazelnut__test__crack__007_mask.png","outputs/risk_patchcore_hazelnut/artefacts/hazelnut__test__crack__007_annotated.png","simple_statistical_reference","0.42","minimum",""
"hazelnut__test__crack__008","data/mvtec_anomaly_detection/hazelnut/test/crack/008.png","482693e98866b23afed0c2ed3803d2dfa6dfdaf571ba0753558b1eb09ea75975","2026-06-08T18:55:16.247303+00:00","anomalib_patchcore","0.7517980542418523","0.5","True","0.7517980542418523","0.2517980542418523","0.8949818634986877","0.2979278564453125","1","[{'x': 52, 'y': 55, 'w': 158, 'h': 169, 'area_px': 19525, 'area_ratio': 0.2979278564453125, 'mean_heat': 0.6777374744415283, 'max_heat': 1.0, 'x2': 210, 'y2': 224, 'aspect_ratio': 1.0696202531645569}]","deformation","0.779","rules_constrained_taxonomy","52.0","55.0","158.0","169.0","19525.0","0.2979278564453125","0.6777374744415283","1.0","210.0","224.0","1.0696202531645569","0.17317054902254514","88.72178113998952","120.81447082615534","7.734269490408906","0.0","['large_irregular_edge_region']","0.7517980542418523","0.8949818634986877","0.779","0.7517980542418523","0.8015536834584398","minimum","0.7517980542418523","S4","O1","D2","Medium","Reinspect item and consider rework if defect is confirmed.","True","S4|O1|D2","False","[]","outputs/risk_patchcore_hazelnut/artefacts/hazelnut__test__crack__008_heatmap_overlay.png","outputs/risk_patchcore_hazelnut/artefacts/hazelnut__test__crack__008_mask.png","outputs/risk_patchcore_hazelnut/artefacts/hazelnut__test__crack__008_annotated.png","simple_statistical_reference","0.42","minimum",""
"hazelnut__test__crack__009","data/mvtec_anomaly_detection/hazelnut/test/crack/009.png","c30d8b0a924b2859c2283a1b90ffc74f6eb5c76b64e312fe7c45fe5e28548df4","2026-06-08T18:55:16.318377+00:00","anomalib_patchcore","0.5816782746844563","0.5","True","0.5816782746844563","0.08167827468445632","0.9280163520574569","0.38330078125","1","[{'x': 42, 'y': 31, 'w': 187, 'h': 177, 'area_px': 25120, 'area_ratio': 0.38330078125, 'mean_heat': 0.751147449016571, 'max_heat': 1.0, 'x2': 229, 'y2': 208, 'aspect_ratio': 1.0564971751412429}]","deformation","0.779","rules_constrained_taxonomy","42.0","31.0","187.0","177.0","25120.0","0.38330078125","0.751147449016571","1.0","229.0","208.0","1.0564971751412429","0.18187860660442914","73.98963714915858","103.13372005196531","6.107940321776567","0.0","['large_irregular_edge_region']","0.5816782746844563","0.9280163520574569","0.779","0.5816782746844563","0.7349101292252425","minimum","0.5816782746844563","S4","O1","D2","Medium","Reinspect item and consider rework if defect is confirmed.","True","S4|O1|D2","True","['Fused confidence 0.582 is below operational threshold 0.600.']","outputs/risk_patchcore_hazelnut/artefacts/hazelnut__test__crack__009_heatmap_overlay.png","outputs/risk_patchcore_hazelnut/artefacts/hazelnut__test__crack__009_mask.png","outputs/risk_patchcore_hazelnut/artefacts/hazelnut__test__crack__009_annotated.png","simple_statistical_reference","0.42","minimum",""
"hazelnut__test__crack__010","data/mvtec_anomaly_detection/hazelnut/test/crack/010.png","39cadf02608a7a36041a2326c2a2c09dca5b0ccb44a7570bc71b70dee5bfdada","2026-06-08T18:55:16.384868+00:00","anomalib_patchcore","0.5265937587604292","0.5","True","0.5265937587604292","0.026593758760429242","0.9281127774715423","0.388031005859375","1","[{'x': 44, 'y': 27, 'w': 172, 'h': 195, 'area_px': 25430, 'area_ratio': 0.388031005859375, 'mean_heat': 0.7513617277145386, 'max_heat': 1.0, 'x2': 216, 'y2': 222, 'aspect_ratio': 1.1337209302325582}]","deformation","0.779","rules_constrained_taxonomy","44.0","27.0","172.0","195.0","25430.0","0.388031005859375","0.7513617277145386","1.0","216.0","222.0","1.1337209302325582","0.20667859272510436","76.34713774597496","108.259809183065","6.831760111609725","0.0","['large_irregular_edge_region']","0.5265937587604292","0.9281127774715423","0.779","0.5265937587604292","0.7101510246836559","minimum","0.5265937587604292","S4","O1","D3","High","Quarantine item or lot pending quality engineer review.","True","S4|O1|D3","True","['Fused confidence 0.527 is below operational threshold 0.600.', 'Anomaly score is close to the decision boundary; margin=0.027.']","outputs/risk_patchcore_hazelnut/artefacts/hazelnut__test__crack__010_heatmap_overlay.png","outputs/risk_patchcore_hazelnut/artefacts/hazelnut__test__crack__010_mask.png","outputs/risk_patchcore_hazelnut/artefacts/hazelnut__test__crack__010_annotated.png","simple_statistical_reference","0.42","minimum",""
"hazelnut__test__crack__011","data/mvtec_anomaly_detection/hazelnut/test/crack/011.png","c83d9f85a2c0cfbaa407b41bc667ca56e4c66274f3fc2d503be2e799a12f955e","2026-06-08T18:55:16.459424+00:00","anomalib_patchcore","0.7450357132653298","0.5","True","0.7450357132653298","0.2450357132653298","0.8781971359252929","0.284759521484375","1","[{'x': 46, 'y': 44, 'w': 152, 'h': 198, 'area_px': 18662, 'area_ratio': 0.284759521484375, 'mean_heat': 0.6404380798339844, 'max_heat': 1.0, 'x2': 198, 'y2': 242, 'aspect_ratio': 1.3026315789473684}]","deformation","0.779","rules_constrained_taxonomy","46.0","44.0","152.0","198.0","18662.0","0.284759521484375","0.6404380798339844","1.0","198.0","242.0","1.3026315789473684","0.19577352472089316","78.48046251993621","110.39666400850611","6.3279258043153845","0.0","['large_irregular_edge_region']","0.7450357132653298","0.8781971359252929","0.779","0.7450357132653298","0.7934752117469863","minimum","0.7450357132653298","S4","O1","D2","Medium","Reinspect item and consider rework if defect is confirmed.","True","S4|O1|D2","False","[]","outputs/risk_patchcore_hazelnut/artefacts/hazelnut__test__crack__011_heatmap_overlay.png","outputs/risk_patchcore_hazelnut/artefacts/hazelnut__test__crack__011_mask.png","outputs/risk_patchcore_hazelnut/artefacts/hazelnut__test__crack__011_annotated.png","simple_statistical_reference","0.42","minimum",""
"hazelnut__test__crack__012","data/mvtec_anomaly_detection/hazelnut/test/crack/012.png","0523483988a920ff336c3a239381b98bbf7b67afd53d6b5ba3e7aa5b7ca6fd6c","2026-06-08T18:55:16.516556+00:00","anomalib_patchcore","0.5131758595654405","0.5","True","0.5131758595654405","0.01317585956544054","0.8829630458354949","0.2056427001953125","1","[{'x': 71, 'y': 50, 'w': 125, 'h': 165, 'area_px': 13477, 'area_ratio': 0.2056427001953125, 'mean_heat': 0.6510289907455444, 'max_heat': 1.0, 'x2': 196, 'y2': 215, 'aspect_ratio': 1.32}]","deformation","0.779","rules_constrained_taxonomy","71.0","50.0","125.0","165.0","13477.0","0.2056427001953125","0.6510289907455444","1.0","196.0","215.0","1.32","0.17081212121212122","99.36281212121212","122.79587878787879","7.833444149737645","0.0","['large_irregular_edge_region']","0.5131758595654405","0.8829630458354949","0.779","0.5131758595654405","0.6905680505550966","minimum","0.5131758595654405","S4","O1","D3","High","Quarantine item or lot pending quality engineer review.","True","S4|O1|D3","True","['Fused confidence 0.513 is below operational threshold 0.600.', 'Anomaly score is close to the decision boundary; margin=0.013.']","outputs/risk_patchcore_hazelnut/artefacts/hazelnut__test__crack__012_heatmap_overlay.png","outputs/risk_patchcore_hazelnut/artefacts/hazelnut__test__crack__012_mask.png","outputs/risk_patchcore_hazelnut/artefacts/hazelnut__test__crack__012_annotated.png","simple_statistical_reference","0.42","minimum",""
"hazelnut__test__crack__013","data/mvtec_anomaly_detection/hazelnut/test/crack/013.png","b65ef8c7eb689a6ee1b5dd1453b596369f46e78707d2de5dacc2f5a606ee8da4","2026-06-08T18:55:16.578550+00:00","anomalib_patchcore","0.6097708002045497","0.5","True","0.6097708002045497","0.10977080020454966","0.8679412001371383","0.18798828125","1","[{'x': 62, 'y': 55, 'w': 148, 'h': 144, 'area_px': 12320, 'area_ratio': 0.18798828125, 'mean_heat': 0.617647111415863, 'max_heat': 1.0, 'x2': 210, 'y2': 199, 'aspect_ratio': 1.0277777777777777}]","deformation","0.779","rules_constrained_taxonomy","62.0","55.0","148.0","144.0","12320.0","0.18798828125","0.617647111415863","1.0","210.0","199.0","1.0277777777777777","0.2007789039039039","97.40249624624624","123.33253566066067","7.166977953563318","0.0","['large_irregular_edge_region']","0.6097708002045497","0.8679412001371383","0.779","0.6097708002045497","0.7295292201331888","minimum","0.6097708002045497","S4","O1","D2","Medium","Reinspect item and consider rework if defect is confirmed.","True","S4|O1|D2","False","[]","outputs/risk_patchcore_hazelnut/artefacts/hazelnut__test__crack__013_heatmap_overlay.png","outputs/risk_patchcore_hazelnut/artefacts/hazelnut__test__crack__013_mask.png","outputs/risk_patchcore_hazelnut/artefacts/hazelnut__test__crack__013_annotated.png","simple_statistical_reference","0.42","minimum",""
"hazelnut__test__crack__014","data/mvtec_anomaly_detection/hazelnut/test/crack/014.png","8535b7fec53c9777545c67a129d0c453bea664b54c8289d74ae09204b7d31524","2026-06-08T18:55:16.650457+00:00","anomalib_patchcore","0.6277181904814962","0.5","True","0.6277181904814962","0.12771819048149624","0.8415611112117767","0.2464752197265625","1","[{'x': 35, 'y': 64, 'w': 185, 'h': 149, 'area_px': 16153, 'area_ratio': 0.2464752197265625, 'mean_heat': 0.5590246915817261, 'max_heat': 1.0, 'x2': 220, 'y2': 213, 'aspect_ratio': 1.2416107382550337}]","deformation","0.779","rules_constrained_taxonomy","35.0","64.0","185.0","149.0","16153.0","0.2464752197265625","0.5590246915817261","1.0","220.0","213.0","1.2416107382550337","0.16996190821694176","93.30048975149646","113.8955559586432","7.267925301021563","0.0","['large_irregular_edge_region']","0.6277181904814962","0.8415611112117767","0.779","0.6277181904814962","0.7296915190802062","minimum","0.6277181904814962","S4","O1","D2","Medium","Reinspect item and consider rework if defect is confirmed.","True","S4|O1|D2","False","[]","outputs/risk_patchcore_hazelnut/artefacts/hazelnut__test__crack__014_heatmap_overlay.png","outputs/risk_patchcore_hazelnut/artefacts/hazelnut__test__crack__014_mask.png","outputs/risk_patchcore_hazelnut/artefacts/hazelnut__test__crack__014_annotated.png","simple_statistical_reference","0.42","minimum",""
"hazelnut__test__crack__015","data/mvtec_anomaly_detection/hazelnut/test/crack/015.png","92ed91cd6b819634f54ac722e70eb74694be294c8996f75ab46486a3b00f1804","2026-06-08T18:55:16.705789+00:00","anomalib_patchcore","0.6166974520868432","0.5","True","0.6166974520868432","0.11669745208684323","0.8872588986158372","0.316741943359375","1","[{'x': 49, 'y': 50, 'w': 171, 'h': 168, 'area_px': 20758, 'area_ratio': 0.316741943359375, 'mean_heat': 0.6605753302574158, 'max_heat': 1.0, 'x2': 220, 'y2': 218, 'aspect_ratio': 1.0178571428571428}]","deformation","0.779","rules_constrained_taxonomy","49.0","50.0","171.0","168.0","20758.0","0.316741943359375","0.6605753302574158","1.0","220.0","218.0","1.0178571428571428","0.22354497354497355","86.3266499582289","112.79344193817877","7.74701731465764","0.0","['large_irregular_edge_region']","0.6166974520868432","0.8872588986158372","0.779","0.6166974520868432","0.7384415230238306","minimum","0.6166974520868432","S4","O1","D2","Medium","Reinspect item and consider rework if defect is confirmed.","True","S4|O1|D2","False","[]","outputs/risk_patchcore_hazelnut/artefacts/hazelnut__test__crack__015_heatmap_overlay.png","outputs/risk_patchcore_hazelnut/artefacts/hazelnut__test__crack__015_mask.png","outputs/risk_patchcore_hazelnut/artefacts/hazelnut__test__crack__015_annotated.png","simple_statistical_reference","0.42","minimum",""
"hazelnut__test__crack__016","data/mvtec_anomaly_detection/hazelnut/test/crack/016.png","b6b1b6800ed113d8f90ce11156b7c68e1cfef28ad056c7987507bf1575510ef6","2026-06-08T18:55:16.763045+00:00","anomalib_patchcore","0.3784406075420871","0.5","True","0.3784406075420871","0.12155939245791292","0.876500746011734","0.3077239990234375","1","[{'x': 43, 'y': 40, 'w': 181, 'h': 190, 'area_px': 20167, 'area_ratio': 0.3077239990234375, 'mean_heat': 0.63666832447052, 'max_heat': 1.0, 'x2': 224, 'y2': 230, 'aspect_ratio': 1.0497237569060773}]","deformation","0.779","rules_constrained_taxonomy","43.0","40.0","181.0","190.0","20167.0","0.3077239990234375","0.63666832447052","1.0","224.0","230.0","1.0497237569060773","0.18790346030822913","86.57752253562082","113.65495783658041","8.470701777649296","0.0","['large_irregular_edge_region']","0.3784406075420871","0.876500746011734","0.779","0.3784406075420871","0.6279984971974594","minimum","0.3784406075420871","S4","O1","D3","High","Quarantine item or lot pending quality engineer review.","True","S4|O1|D3","True","['Fused confidence 0.378 is below operational threshold 0.600.']","outputs/risk_patchcore_hazelnut/artefacts/hazelnut__test__crack__016_heatmap_overlay.png","outputs/risk_patchcore_hazelnut/artefacts/hazelnut__test__crack__016_mask.png","outputs/risk_patchcore_hazelnut/artefacts/hazelnut__test__crack__016_annotated.png","simple_statistical_reference","0.42","minimum",""
"hazelnut__test__crack__017","data/mvtec_anomaly_detection/hazelnut/test/crack/017.png","44793a32ecfdc2d92a644ccf3ef9b63cc7233882e5b592fd66dfeacc969ea078","2026-06-08T18:55:16.831001+00:00","anomalib_patchcore","0.5201622819560452","0.5","True","0.5201622819560452","0.02016228195604519","0.9197282457351685","0.3128204345703125","1","[{'x': 50, 'y': 49, 'w': 177, 'h': 158, 'area_px': 20501, 'area_ratio': 0.3128204345703125, 'mean_heat': 0.732729434967041, 'max_heat': 1.0, 'x2': 227, 'y2': 207, 'aspect_ratio': 1.120253164556962}]","deformation","0.779","rules_constrained_taxonomy","50.0","49.0","177.0","158.0","20501.0","0.3128204345703125","0.732729434967041","1.0","227.0","207.0","1.120253164556962","0.15615390116570121","77.37230923263964","104.40574268754916","7.3834163733697835","0.0","['large_irregular_edge_region']","0.5201622819560452","0.9197282457351685","0.779","0.5201622819560452","0.7047415006007709","minimum","0.5201622819560452","S4","O1","D3","High","Quarantine item or lot pending quality engineer review.","True","S4|O1|D3","True","['Fused confidence 0.520 is below operational threshold 0.600.', 'Anomaly score is close to the decision boundary; margin=0.020.']","outputs/risk_patchcore_hazelnut/artefacts/hazelnut__test__crack__017_heatmap_overlay.png","outputs/risk_patchcore_hazelnut/artefacts/hazelnut__test__crack__017_mask.png","outputs/risk_patchcore_hazelnut/artefacts/hazelnut__test__crack__017_annotated.png","simple_statistical_reference","0.42","minimum",""
"hazelnut__test__cut__000","data/mvtec_anomaly_detection/hazelnut/test/cut/000.png","901bf3b3ddef6e7d3592b00cfd0f5c512b745ef61e7837ed4e283da2f99c1b8a","2026-06-08T18:55:16.899317+00:00","anomalib_patchcore","0.6103931712542208","0.5","True","0.6103931712542208","0.11039317125422077","0.837504296898842","0.2215423583984375","1","[{'x': 51, 'y': 66, 'w': 167, 'h': 157, 'area_px': 14519, 'area_ratio': 0.2215423583984375, 'mean_heat': 0.550009548664093, 'max_heat': 1.0, 'x2': 218, 'y2': 223, 'aspect_ratio': 1.0636942675159236}]","deformation","0.779","rules_constrained_taxonomy","51.0","66.0","167.0","157.0","14519.0","0.2215423583984375","0.550009548664093","1.0","218.0","223.0","1.0636942675159236","0.20942827720355467","101.00225027651703","128.26606659292878","7.260818140315635","0.0","['large_irregular_edge_region']","0.6103931712542208","0.837504296898842","0.779","0.6103931712542208","0.7206782161340519","minimum","0.6103931712542208","S4","O1","D2","Medium","Reinspect item and consider rework if defect is confirmed.","True","S4|O1|D2","False","[]","outputs/risk_patchcore_hazelnut/artefacts/hazelnut__test__cut__000_heatmap_overlay.png","outputs/risk_patchcore_hazelnut/artefacts/hazelnut__test__cut__000_mask.png","outputs/risk_patchcore_hazelnut/artefacts/hazelnut__test__cut__000_annotated.png","simple_statistical_reference","0.42","minimum",""
"hazelnut__test__cut__001","data/mvtec_anomaly_detection/hazelnut/test/cut/001.png","f287622343bc86f5a02a683c570489324954f2a8378831dc2db7f4f9cd21370a","2026-06-08T18:55:16.957185+00:00","anomalib_patchcore","0.38401163645968533","0.5","True","0.38401163645968533","0.11598836354031467","0.870037185549736","0.3169403076171875","1","[{'x': 46, 'y': 41, 'w': 172, 'h': 183, 'area_px': 20771, 'area_ratio': 0.3169403076171875, 'mean_heat': 0.6223048567771912, 'max_heat': 1.0, 'x2': 218, 'y2': 224, 'aspect_ratio': 1.063953488372093}]","deformation","0.779","rules_constrained_taxonomy","46.0","41.0","172.0","183.0","20771.0","0.3169403076171875","0.6223048567771912","1.0","218.0","224.0","1.063953488372093","0.21003304104714704","90.75422544160631","115.6882704282628","8.693496263802402","0.0","['large_irregular_edge_region']","0.38401163645968533","0.870037185549736","0.779","0.38401163645968533","0.6285663920717792","minimum","0.38401163645968533","S4","O1","D3","High","Quarantine item or lot pending quality engineer review.","True","S4|O1|D3","True","['Fused confidence 0.384 is below operational threshold 0.600.']","outputs/risk_patchcore_hazelnut/artefacts/hazelnut__test__cut__001_heatmap_overlay.png","outputs/risk_patchcore_hazelnut/artefacts/hazelnut__test__cut__001_mask.png","outputs/risk_patchcore_hazelnut/artefacts/hazelnut__test__cut__001_annotated.png","simple_statistical_reference","0.42","minimum",""
"hazelnut__test__cut__002","data/mvtec_anomaly_detection/hazelnut/test/cut/002.png","9df68a470e5a216e39959bcd4b801ddf52bf16abbcb689dde896c1d4931dd6d7","2026-06-08T18:55:17.015830+00:00","anomalib_patchcore","0.5323888690921096","0.5","True","0.5323888690921096","0.032388869092109585","0.8340453201532365","0.2440643310546875","1","[{'x': 54, 'y': 44, 'w': 154, 'h': 178, 'area_px': 15995, 'area_ratio': 0.2440643310546875, 'mean_heat': 0.5423229336738586, 'max_heat': 1.0, 'x2': 208, 'y2': 222, 'aspect_ratio': 1.155844155844156}]","deformation","0.779","rules_constrained_taxonomy","54.0","44.0","154.0","178.0","15995.0","0.2440643310546875","0.5423229336738586","1.0","208.0","222.0","1.155844155844156","0.1766014883992412","102.51127243542975","122.73697650663942","10.496809124332117","0.0","['large_irregular_edge_region']","0.5323888690921096","0.8340453201532365","0.779","0.5323888690921096","0.6845385871374202","minimum","0.5323888690921096","S4","O1","D3","High","Quarantine item or lot pending quality engineer review.","True","S4|O1|D3","True","['Fused confidence 0.532 is below operational threshold 0.600.', 'Anomaly score is close to the decision boundary; margin=0.032.']","outputs/risk_patchcore_hazelnut/artefacts/hazelnut__test__cut__002_heatmap_overlay.png","outputs/risk_patchcore_hazelnut/artefacts/hazelnut__test__cut__002_mask.png","outputs/risk_patchcore_hazelnut/artefacts/hazelnut__test__cut__002_annotated.png","simple_statistical_reference","0.42","minimum",""
"hazelnut__test__cut__003","data/mvtec_anomaly_detection/hazelnut/test/cut/003.png","84301659e7f9358c3d1f79b5dd3561ddcf4d2c72e99399bb20961ef7ce7e31c2","2026-06-08T18:55:17.071471+00:00","anomalib_patchcore","0.6763958182449206","0.5","True","0.6763958182449206","0.17639581824492057","0.7680437065813799","0.1615753173828125","2","[{'x': 76, 'y': 69, 'w': 117, 'h': 124, 'area_px': 9552, 'area_ratio': 0.145751953125, 'mean_heat': 0.562568187713623, 'max_heat': 1.0, 'x2': 193, 'y2': 193, 'aspect_ratio': 1.0598290598290598}, {'x': 14, 'y': 221, 'w': 39, 'h': 35, 'area_px': 1037, 'area_ratio': 0.0158233642578125, 'mean_heat': 0.47631365060806274, 'max_heat': 0.545098066329956, 'x2': 53, 'y2': 256, 'aspect_ratio': 1.1142857142857143}]","deformation","0.779","rules_constrained_taxonomy","76.0","69.0","117.0","124.0","9552.0","0.145751953125","0.562568187713623","1.0","193.0","193.0","1.0598290598290598","0.19465122690929143","117.39302453818583","148.23704163220293","5.238352142911921","0.0","['large_irregular_edge_region']","0.6763958182449206","0.7680437065813799","0.779","0.6763958182449206","0.7295412301846282","minimum","0.6763958182449206","S4","O1","D2","Medium","Reinspect item and consider rework if defect is confirmed.","True","S4|O1|D2","False","[]","outputs/risk_patchcore_hazelnut/artefacts/hazelnut__test__cut__003_heatmap_overlay.png","outputs/risk_patchcore_hazelnut/artefacts/hazelnut__test__cut__003_mask.png","outputs/risk_patchcore_hazelnut/artefacts/hazelnut__test__cut__003_annotated.png","simple_statistical_reference","0.42","minimum",""
"hazelnut__test__cut__004","data/mvtec_anomaly_detection/hazelnut/test/cut/004.png","17ce5e1567a61b4a64211d3b7177e9327ed6b15911b680fea67970c342088ea6","2026-06-08T18:55:17.133250+00:00","anomalib_patchcore","0.8098309650590346","0.5","True","0.8098309650590346","0.3098309650590346","0.7990533238352416","0.156463623046875","2","[{'x': 57, 'y': 50, 'w': 151, 'h': 104, 'area_px': 10182, 'area_ratio': 0.155364990234375, 'mean_heat': 0.6106678247451782, 'max_heat': 1.0, 'x2': 208, 'y2': 154, 'aspect_ratio': 1.4519230769230769}, {'x': 131, 'y': 189, 'w': 9, 'h': 12, 'area_px': 72, 'area_ratio': 0.0010986328125, 'mean_heat': 0.4246187210083008, 'max_heat': 0.4274509847164154, 'x2': 140, 'y2': 201, 'aspect_ratio': 1.3333333333333333}]","deformation","0.779","rules_constrained_taxonomy","57.0","50.0","151.0","104.0","10182.0","0.155364990234375","0.6106678247451782","1.0","208.0","154.0","1.4519230769230769","0.1818008150789608","120.16607233825776","143.9678425878757","8.821062358217844","0.0","['large_irregular_edge_region']","0.8098309650590346","0.7990533238352416","0.779","0.779","0.798889931427138","minimum","0.779","S4","O1","D2","Medium","Reinspect item and consider rework if defect is confirmed.","True","S4|O1|D2","False","[]","outputs/risk_patchcore_hazelnut/artefacts/hazelnut__test__cut__004_heatmap_overlay.png","outputs/risk_patchcore_hazelnut/artefacts/hazelnut__test__cut__004_mask.png","outputs/risk_patchcore_hazelnut/artefacts/hazelnut__test__cut__004_annotated.png","simple_statistical_reference","0.42","minimum",""
"hazelnut__test__cut__005","data/mvtec_anomaly_detection/hazelnut/test/cut/005.png","e688f79a31cb4ca616dc6bf4306d00f8e80bff8be198d6d6799999806f562579","2026-06-08T18:55:17.191015+00:00","anomalib_patchcore","0.7270886322794999","0.5","True","0.7270886322794999","0.22708863227949994","0.8495122784376143","0.1302032470703125","1","[{'x': 67, 'y': 89, 'w': 112, 'h': 122, 'area_px': 8533, 'area_ratio': 0.1302032470703125, 'mean_heat': 0.5766939520835876, 'max_heat': 1.0, 'x2': 179, 'y2': 211, 'aspect_ratio': 1.0892857142857142}]","deformation","0.779","rules_constrained_taxonomy","67.0","89.0","112.0","122.0","8533.0","0.1302032470703125","0.5766939520835876","1.0","179.0","211.0","1.0892857142857142","0.24714578454332553","104.23214285714286","140.0213700234192","3.1610377846790954","0.0","['large_irregular_edge_region']","0.7270886322794999","0.8495122784376143","0.779","0.7270886322794999","0.7767935680570592","minimum","0.7270886322794999","S4","O1","D2","Medium","Reinspect item and consider rework if defect is confirmed.","True","S4|O1|D2","False","[]","outputs/risk_patchcore_hazelnut/artefacts/hazelnut__test__cut__005_heatmap_overlay.png","outputs/risk_patchcore_hazelnut/artefacts/hazelnut__test__cut__005_mask.png","outputs/risk_patchcore_hazelnut/artefacts/hazelnut__test__cut__005_annotated.png","simple_statistical_reference","0.42","minimum",""
"hazelnut__test__cut__006","data/mvtec_anomaly_detection/hazelnut/test/cut/006.png","6981dd3f4e7132597fb222badc37d044fbdf341a202227c08465fea8e771ac9a","2026-06-08T18:55:17.247387+00:00","anomalib_patchcore","0.3513695159350456","0.5","False","0.6486304840649544","0.14863048406495438","0.6486304840649544","0.0","0","[]","normal","0.6486304840649544","detector_normal_decision","","","","","","","","","","","","","","","","","","0.6486304840649544","0.6486304840649544","0.6486304840649544","0.6486304840649544","0.6486304840649544","minimum","0.6486304840649544","S1","O1","D1","Low","Continue monitoring; no immediate intervention required.","True","S1|O1|D1","False","[]","outputs/risk_patchcore_hazelnut/artefacts/hazelnut__test__cut__006_heatmap_overlay.png","outputs/risk_patchcore_hazelnut/artefacts/hazelnut__test__cut__006_mask.png","outputs/risk_patchcore_hazelnut/artefacts/hazelnut__test__cut__006_annotated.png","simple_statistical_reference","0.42","minimum","Image-level anomaly score did not exceed the calibrated threshold."
"hazelnut__test__cut__007","data/mvtec_anomaly_detection/hazelnut/test/cut/007.png","20eca651c9ade6a083a19363ab2652155780bf90d5d7df0544b82bb91c2239af","2026-06-08T18:55:17.310859+00:00","anomalib_patchcore","0.667538571211902","0.5","True","0.667538571211902","0.16753857121190197","0.8580402278900146","0.214080810546875","1","[{'x': 59, 'y': 49, 'w': 147, 'h': 156, 'area_px': 14030, 'area_ratio': 0.214080810546875, 'mean_heat': 0.5956449508666992, 'max_heat': 1.0, 'x2': 206, 'y2': 205, 'aspect_ratio': 1.0612244897959184}]","deformation","0.779","rules_constrained_taxonomy","59.0","49.0","147.0","156.0","14030.0","0.214080810546875","0.5956449508666992","1.0","206.0","205.0","1.0612244897959184","0.1549363335077621","100.93306296877725","114.63221698935985","9.295061827387613","0.0","['large_irregular_edge_region']","0.667538571211902","0.8580402278900146","0.779","0.667538571211902","0.7525544254123602","minimum","0.667538571211902","S4","O1","D2","Medium","Reinspect item and consider rework if defect is confirmed.","True","S4|O1|D2","False","[]","outputs/risk_patchcore_hazelnut/artefacts/hazelnut__test__cut__007_heatmap_overlay.png","outputs/risk_patchcore_hazelnut/artefacts/hazelnut__test__cut__007_mask.png","outputs/risk_patchcore_hazelnut/artefacts/hazelnut__test__cut__007_annotated.png","simple_statistical_reference","0.42","minimum",""
"hazelnut__test__cut__008","data/mvtec_anomaly_detection/hazelnut/test/cut/008.png","0b4b2d8aabff2f4c1f86b23eba0e05b9b1170028ffdb02658348529c9a37bff0","2026-06-08T18:55:17.377154+00:00","anomalib_patchcore","0.7734960632460126","0.5","True","0.7734960632460126","0.2734960632460126","0.8614749306440352","0.1725616455078125","1","[{'x': 87, 'y': 65, 'w': 125, 'h': 149, 'area_px': 11309, 'area_ratio': 0.1725616455078125, 'mean_heat': 0.6032776236534119, 'max_heat': 1.0, 'x2': 212, 'y2': 214, 'aspect_ratio': 1.192}]","deformation","0.779","rules_constrained_taxonomy","87.0","65.0","125.0","149.0","11309.0","0.1725616455078125","0.6032776236534119","1.0","212.0","214.0","1.192","0.2508993288590604","105.9553288590604","136.61004026845637","7.09816144019085","0.0","['large_irregular_edge_region']","0.7734960632460126","0.8614749306440352","0.779","0.7734960632460126","0.8012657076539162","minimum","0.7734960632460126","S4","O1","D2","Medium","Reinspect item and consider rework if defect is confirmed.","True","S4|O1|D2","False","[]","outputs/risk_patchcore_hazelnut/artefacts/hazelnut__test__cut__008_heatmap_overlay.png","outputs/risk_patchcore_hazelnut/artefacts/hazelnut__test__cut__008_mask.png","outputs/risk_patchcore_hazelnut/artefacts/hazelnut__test__cut__008_annotated.png","simple_statistical_reference","0.42","minimum",""
"hazelnut__test__cut__009","data/mvtec_anomaly_detection/hazelnut/test/cut/009.png","bd80153a630db3ed040a98ce8bd76e033524e0f42cc6cbf556e886bcd2611ab4","2026-06-08T18:55:17.436801+00:00","anomalib_patchcore","0.6253933264796999","0.5","True","0.6253933264796999","0.12539332647969992","0.8458415681123734","0.19146728515625","1","[{'x': 52, 'y': 59, 'w': 153, 'h': 132, 'area_px': 12548, 'area_ratio': 0.19146728515625, 'mean_heat': 0.5685368180274963, 'max_heat': 1.0, 'x2': 205, 'y2': 191, 'aspect_ratio': 1.1590909090909092}]","deformation","0.779","rules_constrained_taxonomy","52.0","59.0","153.0","132.0","12548.0","0.19146728515625","0.5685368180274963","1.0","205.0","191.0","1.1590909090909092","0.17983759160229748","107.81456724103784","127.2381164587047","8.454180226804667","0.0","['large_irregular_edge_region']","0.6253933264796999","0.8458415681123734","0.779","0.6253933264796999","0.729929467349577","minimum","0.6253933264796999","S4","O1","D2","Medium","Reinspect item and consider rework if defect is confirmed.","True","S4|O1|D2","False","[]","outputs/risk_patchcore_hazelnut/artefacts/hazelnut__test__cut__009_heatmap_overlay.png","outputs/risk_patchcore_hazelnut/artefacts/hazelnut__test__cut__009_mask.png","outputs/risk_patchcore_hazelnut/artefacts/hazelnut__test__cut__009_annotated.png","simple_statistical_reference","0.42","minimum",""
"hazelnut__test__cut__010","data/mvtec_anomaly_detection/hazelnut/test/cut/010.png","545d0da1696010ed9356f530f329788d198ba9c5abc9f0bd0421e5eceef51d63","2026-06-08T18:55:17.500496+00:00","anomalib_patchcore","0.5895658940664781","0.5","True","0.5895658940664781","0.08956589406647808","0.8507861667871475","0.1746826171875","1","[{'x': 59, 'y': 44, 'w': 153, 'h': 155, 'area_px': 11448, 'area_ratio': 0.1746826171875, 'mean_heat': 0.57952481508255, 'max_heat': 1.0, 'x2': 212, 'y2': 199, 'aspect_ratio': 1.0130718954248366}]","deformation","0.779","rules_constrained_taxonomy","59.0","44.0","153.0","155.0","11448.0","0.1746826171875","0.57952481508255","1.0","212.0","199.0","1.0130718954248366","0.15260383723381826","99.29078642209572","115.27096774193548","9.579446929379714","0.0","['large_irregular_edge_region']","0.5895658940664781","0.8507861667871475","0.779","0.5895658940664781","0.7152905023660594","minimum","0.5895658940664781","S4","O1","D2","Medium","Reinspect item and consider rework if defect is confirmed.","True","S4|O1|D2","True","['Fused confidence 0.590 is below operational threshold 0.600.']","outputs/risk_patchcore_hazelnut/artefacts/hazelnut__test__cut__010_heatmap_overlay.png","outputs/risk_patchcore_hazelnut/artefacts/hazelnut__test__cut__010_mask.png","outputs/risk_patchcore_hazelnut/artefacts/hazelnut__test__cut__010_annotated.png","simple_statistical_reference","0.42","minimum",""
"hazelnut__test__cut__011","data/mvtec_anomaly_detection/hazelnut/test/cut/011.png","1037c78b6d9f7b4c13de615984014c87678ee452ab8e7503ffc2934b90c98fdd","2026-06-08T18:55:17.559608+00:00","anomalib_patchcore","0.6830683101520286","0.5","True","0.6830683101520286","0.18306831015202862","0.8614600175619125","0.1098480224609375","1","[{'x': 71, 'y': 90, 'w': 113, 'h': 119, 'area_px': 7199, 'area_ratio': 0.1098480224609375, 'mean_heat': 0.6032444834709167, 'max_heat': 1.0, 'x2': 184, 'y2': 209, 'aspect_ratio': 1.0530973451327434}]","deformation","0.779","rules_constrained_taxonomy","71.0","90.0","113.0","119.0","7199.0","0.1098480224609375","0.6032444834709167","1.0","184.0","209.0","1.0530973451327434","0.22927046924964675","117.37755633226742","141.31189112813266","5.421771089660467","0.0","['large_irregular_edge_region']","0.6830683101520286","0.8614600175619125","0.779","0.6830683101520286","0.7605687448369867","minimum","0.6830683101520286","S4","O1","D2","Medium","Reinspect item and consider rework if defect is confirmed.","True","S4|O1|D2","False","[]","outputs/risk_patchcore_hazelnut/artefacts/hazelnut__test__cut__011_heatmap_overlay.png","outputs/risk_patchcore_hazelnut/artefacts/hazelnut__test__cut__011_mask.png","outputs/risk_patchcore_hazelnut/artefacts/hazelnut__test__cut__011_annotated.png","simple_statistical_reference","0.42","minimum",""
"hazelnut__test__cut__012","data/mvtec_anomaly_detection/hazelnut/test/cut/012.png","cd5d45c2c2a12aa99dac4e084a91fa21948238f660a70578dd28c34f5bb7325c","2026-06-08T18:55:17.619730+00:00","anomalib_patchcore","0.5319236179297452","0.5","True","0.5319236179297452","0.031923617929745185","0.8376422429084778","0.248077392578125","1","[{'x': 47, 'y': 55, 'w': 177, 'h': 145, 'area_px': 16258, 'area_ratio': 0.248077392578125, 'mean_heat': 0.5503160953521729, 'max_heat': 1.0, 'x2': 224, 'y2': 200, 'aspect_ratio': 1.2206896551724138}]","deformation","0.779","rules_constrained_taxonomy","47.0","55.0","177.0","145.0","16258.0","0.248077392578125","0.5503160953521729","1.0","224.0","200.0","1.2206896551724138","0.16972530683810638","104.40023378141437","127.09865575686733","8.896355816621792","0.0","['large_irregular_edge_region']","0.5319236179297452","0.8376422429084778","0.779","0.5319236179297452","0.6854083009409286","minimum","0.5319236179297452","S4","O1","D3","High","Quarantine item or lot pending quality engineer review.","True","S4|O1|D3","True","['Fused confidence 0.532 is below operational threshold 0.600.', 'Anomaly score is close to the decision boundary; margin=0.032.']","outputs/risk_patchcore_hazelnut/artefacts/hazelnut__test__cut__012_heatmap_overlay.png","outputs/risk_patchcore_hazelnut/artefacts/hazelnut__test__cut__012_mask.png","outputs/risk_patchcore_hazelnut/artefacts/hazelnut__test__cut__012_annotated.png","simple_statistical_reference","0.42","minimum",""
"hazelnut__test__cut__013","data/mvtec_anomaly_detection/hazelnut/test/cut/013.png","d559e360bdf07cf62e59a74137eb79b3df601d80ddf9df0658fe96a695dd0ef0","2026-06-08T18:55:17.681435+00:00","anomalib_patchcore","0.606923852797687","0.5","True","0.606923852797687","0.10692385279768701","0.858905133008957","0.17169189453125","1","[{'x': 56, 'y': 63, 'w': 130, 'h': 133, 'area_px': 11252, 'area_ratio': 0.17169189453125, 'mean_heat': 0.5975669622421265, 'max_heat': 1.0, 'x2': 186, 'y2': 196, 'aspect_ratio': 1.023076923076923}]","deformation","0.779","rules_constrained_taxonomy","56.0","63.0","130.0","133.0","11252.0","0.17169189453125","0.5975669622421265","1.0","186.0","196.0","1.023076923076923","0.16946211683053788","113.61717755928282","136.51023713128976","8.528825991755014","0.0","['large_irregular_edge_region']","0.606923852797687","0.858905133008957","0.779","0.606923852797687","0.7255372736616462","minimum","0.606923852797687","S4","O1","D2","Medium","Reinspect item and consider rework if defect is confirmed.","True","S4|O1|D2","False","[]","outputs/risk_patchcore_hazelnut/artefacts/hazelnut__test__cut__013_heatmap_overlay.png","outputs/risk_patchcore_hazelnut/artefacts/hazelnut__test__cut__013_mask.png","outputs/risk_patchcore_hazelnut/artefacts/hazelnut__test__cut__013_annotated.png","simple_statistical_reference","0.42","minimum",""
"hazelnut__test__cut__014","data/mvtec_anomaly_detection/hazelnut/test/cut/014.png","746d815ce8bf70929be5817db9676f1d5f0f060d19aedef85982a04ffb593be5","2026-06-08T18:55:17.741643+00:00","anomalib_patchcore","0.6072426546162724","0.5","True","0.6072426546162724","0.10724265461627236","0.8376890206336975","0.2165069580078125","1","[{'x': 54, 'y': 61, 'w': 156, 'h': 151, 'area_px': 14189, 'area_ratio': 0.2165069580078125, 'mean_heat': 0.5504200458526611, 'max_heat': 1.0, 'x2': 210, 'y2': 212, 'aspect_ratio': 1.033112582781457}]","deformation","0.779","rules_constrained_taxonomy","54.0","61.0","156.0","151.0","14189.0","0.2165069580078125","0.5504200458526611","1.0","210.0","212.0","1.033112582781457","0.1554593309560197","96.90961962981831","113.41029886228561","8.152447926712895","0.0","['large_irregular_edge_region']","0.6072426546162724","0.8376890206336975","0.779","0.6072426546162724","0.7193159007674318","minimum","0.6072426546162724","S4","O1","D2","Medium","Reinspect item and consider rework if defect is confirmed.","True","S4|O1|D2","False","[]","outputs/risk_patchcore_hazelnut/artefacts/hazelnut__test__cut__014_heatmap_overlay.png","outputs/risk_patchcore_hazelnut/artefacts/hazelnut__test__cut__014_mask.png","outputs/risk_patchcore_hazelnut/artefacts/hazelnut__test__cut__014_annotated.png","simple_statistical_reference","0.42","minimum",""
"hazelnut__test__cut__015","data/mvtec_anomaly_detection/hazelnut/test/cut/015.png","c5de29e7ab272d7b653df85cbb139574243837e7a8665cb00fc97503cb1dff23","2026-06-08T18:55:17.799943+00:00","anomalib_patchcore","0.6523520680885836","0.5","True","0.6523520680885836","0.1523520680885836","0.8690917605161668","0.2220611572265625","1","[{'x': 60, 'y': 48, 'w': 141, 'h': 161, 'area_px': 14553, 'area_ratio': 0.2220611572265625, 'mean_heat': 0.6202039122581482, 'max_heat': 1.0, 'x2': 201, 'y2': 209, 'aspect_ratio': 1.1418439716312057}]","deformation","0.779","rules_constrained_taxonomy","60.0","48.0","141.0","161.0","14553.0","0.2220611572265625","0.6202039122581482","1.0","201.0","209.0","1.1418439716312057","0.24095854808158232","108.62688868331792","136.64358398308445","9.664421520051874","0.0","['large_irregular_edge_region']","0.6523520680885836","0.8690917605161668","0.779","0.6523520680885836","0.7490359587947126","minimum","0.6523520680885836","S4","O1","D2","Medium","Reinspect item and consider rework if defect is confirmed.","True","S4|O1|D2","False","[]","outputs/risk_patchcore_hazelnut/artefacts/hazelnut__test__cut__015_heatmap_overlay.png","outputs/risk_patchcore_hazelnut/artefacts/hazelnut__test__cut__015_mask.png","outputs/risk_patchcore_hazelnut/artefacts/hazelnut__test__cut__015_annotated.png","simple_statistical_reference","0.42","minimum",""
"hazelnut__test__cut__016","data/mvtec_anomaly_detection/hazelnut/test/cut/016.png","5db56fd188862556d9dd8337e1a563efe1154bef08f63372e1b38cc756ebcfe1","2026-06-08T18:55:17.868453+00:00","anomalib_patchcore","0.6299160904798686","0.5","True","0.6299160904798686","0.12991609047986863","0.8489248210191727","0.232086181640625","1","[{'x': 46, 'y': 47, 'w': 165, 'h': 162, 'area_px': 15210, 'area_ratio': 0.232086181640625, 'mean_heat': 0.575388491153717, 'max_heat': 1.0, 'x2': 211, 'y2': 209, 'aspect_ratio': 1.0185185185185186}]","deformation","0.779","rules_constrained_taxonomy","46.0","47.0","165.0","162.0","15210.0","0.232086181640625","0.575388491153717","1.0","211.0","209.0","1.0185185185185186","0.21638608305274973","101.1095772540217","123.4257014590348","10.33631386088743","0.0","['large_irregular_edge_region']","0.6299160904798686","0.8489248210191727","0.779","0.6299160904798686","0.7328896870216927","minimum","0.6299160904798686","S4","O1","D2","Medium","Reinspect item and consider rework if defect is confirmed.","True","S4|O1|D2","False","[]","outputs/risk_patchcore_hazelnut/artefacts/hazelnut__test__cut__016_heatmap_overlay.png","outputs/risk_patchcore_hazelnut/artefacts/hazelnut__test__cut__016_mask.png","outputs/risk_patchcore_hazelnut/artefacts/hazelnut__test__cut__016_annotated.png","simple_statistical_reference","0.42","minimum",""
"hazelnut__test__good__000","data/mvtec_anomaly_detection/hazelnut/test/good/000.png","32034b75a2dca53cff86c4833e00a25cd65939859820e96ce9b980359cb08955","2026-06-08T18:55:17.924344+00:00","anomalib_patchcore","0.10946311353547235","0.5","False","0.8905368864645277","0.39053688646452767","0.8905368864645277","0.0","0","[]","normal","0.8905368864645277","detector_normal_decision","","","","","","","","","","","","","","","","","","0.8905368864645277","0.8905368864645277","0.8905368864645277","0.8905368864645277","0.8905368864645276","minimum","0.8905368864645277","S1","O1","D1","Low","Continue monitoring; no immediate intervention required.","True","S1|O1|D1","False","[]","outputs/risk_patchcore_hazelnut/artefacts/hazelnut__test__good__000_heatmap_overlay.png","outputs/risk_patchcore_hazelnut/artefacts/hazelnut__test__good__000_mask.png","outputs/risk_patchcore_hazelnut/artefacts/hazelnut__test__good__000_annotated.png","simple_statistical_reference","0.42","minimum","Image-level anomaly score did not exceed the calibrated threshold."
"hazelnut__test__good__001","data/mvtec_anomaly_detection/hazelnut/test/good/001.png","5066bb0a11ad23541c2aab3fd9ee3861726bd9c3f48dd291f916118b09f39973","2026-06-08T18:55:17.979020+00:00","anomalib_patchcore","0.11804393163289975","0.5","False","0.8819560683671003","0.3819560683671003","0.8819560683671003","0.0","0","[]","normal","0.8819560683671003","detector_normal_decision","","","","","","","","","","","","","","","","","","0.8819560683671003","0.8819560683671003","0.8819560683671003","0.8819560683671003","0.8819560683671002","minimum","0.8819560683671003","S1","O1","D1","Low","Continue monitoring; no immediate intervention required.","True","S1|O1|D1","False","[]","outputs/risk_patchcore_hazelnut/artefacts/hazelnut__test__good__001_heatmap_overlay.png","outputs/risk_patchcore_hazelnut/artefacts/hazelnut__test__good__001_mask.png","outputs/risk_patchcore_hazelnut/artefacts/hazelnut__test__good__001_annotated.png","simple_statistical_reference","0.42","minimum","Image-level anomaly score did not exceed the calibrated threshold."
"hazelnut__test__good__002","data/mvtec_anomaly_detection/hazelnut/test/good/002.png","4d3e5e7159a2b3aaa5a90611122efef65f93d521132a7796159e9cd960619ce8","2026-06-08T18:55:18.039315+00:00","anomalib_patchcore","0.05665838243297594","0.5","False","0.9433416175670241","0.44334161756702406","0.9433416175670241","0.0","0","[]","normal","0.9433416175670241","detector_normal_decision","","","","","","","","","","","","","","","","","","0.9433416175670241","0.9433416175670241","0.9433416175670241","0.9433416175670241","0.9433416175670241","minimum","0.9433416175670241","S1","O1","D1","Low","Continue monitoring; no immediate intervention required.","True","S1|O1|D1","False","[]","outputs/risk_patchcore_hazelnut/artefacts/hazelnut__test__good__002_heatmap_overlay.png","outputs/risk_patchcore_hazelnut/artefacts/hazelnut__test__good__002_mask.png","outputs/risk_patchcore_hazelnut/artefacts/hazelnut__test__good__002_annotated.png","simple_statistical_reference","0.42","minimum","Image-level anomaly score did not exceed the calibrated threshold."
"hazelnut__test__good__003","data/mvtec_anomaly_detection/hazelnut/test/good/003.png","a1d0915587523d7d3ed52273c89f5afb2e74bbd3b2b872c08fd4ac6c6741beb0","2026-06-08T18:55:18.094134+00:00","anomalib_patchcore","0.05555394251646753","0.5","False","0.9444460574835325","0.4444460574835325","0.9444460574835325","0.0","0","[]","normal","0.9444460574835325","detector_normal_decision","","","","","","","","","","","","","","","","","","0.9444460574835325","0.9444460574835325","0.9444460574835325","0.9444460574835325","0.9444460574835325","minimum","0.9444460574835325","S1","O1","D1","Low","Continue monitoring; no immediate intervention required.","True","S1|O1|D1","False","[]","outputs/risk_patchcore_hazelnut/artefacts/hazelnut__test__good__003_heatmap_overlay.png","outputs/risk_patchcore_hazelnut/artefacts/hazelnut__test__good__003_mask.png","outputs/risk_patchcore_hazelnut/artefacts/hazelnut__test__good__003_annotated.png","simple_statistical_reference","0.42","minimum","Image-level anomaly score did not exceed the calibrated threshold."
"hazelnut__test__good__004","data/mvtec_anomaly_detection/hazelnut/test/good/004.png","16df20526a2715f8690001f9ef5eb1f615721260a08feadfc1d3bfde42d60e0b","2026-06-08T18:55:18.174983+00:00","anomalib_patchcore","0.03149716347183763","0.5","False","0.9685028365281624","0.4685028365281624","0.9685028365281624","0.0","0","[]","normal","0.9685028365281624","detector_normal_decision","","","","","","","","","","","","","","","","","","0.9685028365281624","0.9685028365281624","0.9685028365281624","0.9685028365281624","0.9685028365281623","minimum","0.9685028365281624","S1","O1","D1","Low","Continue monitoring; no immediate intervention required.","True","S1|O1|D1","False","[]","outputs/risk_patchcore_hazelnut/artefacts/hazelnut__test__good__004_heatmap_overlay.png","outputs/risk_patchcore_hazelnut/artefacts/hazelnut__test__good__004_mask.png","outputs/risk_patchcore_hazelnut/artefacts/hazelnut__test__good__004_annotated.png","simple_statistical_reference","0.42","minimum","Image-level anomaly score did not exceed the calibrated threshold."
"hazelnut__test__good__005","data/mvtec_anomaly_detection/hazelnut/test/good/005.png","79d966e719a6a88b12e3b07c8e339af879e1659dd5fb64c39438355ba787dad7","2026-06-08T18:55:18.231582+00:00","anomalib_patchcore","0.18054548050482033","0.5","False","0.8194545194951797","0.31945451949517967","0.8194545194951797","0.0","0","[]","normal","0.8194545194951797","detector_normal_decision","","","","","","","","","","","","","","","","","","0.8194545194951797","0.8194545194951797","0.8194545194951797","0.8194545194951797","0.8194545194951797","minimum","0.8194545194951797","S1","O1","D1","Low","Continue monitoring; no immediate intervention required.","True","S1|O1|D1","False","[]","outputs/risk_patchcore_hazelnut/artefacts/hazelnut__test__good__005_heatmap_overlay.png","outputs/risk_patchcore_hazelnut/artefacts/hazelnut__test__good__005_mask.png","outputs/risk_patchcore_hazelnut/artefacts/hazelnut__test__good__005_annotated.png","simple_statistical_reference","0.42","minimum","Image-level anomaly score did not exceed the calibrated threshold."
"hazelnut__test__good__006","data/mvtec_anomaly_detection/hazelnut/test/good/006.png","c925291385ea6400a6c13adf3cfd83aa607c9a7fb96c0eb7a48d3d1cf84a1280","2026-06-08T18:55:18.299838+00:00","anomalib_patchcore","0.06832008800569436","0.5","False","0.9316799119943057","0.43167991199430567","0.9316799119943057","0.0","0","[]","normal","0.9316799119943057","detector_normal_decision","","","","","","","","","","","","","","","","","","0.9316799119943057","0.9316799119943057","0.9316799119943057","0.9316799119943057","0.9316799119943058","minimum","0.9316799119943057","S1","O1","D1","Low","Continue monitoring; no immediate intervention required.","True","S1|O1|D1","False","[]","outputs/risk_patchcore_hazelnut/artefacts/hazelnut__test__good__006_heatmap_overlay.png","outputs/risk_patchcore_hazelnut/artefacts/hazelnut__test__good__006_mask.png","outputs/risk_patchcore_hazelnut/artefacts/hazelnut__test__good__006_annotated.png","simple_statistical_reference","0.42","minimum","Image-level anomaly score did not exceed the calibrated threshold."
"hazelnut__test__good__007","data/mvtec_anomaly_detection/hazelnut/test/good/007.png","6573308fcaa3f6a8a0e68d6cff702b5aeb3f0bf83bde1fb53d78b63ff765aea6","2026-06-08T18:55:18.354142+00:00","anomalib_patchcore","0.11402407498855913","0.5","False","0.8859759250114408","0.38597592501144085","0.8859759250114408","0.0","0","[]","normal","0.8859759250114408","detector_normal_decision","","","","","","","","","","","","","","","","","","0.8859759250114408","0.8859759250114408","0.8859759250114408","0.8859759250114408","0.8859759250114408","minimum","0.8859759250114408","S1","O1","D1","Low","Continue monitoring; no immediate intervention required.","True","S1|O1|D1","False","[]","outputs/risk_patchcore_hazelnut/artefacts/hazelnut__test__good__007_heatmap_overlay.png","outputs/risk_patchcore_hazelnut/artefacts/hazelnut__test__good__007_mask.png","outputs/risk_patchcore_hazelnut/artefacts/hazelnut__test__good__007_annotated.png","simple_statistical_reference","0.42","minimum","Image-level anomaly score did not exceed the calibrated threshold."
"hazelnut__test__good__008","data/mvtec_anomaly_detection/hazelnut/test/good/008.png","d2d80825dd99d8f06113fd609048752e228e42f8236a36030914aa3be44f3d89","2026-06-08T18:55:18.406761+00:00","anomalib_patchcore","0.09819873106360305","0.5","False","0.901801268936397","0.40180126893639695","0.901801268936397","0.0","0","[]","normal","0.901801268936397","detector_normal_decision","","","","","","","","","","","","","","","","","","0.901801268936397","0.901801268936397","0.901801268936397","0.901801268936397","0.901801268936397","minimum","0.901801268936397","S1","O1","D1","Low","Continue monitoring; no immediate intervention required.","True","S1|O1|D1","False","[]","outputs/risk_patchcore_hazelnut/artefacts/hazelnut__test__good__008_heatmap_overlay.png","outputs/risk_patchcore_hazelnut/artefacts/hazelnut__test__good__008_mask.png","outputs/risk_patchcore_hazelnut/artefacts/hazelnut__test__good__008_annotated.png","simple_statistical_reference","0.42","minimum","Image-level anomaly score did not exceed the calibrated threshold."
"hazelnut__test__good__009","data/mvtec_anomaly_detection/hazelnut/test/good/009.png","b24311ccbbb97c9affb9c4d2029f44141182d4413589d8bb55d025bbdb0e46a8","2026-06-08T18:55:18.458959+00:00","anomalib_patchcore","0.0817773058338993","0.5","False","0.9182226941661007","0.4182226941661007","0.9182226941661007","0.0","0","[]","normal","0.9182226941661007","detector_normal_decision","","","","","","","","","","","","","","","","","","0.9182226941661007","0.9182226941661007","0.9182226941661007","0.9182226941661007","0.9182226941661007","minimum","0.9182226941661007","S1","O1","D1","Low","Continue monitoring; no immediate intervention required.","True","S1|O1|D1","False","[]","outputs/risk_patchcore_hazelnut/artefacts/hazelnut__test__good__009_heatmap_overlay.png","outputs/risk_patchcore_hazelnut/artefacts/hazelnut__test__good__009_mask.png","outputs/risk_patchcore_hazelnut/artefacts/hazelnut__test__good__009_annotated.png","simple_statistical_reference","0.42","minimum","Image-level anomaly score did not exceed the calibrated threshold."
"hazelnut__test__good__010","data/mvtec_anomaly_detection/hazelnut/test/good/010.png","b7299fd3b5f3791ed98fa5a54a55ee1471b7dd54b56b903a0309246f973c3163","2026-06-08T18:55:18.515575+00:00","anomalib_patchcore","0.08794190306592164","0.5","False","0.9120580969340784","0.41205809693407836","0.9120580969340784","0.0","0","[]","normal","0.9120580969340784","detector_normal_decision","","","","","","","","","","","","","","","","","","0.9120580969340784","0.9120580969340784","0.9120580969340784","0.9120580969340784","0.9120580969340784","minimum","0.9120580969340784","S1","O1","D1","Low","Continue monitoring; no immediate intervention required.","True","S1|O1|D1","False","[]","outputs/risk_patchcore_hazelnut/artefacts/hazelnut__test__good__010_heatmap_overlay.png","outputs/risk_patchcore_hazelnut/artefacts/hazelnut__test__good__010_mask.png","outputs/risk_patchcore_hazelnut/artefacts/hazelnut__test__good__010_annotated.png","simple_statistical_reference","0.42","minimum","Image-level anomaly score did not exceed the calibrated threshold."
"hazelnut__test__good__011","data/mvtec_anomaly_detection/hazelnut/test/good/011.png","1f894dfe85923cb67e2fe1407dded8d1481c25e21f31dba959eee2f22a4669c5","2026-06-08T18:55:18.567205+00:00","anomalib_patchcore","0.09473505716994994","0.5","False","0.9052649428300501","0.40526494283005005","0.9052649428300501","0.0","0","[]","normal","0.9052649428300501","detector_normal_decision","","","","","","","","","","","","","","","","","","0.9052649428300501","0.9052649428300501","0.9052649428300501","0.9052649428300501","0.9052649428300501","minimum","0.9052649428300501","S1","O1","D1","Low","Continue monitoring; no immediate intervention required.","True","S1|O1|D1","False","[]","outputs/risk_patchcore_hazelnut/artefacts/hazelnut__test__good__011_heatmap_overlay.png","outputs/risk_patchcore_hazelnut/artefacts/hazelnut__test__good__011_mask.png","outputs/risk_patchcore_hazelnut/artefacts/hazelnut__test__good__011_annotated.png","simple_statistical_reference","0.42","minimum","Image-level anomaly score did not exceed the calibrated threshold."
"hazelnut__test__good__012","data/mvtec_anomaly_detection/hazelnut/test/good/012.png","cd762b359ee068d9a9f2585a17a879b91f8cc5340c18662606bb5f15f9e8a03c","2026-06-08T18:55:18.621284+00:00","anomalib_patchcore","0.15244143389062825","0.5","False","0.8475585661093717","0.34755856610937175","0.8475585661093717","0.0","0","[]","normal","0.8475585661093717","detector_normal_decision","","","","","","","","","","","","","","","","","","0.8475585661093717","0.8475585661093717","0.8475585661093717","0.8475585661093717","0.8475585661093717","minimum","0.8475585661093717","S1","O1","D1","Low","Continue monitoring; no immediate intervention required.","True","S1|O1|D1","False","[]","outputs/risk_patchcore_hazelnut/artefacts/hazelnut__test__good__012_heatmap_overlay.png","outputs/risk_patchcore_hazelnut/artefacts/hazelnut__test__good__012_mask.png","outputs/risk_patchcore_hazelnut/artefacts/hazelnut__test__good__012_annotated.png","simple_statistical_reference","0.42","minimum","Image-level anomaly score did not exceed the calibrated threshold."
"hazelnut__test__good__013","data/mvtec_anomaly_detection/hazelnut/test/good/013.png","c375c88bedafc858fb65787203feaf6e866cbfce45485a5106b2298383fab1be","2026-06-08T18:55:18.674319+00:00","anomalib_patchcore","0.1890476226744256","0.5","False","0.8109523773255745","0.3109523773255744","0.8109523773255745","0.0","0","[]","normal","0.8109523773255745","detector_normal_decision","","","","","","","","","","","","","","","","","","0.8109523773255745","0.8109523773255745","0.8109523773255745","0.8109523773255745","0.8109523773255745","minimum","0.8109523773255745","S1","O1","D1","Low","Continue monitoring; no immediate intervention required.","True","S1|O1|D1","False","[]","outputs/risk_patchcore_hazelnut/artefacts/hazelnut__test__good__013_heatmap_overlay.png","outputs/risk_patchcore_hazelnut/artefacts/hazelnut__test__good__013_mask.png","outputs/risk_patchcore_hazelnut/artefacts/hazelnut__test__good__013_annotated.png","simple_statistical_reference","0.42","minimum","Image-level anomaly score did not exceed the calibrated threshold."
"hazelnut__test__good__014","data/mvtec_anomaly_detection/hazelnut/test/good/014.png","8290043352683dd73d7b041758dec14cd2243a139a11566a4305a80f42ef6e8f","2026-06-08T18:55:18.725959+00:00","anomalib_patchcore","0.13289446728065335","0.5","False","0.8671055327193466","0.36710553271934665","0.8671055327193466","0.0","0","[]","normal","0.8671055327193466","detector_normal_decision","","","","","","","","","","","","","","","","","","0.8671055327193466","0.8671055327193466","0.8671055327193466","0.8671055327193466","0.8671055327193466","minimum","0.8671055327193466","S1","O1","D1","Low","Continue monitoring; no immediate intervention required.","True","S1|O1|D1","False","[]","outputs/risk_patchcore_hazelnut/artefacts/hazelnut__test__good__014_heatmap_overlay.png","outputs/risk_patchcore_hazelnut/artefacts/hazelnut__test__good__014_mask.png","outputs/risk_patchcore_hazelnut/artefacts/hazelnut__test__good__014_annotated.png","simple_statistical_reference","0.42","minimum","Image-level anomaly score did not exceed the calibrated threshold."
"hazelnut__test__good__015","data/mvtec_anomaly_detection/hazelnut/test/good/015.png","f8f9a873271ec19e4cd81ef26efba8482ba59486b21277f24c88e83f893727f7","2026-06-08T18:55:18.783073+00:00","anomalib_patchcore","0.0597027348951014","0.5","False","0.9402972651048986","0.4402972651048986","0.9402972651048986","0.0","0","[]","normal","0.9402972651048986","detector_normal_decision","","","","","","","","","","","","","","","","","","0.9402972651048986","0.9402972651048986","0.9402972651048986","0.9402972651048986","0.9402972651048986","minimum","0.9402972651048986","S1","O1","D1","Low","Continue monitoring; no immediate intervention required.","True","S1|O1|D1","False","[]","outputs/risk_patchcore_hazelnut/artefacts/hazelnut__test__good__015_heatmap_overlay.png","outputs/risk_patchcore_hazelnut/artefacts/hazelnut__test__good__015_mask.png","outputs/risk_patchcore_hazelnut/artefacts/hazelnut__test__good__015_annotated.png","simple_statistical_reference","0.42","minimum","Image-level anomaly score did not exceed the calibrated threshold."
"hazelnut__test__good__016","data/mvtec_anomaly_detection/hazelnut/test/good/016.png","75d4e637105b57120d4da9e6c990f36c69795a6ca2b55f45b14492b804f871c5","2026-06-08T18:55:18.835511+00:00","anomalib_patchcore","0.02525447023283706","0.5","False","0.9747455297671629","0.47474552976716294","0.9747455297671629","0.0","0","[]","normal","0.9747455297671629","detector_normal_decision","","","","","","","","","","","","","","","","","","0.9747455297671629","0.9747455297671629","0.9747455297671629","0.9747455297671629","0.974745529767163","minimum","0.9747455297671629","S1","O1","D1","Low","Continue monitoring; no immediate intervention required.","True","S1|O1|D1","False","[]","outputs/risk_patchcore_hazelnut/artefacts/hazelnut__test__good__016_heatmap_overlay.png","outputs/risk_patchcore_hazelnut/artefacts/hazelnut__test__good__016_mask.png","outputs/risk_patchcore_hazelnut/artefacts/hazelnut__test__good__016_annotated.png","simple_statistical_reference","0.42","minimum","Image-level anomaly score did not exceed the calibrated threshold."
"hazelnut__test__good__017","data/mvtec_anomaly_detection/hazelnut/test/good/017.png","a4796df884a02267ae914341524dad5f69ae3df162831c6115c04105e8f4835a","2026-06-08T18:55:18.892789+00:00","anomalib_patchcore","0.1195643294400412","0.5","False","0.8804356705599587","0.3804356705599588","0.8804356705599587","0.0","0","[]","normal","0.8804356705599587","detector_normal_decision","","","","","","","","","","","","","","","","","","0.8804356705599587","0.8804356705599587","0.8804356705599587","0.8804356705599587","0.8804356705599587","minimum","0.8804356705599587","S1","O1","D1","Low","Continue monitoring; no immediate intervention required.","True","S1|O1|D1","False","[]","outputs/risk_patchcore_hazelnut/artefacts/hazelnut__test__good__017_heatmap_overlay.png","outputs/risk_patchcore_hazelnut/artefacts/hazelnut__test__good__017_mask.png","outputs/risk_patchcore_hazelnut/artefacts/hazelnut__test__good__017_annotated.png","simple_statistical_reference","0.42","minimum","Image-level anomaly score did not exceed the calibrated threshold."
"hazelnut__test__good__018","data/mvtec_anomaly_detection/hazelnut/test/good/018.png","d654cba6242727a51e12b09fa95e4d46bf671d2e5eaf63d24781bd1c3e12f8a2","2026-06-08T18:55:18.947000+00:00","anomalib_patchcore","0.09630706793219829","0.5","False","0.9036929320678018","0.4036929320678017","0.9036929320678018","0.0","0","[]","normal","0.9036929320678018","detector_normal_decision","","","","","","","","","","","","","","","","","","0.9036929320678018","0.9036929320678018","0.9036929320678018","0.9036929320678018","0.9036929320678018","minimum","0.9036929320678018","S1","O1","D1","Low","Continue monitoring; no immediate intervention required.","True","S1|O1|D1","False","[]","outputs/risk_patchcore_hazelnut/artefacts/hazelnut__test__good__018_heatmap_overlay.png","outputs/risk_patchcore_hazelnut/artefacts/hazelnut__test__good__018_mask.png","outputs/risk_patchcore_hazelnut/artefacts/hazelnut__test__good__018_annotated.png","simple_statistical_reference","0.42","minimum","Image-level anomaly score did not exceed the calibrated threshold."
"hazelnut__test__good__019","data/mvtec_anomaly_detection/hazelnut/test/good/019.png","227b05a1f8fdb1080b5d98651dfb2272a3c48faba615af33f7622bae6b6821df","2026-06-08T18:55:19.001041+00:00","anomalib_patchcore","0.09423899288007984","0.5","False","0.9057610071199201","0.40576100711992014","0.9057610071199201","0.0","0","[]","normal","0.9057610071199201","detector_normal_decision","","","","","","","","","","","","","","","","","","0.9057610071199201","0.9057610071199201","0.9057610071199201","0.9057610071199201","0.9057610071199201","minimum","0.9057610071199201","S1","O1","D1","Low","Continue monitoring; no immediate intervention required.","True","S1|O1|D1","False","[]","outputs/risk_patchcore_hazelnut/artefacts/hazelnut__test__good__019_heatmap_overlay.png","outputs/risk_patchcore_hazelnut/artefacts/hazelnut__test__good__019_mask.png","outputs/risk_patchcore_hazelnut/artefacts/hazelnut__test__good__019_annotated.png","simple_statistical_reference","0.42","minimum","Image-level anomaly score did not exceed the calibrated threshold."
"hazelnut__test__good__020","data/mvtec_anomaly_detection/hazelnut/test/good/020.png","cc2a9bf85ba8cbc57fc2fffa7799275bceaa45bbbe85862717c0eb2a6af3ebd8","2026-06-08T18:55:19.060622+00:00","anomalib_patchcore","0.11280222043185623","0.5","False","0.8871977795681438","0.3871977795681438","0.8871977795681438","0.0","0","[]","normal","0.8871977795681438","detector_normal_decision","","","","","","","","","","","","","","","","","","0.8871977795681438","0.8871977795681438","0.8871977795681438","0.8871977795681438","0.8871977795681438","minimum","0.8871977795681438","S1","O1","D1","Low","Continue monitoring; no immediate intervention required.","True","S1|O1|D1","False","[]","outputs/risk_patchcore_hazelnut/artefacts/hazelnut__test__good__020_heatmap_overlay.png","outputs/risk_patchcore_hazelnut/artefacts/hazelnut__test__good__020_mask.png","outputs/risk_patchcore_hazelnut/artefacts/hazelnut__test__good__020_annotated.png","simple_statistical_reference","0.42","minimum","Image-level anomaly score did not exceed the calibrated threshold."
"hazelnut__test__good__021","data/mvtec_anomaly_detection/hazelnut/test/good/021.png","360292b312083afae646bfd5b90d529467716a79b2c498867bd61736a84bacd7","2026-06-08T18:55:19.114814+00:00","anomalib_patchcore","0.0","0.5","False","1.0","0.5","1.0","0.0","0","[]","normal","1.0","detector_normal_decision","","","","","","","","","","","","","","","","","","1.0","1.0","1.0","1.0","1.0","minimum","1.0","S1","O1","D1","Low","Continue monitoring; no immediate intervention required.","True","S1|O1|D1","False","[]","outputs/risk_patchcore_hazelnut/artefacts/hazelnut__test__good__021_heatmap_overlay.png","outputs/risk_patchcore_hazelnut/artefacts/hazelnut__test__good__021_mask.png","outputs/risk_patchcore_hazelnut/artefacts/hazelnut__test__good__021_annotated.png","simple_statistical_reference","0.42","minimum","Image-level anomaly score did not exceed the calibrated threshold."
"hazelnut__test__good__022","data/mvtec_anomaly_detection/hazelnut/test/good/022.png","fb82dc2d7c8acb9ac3bba01a33636d613af983c8323cb957b06cbd57c97d26f5","2026-06-08T18:55:19.167772+00:00","anomalib_patchcore","0.07550751096079392","0.5","False","0.9244924890392061","0.4244924890392061","0.9244924890392061","0.0","0","[]","normal","0.9244924890392061","detector_normal_decision","","","","","","","","","","","","","","","","","","0.9244924890392061","0.9244924890392061","0.9244924890392061","0.9244924890392061","0.9244924890392061","minimum","0.9244924890392061","S1","O1","D1","Low","Continue monitoring; no immediate intervention required.","True","S1|O1|D1","False","[]","outputs/risk_patchcore_hazelnut/artefacts/hazelnut__test__good__022_heatmap_overlay.png","outputs/risk_patchcore_hazelnut/artefacts/hazelnut__test__good__022_mask.png","outputs/risk_patchcore_hazelnut/artefacts/hazelnut__test__good__022_annotated.png","simple_statistical_reference","0.42","minimum","Image-level anomaly score did not exceed the calibrated threshold."
"hazelnut__test__good__023","data/mvtec_anomaly_detection/hazelnut/test/good/023.png","063da7197aaa13d7063263e7f76f955000d1404239d41f0093911caa37ad77ce","2026-06-08T18:55:19.223484+00:00","anomalib_patchcore","0.11089574998823727","0.5","False","0.8891042500117627","0.38910425001176274","0.8891042500117627","0.0","0","[]","normal","0.8891042500117627","detector_normal_decision","","","","","","","","","","","","","","","","","","0.8891042500117627","0.8891042500117627","0.8891042500117627","0.8891042500117627","0.8891042500117627","minimum","0.8891042500117627","S1","O1","D1","Low","Continue monitoring; no immediate intervention required.","True","S1|O1|D1","False","[]","outputs/risk_patchcore_hazelnut/artefacts/hazelnut__test__good__023_heatmap_overlay.png","outputs/risk_patchcore_hazelnut/artefacts/hazelnut__test__good__023_mask.png","outputs/risk_patchcore_hazelnut/artefacts/hazelnut__test__good__023_annotated.png","simple_statistical_reference","0.42","minimum","Image-level anomaly score did not exceed the calibrated threshold."
"hazelnut__test__good__024","data/mvtec_anomaly_detection/hazelnut/test/good/024.png","740633d252f69d5777b74780c7d8bfd9d3902664fb71866ffc9a10fac99043b4","2026-06-08T18:55:19.276999+00:00","anomalib_patchcore","0.10718309674560407","0.5","False","0.8928169032543959","0.39281690325439594","0.8928169032543959","0.0","0","[]","normal","0.8928169032543959","detector_normal_decision","","","","","","","","","","","","","","","","","","0.8928169032543959","0.8928169032543959","0.8928169032543959","0.8928169032543959","0.8928169032543959","minimum","0.8928169032543959","S1","O1","D1","Low","Continue monitoring; no immediate intervention required.","True","S1|O1|D1","False","[]","outputs/risk_patchcore_hazelnut/artefacts/hazelnut__test__good__024_heatmap_overlay.png","outputs/risk_patchcore_hazelnut/artefacts/hazelnut__test__good__024_mask.png","outputs/risk_patchcore_hazelnut/artefacts/hazelnut__test__good__024_annotated.png","simple_statistical_reference","0.42","minimum","Image-level anomaly score did not exceed the calibrated threshold."
"hazelnut__test__good__025","data/mvtec_anomaly_detection/hazelnut/test/good/025.png","553c1783f0f2af3c92c92ca8c661f32d5c4d87fc6a1141bf4b319bcdcdd959a1","2026-06-08T18:55:19.330660+00:00","anomalib_patchcore","0.04862021559987843","0.5","False","0.9513797844001216","0.45137978440012155","0.9513797844001216","0.0","0","[]","normal","0.9513797844001216","detector_normal_decision","","","","","","","","","","","","","","","","","","0.9513797844001216","0.9513797844001216","0.9513797844001216","0.9513797844001216","0.9513797844001216","minimum","0.9513797844001216","S1","O1","D1","Low","Continue monitoring; no immediate intervention required.","True","S1|O1|D1","False","[]","outputs/risk_patchcore_hazelnut/artefacts/hazelnut__test__good__025_heatmap_overlay.png","outputs/risk_patchcore_hazelnut/artefacts/hazelnut__test__good__025_mask.png","outputs/risk_patchcore_hazelnut/artefacts/hazelnut__test__good__025_annotated.png","simple_statistical_reference","0.42","minimum","Image-level anomaly score did not exceed the calibrated threshold."
"hazelnut__test__good__026","data/mvtec_anomaly_detection/hazelnut/test/good/026.png","25323d78e8573815f6e6d0db9f52d098dbf8c008d73765ecb5cd65567a4ef039","2026-06-08T18:55:19.383070+00:00","anomalib_patchcore","0.0670946379397593","0.5","False","0.9329053620602407","0.4329053620602407","0.9329053620602407","0.0","0","[]","normal","0.9329053620602407","detector_normal_decision","","","","","","","","","","","","","","","","","","0.9329053620602407","0.9329053620602407","0.9329053620602407","0.9329053620602407","0.9329053620602407","minimum","0.9329053620602407","S1","O1","D1","Low","Continue monitoring; no immediate intervention required.","True","S1|O1|D1","False","[]","outputs/risk_patchcore_hazelnut/artefacts/hazelnut__test__good__026_heatmap_overlay.png","outputs/risk_patchcore_hazelnut/artefacts/hazelnut__test__good__026_mask.png","outputs/risk_patchcore_hazelnut/artefacts/hazelnut__test__good__026_annotated.png","simple_statistical_reference","0.42","minimum","Image-level anomaly score did not exceed the calibrated threshold."
"hazelnut__test__good__027","data/mvtec_anomaly_detection/hazelnut/test/good/027.png","2ba503049ed3fd2b167baf8800e6a9a6343a64d166e61919017f44700c5a6baa","2026-06-08T18:55:19.437758+00:00","anomalib_patchcore","0.13742299182787146","0.5","False","0.8625770081721286","0.36257700817212857","0.8625770081721286","0.0","0","[]","normal","0.8625770081721286","detector_normal_decision","","","","","","","","","","","","","","","","","","0.8625770081721286","0.8625770081721286","0.8625770081721286","0.8625770081721286","0.8625770081721286","minimum","0.8625770081721286","S1","O1","D1","Low","Continue monitoring; no immediate intervention required.","True","S1|O1|D1","False","[]","outputs/risk_patchcore_hazelnut/artefacts/hazelnut__test__good__027_heatmap_overlay.png","outputs/risk_patchcore_hazelnut/artefacts/hazelnut__test__good__027_mask.png","outputs/risk_patchcore_hazelnut/artefacts/hazelnut__test__good__027_annotated.png","simple_statistical_reference","0.42","minimum","Image-level anomaly score did not exceed the calibrated threshold."
"hazelnut__test__good__028","data/mvtec_anomaly_detection/hazelnut/test/good/028.png","a14d34540fbcaa4fabd992095bf3e6a409599af1ec815d380e0db0b460011797","2026-06-08T18:55:19.494420+00:00","anomalib_patchcore","0.07484516403428353","0.5","False","0.9251548359657165","0.42515483596571646","0.9251548359657165","0.0","0","[]","normal","0.9251548359657165","detector_normal_decision","","","","","","","","","","","","","","","","","","0.9251548359657165","0.9251548359657165","0.9251548359657165","0.9251548359657165","0.9251548359657165","minimum","0.9251548359657165","S1","O1","D1","Low","Continue monitoring; no immediate intervention required.","True","S1|O1|D1","False","[]","outputs/risk_patchcore_hazelnut/artefacts/hazelnut__test__good__028_heatmap_overlay.png","outputs/risk_patchcore_hazelnut/artefacts/hazelnut__test__good__028_mask.png","outputs/risk_patchcore_hazelnut/artefacts/hazelnut__test__good__028_annotated.png","simple_statistical_reference","0.42","minimum","Image-level anomaly score did not exceed the calibrated threshold."
"hazelnut__test__good__029","data/mvtec_anomaly_detection/hazelnut/test/good/029.png","ddf71dee2f4a0ebb089f4cc9f6f8180862ba521ffdcbc106afd2505ac1147778","2026-06-08T18:55:19.557880+00:00","anomalib_patchcore","0.07631746707277105","0.5","False","0.9236825329272289","0.42368253292722896","0.9236825329272289","0.0","0","[]","normal","0.9236825329272289","detector_normal_decision","","","","","","","","","","","","","","","","","","0.9236825329272289","0.9236825329272289","0.9236825329272289","0.9236825329272289","0.9236825329272289","minimum","0.9236825329272289","S1","O1","D1","Low","Continue monitoring; no immediate intervention required.","True","S1|O1|D1","False","[]","outputs/risk_patchcore_hazelnut/artefacts/hazelnut__test__good__029_heatmap_overlay.png","outputs/risk_patchcore_hazelnut/artefacts/hazelnut__test__good__029_mask.png","outputs/risk_patchcore_hazelnut/artefacts/hazelnut__test__good__029_annotated.png","simple_statistical_reference","0.42","minimum","Image-level anomaly score did not exceed the calibrated threshold."
"hazelnut__test__good__030","data/mvtec_anomaly_detection/hazelnut/test/good/030.png","40f7699e11204a0574ff9ab8a89865e25688012efd0132316a8e1266e293eeca","2026-06-08T18:55:19.625088+00:00","anomalib_patchcore","0.024376122122669572","0.5","False","0.9756238778773304","0.4756238778773304","0.9756238778773304","0.0","0","[]","normal","0.9756238778773304","detector_normal_decision","","","","","","","","","","","","","","","","","","0.9756238778773304","0.9756238778773304","0.9756238778773304","0.9756238778773304","0.9756238778773304","minimum","0.9756238778773304","S1","O1","D1","Low","Continue monitoring; no immediate intervention required.","True","S1|O1|D1","False","[]","outputs/risk_patchcore_hazelnut/artefacts/hazelnut__test__good__030_heatmap_overlay.png","outputs/risk_patchcore_hazelnut/artefacts/hazelnut__test__good__030_mask.png","outputs/risk_patchcore_hazelnut/artefacts/hazelnut__test__good__030_annotated.png","simple_statistical_reference","0.42","minimum","Image-level anomaly score did not exceed the calibrated threshold."
"hazelnut__test__good__031","data/mvtec_anomaly_detection/hazelnut/test/good/031.png","55a338a32729460de040ca0a64537c9c3f858ab7ffde5ba9ff3b7feb1ab07a68","2026-06-08T18:55:19.687767+00:00","anomalib_patchcore","0.09890917275876734","0.5","False","0.9010908272412327","0.4010908272412327","0.9010908272412327","0.0","0","[]","normal","0.9010908272412327","detector_normal_decision","","","","","","","","","","","","","","","","","","0.9010908272412327","0.9010908272412327","0.9010908272412327","0.9010908272412327","0.9010908272412328","minimum","0.9010908272412327","S1","O1","D1","Low","Continue monitoring; no immediate intervention required.","True","S1|O1|D1","False","[]","outputs/risk_patchcore_hazelnut/artefacts/hazelnut__test__good__031_heatmap_overlay.png","outputs/risk_patchcore_hazelnut/artefacts/hazelnut__test__good__031_mask.png","outputs/risk_patchcore_hazelnut/artefacts/hazelnut__test__good__031_annotated.png","simple_statistical_reference","0.42","minimum","Image-level anomaly score did not exceed the calibrated threshold."
"hazelnut__test__good__032","data/mvtec_anomaly_detection/hazelnut/test/good/032.png","c67c946d6a9def8c202db17de36e29a953e6f96cf03b9983c28226eacea87c33","2026-06-08T18:55:19.758655+00:00","anomalib_patchcore","0.1308751829022015","0.5","False","0.8691248170977985","0.36912481709779854","0.8691248170977985","0.0","0","[]","normal","0.8691248170977985","detector_normal_decision","","","","","","","","","","","","","","","","","","0.8691248170977985","0.8691248170977985","0.8691248170977985","0.8691248170977985","0.8691248170977985","minimum","0.8691248170977985","S1","O1","D1","Low","Continue monitoring; no immediate intervention required.","True","S1|O1|D1","False","[]","outputs/risk_patchcore_hazelnut/artefacts/hazelnut__test__good__032_heatmap_overlay.png","outputs/risk_patchcore_hazelnut/artefacts/hazelnut__test__good__032_mask.png","outputs/risk_patchcore_hazelnut/artefacts/hazelnut__test__good__032_annotated.png","simple_statistical_reference","0.42","minimum","Image-level anomaly score did not exceed the calibrated threshold."
"hazelnut__test__good__033","data/mvtec_anomaly_detection/hazelnut/test/good/033.png","9c15195c7529c58b15b7837a6754cf31a93b18c57809470ebbf0f5629fe506ed","2026-06-08T18:55:19.811131+00:00","anomalib_patchcore","0.048011646666292165","0.5","False","0.9519883533337078","0.45198835333370785","0.9519883533337078","0.0","0","[]","normal","0.9519883533337078","detector_normal_decision","","","","","","","","","","","","","","","","","","0.9519883533337078","0.9519883533337078","0.9519883533337078","0.9519883533337078","0.9519883533337078","minimum","0.9519883533337078","S1","O1","D1","Low","Continue monitoring; no immediate intervention required.","True","S1|O1|D1","False","[]","outputs/risk_patchcore_hazelnut/artefacts/hazelnut__test__good__033_heatmap_overlay.png","outputs/risk_patchcore_hazelnut/artefacts/hazelnut__test__good__033_mask.png","outputs/risk_patchcore_hazelnut/artefacts/hazelnut__test__good__033_annotated.png","simple_statistical_reference","0.42","minimum","Image-level anomaly score did not exceed the calibrated threshold."
"hazelnut__test__good__034","data/mvtec_anomaly_detection/hazelnut/test/good/034.png","48a9d7013fe4e9173086637a26fad71ca464aee5560643208b80fe7912f5d3ff","2026-06-08T18:55:19.864535+00:00","anomalib_patchcore","0.09947254652791919","0.5","False","0.9005274534720809","0.4005274534720808","0.9005274534720809","0.0","0","[]","normal","0.9005274534720809","detector_normal_decision","","","","","","","","","","","","","","","","","","0.9005274534720809","0.9005274534720809","0.9005274534720809","0.9005274534720809","0.9005274534720809","minimum","0.9005274534720809","S1","O1","D1","Low","Continue monitoring; no immediate intervention required.","True","S1|O1|D1","False","[]","outputs/risk_patchcore_hazelnut/artefacts/hazelnut__test__good__034_heatmap_overlay.png","outputs/risk_patchcore_hazelnut/artefacts/hazelnut__test__good__034_mask.png","outputs/risk_patchcore_hazelnut/artefacts/hazelnut__test__good__034_annotated.png","simple_statistical_reference","0.42","minimum","Image-level anomaly score did not exceed the calibrated threshold."
"hazelnut__test__good__035","data/mvtec_anomaly_detection/hazelnut/test/good/035.png","9c533d00e2a41e2caf1f927a0fc396bf20c0d1a108a54311a5e0e557c4bda996","2026-06-08T18:55:19.919254+00:00","anomalib_patchcore","0.014569080731515246","0.5","False","0.9854309192684848","0.48543091926848475","0.9854309192684848","0.0","0","[]","normal","0.9854309192684848","detector_normal_decision","","","","","","","","","","","","","","","","","","0.9854309192684848","0.9854309192684848","0.9854309192684848","0.9854309192684848","0.9854309192684848","minimum","0.9854309192684848","S1","O1","D1","Low","Continue monitoring; no immediate intervention required.","True","S1|O1|D1","False","[]","outputs/risk_patchcore_hazelnut/artefacts/hazelnut__test__good__035_heatmap_overlay.png","outputs/risk_patchcore_hazelnut/artefacts/hazelnut__test__good__035_mask.png","outputs/risk_patchcore_hazelnut/artefacts/hazelnut__test__good__035_annotated.png","simple_statistical_reference","0.42","minimum","Image-level anomaly score did not exceed the calibrated threshold."
"hazelnut__test__good__036","data/mvtec_anomaly_detection/hazelnut/test/good/036.png","b43f505ce5d9eeb49ad6259fa1612334b821449b7600c11f99dce3528d36397b","2026-06-08T18:55:19.971028+00:00","anomalib_patchcore","0.12696999593939426","0.5","False","0.8730300040606057","0.3730300040606057","0.8730300040606057","0.0","0","[]","normal","0.8730300040606057","detector_normal_decision","","","","","","","","","","","","","","","","","","0.8730300040606057","0.8730300040606057","0.8730300040606057","0.8730300040606057","0.8730300040606057","minimum","0.8730300040606057","S1","O1","D1","Low","Continue monitoring; no immediate intervention required.","True","S1|O1|D1","False","[]","outputs/risk_patchcore_hazelnut/artefacts/hazelnut__test__good__036_heatmap_overlay.png","outputs/risk_patchcore_hazelnut/artefacts/hazelnut__test__good__036_mask.png","outputs/risk_patchcore_hazelnut/artefacts/hazelnut__test__good__036_annotated.png","simple_statistical_reference","0.42","minimum","Image-level anomaly score did not exceed the calibrated threshold."
"hazelnut__test__good__037","data/mvtec_anomaly_detection/hazelnut/test/good/037.png","8e8d0325def289aa068df8d4d7eb5d273eaf09c0b692102e5ca6f7a3c5ec1564","2026-06-08T18:55:20.025432+00:00","anomalib_patchcore","0.16084580140595237","0.5","False","0.8391541985940476","0.3391541985940476","0.8391541985940476","0.0","0","[]","normal","0.8391541985940476","detector_normal_decision","","","","","","","","","","","","","","","","","","0.8391541985940476","0.8391541985940476","0.8391541985940476","0.8391541985940476","0.8391541985940476","minimum","0.8391541985940476","S1","O1","D1","Low","Continue monitoring; no immediate intervention required.","True","S1|O1|D1","False","[]","outputs/risk_patchcore_hazelnut/artefacts/hazelnut__test__good__037_heatmap_overlay.png","outputs/risk_patchcore_hazelnut/artefacts/hazelnut__test__good__037_mask.png","outputs/risk_patchcore_hazelnut/artefacts/hazelnut__test__good__037_annotated.png","simple_statistical_reference","0.42","minimum","Image-level anomaly score did not exceed the calibrated threshold."
"hazelnut__test__good__038","data/mvtec_anomaly_detection/hazelnut/test/good/038.png","5765729be23b87defdf2a5ada95846b4305d16f247745af60e69ddde06f1696b","2026-06-08T18:55:20.077771+00:00","anomalib_patchcore","0.06459486981144338","0.5","False","0.9354051301885566","0.43540513018855664","0.9354051301885566","0.0","0","[]","normal","0.9354051301885566","detector_normal_decision","","","","","","","","","","","","","","","","","","0.9354051301885566","0.9354051301885566","0.9354051301885566","0.9354051301885566","0.9354051301885566","minimum","0.9354051301885566","S1","O1","D1","Low","Continue monitoring; no immediate intervention required.","True","S1|O1|D1","False","[]","outputs/risk_patchcore_hazelnut/artefacts/hazelnut__test__good__038_heatmap_overlay.png","outputs/risk_patchcore_hazelnut/artefacts/hazelnut__test__good__038_mask.png","outputs/risk_patchcore_hazelnut/artefacts/hazelnut__test__good__038_annotated.png","simple_statistical_reference","0.42","minimum","Image-level anomaly score did not exceed the calibrated threshold."
"hazelnut__test__good__039","data/mvtec_anomaly_detection/hazelnut/test/good/039.png","b9f5706a22b7939cba299fbbae211afc8682b754836aeb6ce40bdb28d76c8f22","2026-06-08T18:55:20.130201+00:00","anomalib_patchcore","0.20682180992599475","0.5","False","0.7931781900740053","0.29317819007400525","0.7931781900740053","0.0","0","[]","normal","0.7931781900740053","detector_normal_decision","","","","","","","","","","","","","","","","","","0.7931781900740053","0.7931781900740053","0.7931781900740053","0.7931781900740053","0.7931781900740053","minimum","0.7931781900740053","S1","O1","D1","Low","Continue monitoring; no immediate intervention required.","True","S1|O1|D1","False","[]","outputs/risk_patchcore_hazelnut/artefacts/hazelnut__test__good__039_heatmap_overlay.png","outputs/risk_patchcore_hazelnut/artefacts/hazelnut__test__good__039_mask.png","outputs/risk_patchcore_hazelnut/artefacts/hazelnut__test__good__039_annotated.png","simple_statistical_reference","0.42","minimum","Image-level anomaly score did not exceed the calibrated threshold."
"hazelnut__test__hole__000","data/mvtec_anomaly_detection/hazelnut/test/hole/000.png","b9a1a102db263079fec8bc9836f182253dced9ca178957b7e9bef05cba3312c2","2026-06-08T18:55:20.195583+00:00","anomalib_patchcore","0.8029118134863221","0.5","True","0.8029118134863221","0.3029118134863221","0.8417525672912598","0.1804351806640625","1","[{'x': 48, 'y': 58, 'w': 154, 'h': 124, 'area_px': 11825, 'area_ratio': 0.1804351806640625, 'mean_heat': 0.5594501495361328, 'max_heat': 1.0, 'x2': 202, 'y2': 182, 'aspect_ratio': 1.2419354838709677}]","deformation","0.779","rules_constrained_taxonomy","48.0","58.0","154.0","124.0","11825.0","0.1804351806640625","0.5594501495361328","1.0","202.0","182.0","1.2419354838709677","0.22962924172601593","108.93548387096774","127.96260997067449","7.514517484413119","0.0","['large_irregular_edge_region']","0.8029118134863221","0.8417525672912598","0.779","0.779","0.8085860862562229","minimum","0.779","S4","O1","D2","Medium","Reinspect item and consider rework if defect is confirmed.","True","S4|O1|D2","False","[]","outputs/risk_patchcore_hazelnut/artefacts/hazelnut__test__hole__000_heatmap_overlay.png","outputs/risk_patchcore_hazelnut/artefacts/hazelnut__test__hole__000_mask.png","outputs/risk_patchcore_hazelnut/artefacts/hazelnut__test__hole__000_annotated.png","simple_statistical_reference","0.42","minimum",""
"hazelnut__test__hole__001","data/mvtec_anomaly_detection/hazelnut/test/hole/001.png","c3aa706e84d7b0b894755b106c3b9a04f18c48daa0819cf616ade2c1b969252e","2026-06-08T18:55:20.261191+00:00","anomalib_patchcore","0.824630776963642","0.5","True","0.824630776963642","0.32463077696364195","0.7722940038610049","0.0978240966796875","2","[{'x': 68, 'y': 67, 'w': 97, 'h': 111, 'area_px': 5950, 'area_ratio': 0.090789794921875, 'mean_heat': 0.5671517848968506, 'max_heat': 1.0, 'x2': 165, 'y2': 178, 'aspect_ratio': 1.1443298969072164}, {'x': 144, 'y': 186, 'w': 24, 'h': 25, 'area_px': 461, 'area_ratio': 0.0070343017578125, 'mean_heat': 0.45013824105262756, 'max_heat': 0.48627451062202454, 'x2': 168, 'y2': 211, 'aspect_ratio': 1.0416666666666667}]","deformation","0.779","rules_constrained_taxonomy","68.0","67.0","97.0","111.0","5950.0","0.090789794921875","0.5671517848968506","1.0","165.0","178.0","1.1443298969072164","0.1868672796507848","123.87155196433547","145.29776167920497","4.891550570704368","0.0","['large_irregular_edge_region']","0.824630776963642","0.7722940038610049","0.779","0.7722940038610049","0.7975220507919403","minimum","0.7722940038610049","S4","O1","D2","Medium","Reinspect item and consider rework if defect is confirmed.","True","S4|O1|D2","False","[]","outputs/risk_patchcore_hazelnut/artefacts/hazelnut__test__hole__001_heatmap_overlay.png","outputs/risk_patchcore_hazelnut/artefacts/hazelnut__test__hole__001_mask.png","outputs/risk_patchcore_hazelnut/artefacts/hazelnut__test__hole__001_annotated.png","simple_statistical_reference","0.42","minimum",""
"hazelnut__test__hole__002","data/mvtec_anomaly_detection/hazelnut/test/hole/002.png","0a5ebcb92c384c3c2c3fa69305603d856c67516a4235d77c66ecea6d7e8a552d","2026-06-08T18:55:20.315435+00:00","anomalib_patchcore","0.9699373673890174","0.5","True","0.9699373673890174","0.46993736738901737","0.7863641429931605","0.0673828125","2","[{'x': 114, 'y': 116, 'w': 76, 'h': 71, 'area_px': 4199, 'area_ratio': 0.0640716552734375, 'mean_heat': 0.6063302159309387, 'max_heat': 1.0, 'x2': 190, 'y2': 187, 'aspect_ratio': 1.0704225352112675}, {'x': 191, 'y': 91, 'w': 11, 'h': 23, 'area_px': 217, 'area_ratio': 0.0033111572265625, 'mean_heat': 0.4286799132823944, 'max_heat': 0.43529412150382996, 'x2': 202, 'y2': 114, 'aspect_ratio': 2.090909090909091}]","unknown","0.5774999999999999","rules_constrained_taxonomy","114.0","116.0","76.0","71.0","4199.0","0.0640716552734375","0.6063302159309387","1.0","190.0","187.0","1.0704225352112675","0.1497405485544848","130.05744996293552","138.04114158636025","3.5072250753792957","0.0","['no_rule_matched_confidently']","0.9699373673890174","0.7863641429931605","0.5774999999999999","0.5774999999999999","0.8167560582230058","minimum","0.5774999999999999","S3","O3","D2","High","Quarantine item or lot pending quality engineer review.","True","S3|O3|D2","True","['Fused confidence 0.577 is below operational threshold 0.600.', 'Semantic label is unknown or not confidently mapped to the taxonomy.']","outputs/risk_patchcore_hazelnut/artefacts/hazelnut__test__hole__002_heatmap_overlay.png","outputs/risk_patchcore_hazelnut/artefacts/hazelnut__test__hole__002_mask.png","outputs/risk_patchcore_hazelnut/artefacts/hazelnut__test__hole__002_annotated.png","simple_statistical_reference","0.42","minimum",""
"hazelnut__test__hole__003","data/mvtec_anomaly_detection/hazelnut/test/hole/003.png","4d241bd420abbc3b39c2df3b4815416390363a52994dd871410246a92ef546b5","2026-06-08T18:55:20.370956+00:00","anomalib_patchcore","1.0","0.5","True","1.0","0.5","0.868900790810585","0.0661163330078125","1","[{'x': 86, 'y': 113, 'w': 78, 'h': 77, 'area_px': 4333, 'area_ratio': 0.0661163330078125, 'mean_heat': 0.6168401837348938, 'max_heat': 1.0, 'x2': 164, 'y2': 190, 'aspect_ratio': 1.0129870129870129}]","unknown","0.5774999999999999","rules_constrained_taxonomy","86.0","113.0","78.0","77.0","4333.0","0.0661163330078125","0.6168401837348938","1.0","164.0","190.0","1.0129870129870129","0.19563769563769565","113.27589077589077","135.8176823176823","2.0626672572451525","0.0","['no_rule_matched_confidently']","1.0","0.868900790810585","0.5774999999999999","0.5774999999999999","0.8550452372431754","minimum","0.5774999999999999","S3","O3","D2","High","Quarantine item or lot pending quality engineer review.","True","S3|O3|D2","True","['Fused confidence 0.577 is below operational threshold 0.600.', 'Semantic label is unknown or not confidently mapped to the taxonomy.']","outputs/risk_patchcore_hazelnut/artefacts/hazelnut__test__hole__003_heatmap_overlay.png","outputs/risk_patchcore_hazelnut/artefacts/hazelnut__test__hole__003_mask.png","outputs/risk_patchcore_hazelnut/artefacts/hazelnut__test__hole__003_annotated.png","simple_statistical_reference","0.42","minimum",""
"hazelnut__test__hole__004","data/mvtec_anomaly_detection/hazelnut/test/hole/004.png","a635da4283143f12a0e6b4e8240281b4434241c4045ffad5d89a4479793e0559","2026-06-08T18:55:20.425990+00:00","anomalib_patchcore","0.8909103941493873","0.5","True","0.8909103941493873","0.39091039414938733","0.8660936945676803","0.107666015625","1","[{'x': 74, 'y': 54, 'w': 114, 'h': 105, 'area_px': 7056, 'area_ratio': 0.107666015625, 'mean_heat': 0.6135415434837341, 'max_heat': 1.0, 'x2': 188, 'y2': 159, 'aspect_ratio': 1.0857142857142856}]","deformation","0.779","rules_constrained_taxonomy","74.0","54.0","114.0","105.0","7056.0","0.107666015625","0.6135415434837341","1.0","188.0","159.0","1.0857142857142856","0.24745196324143692","116.83625730994152","145.37710944026733","7.572684519096001","0.0","['large_irregular_edge_region']","0.8909103941493873","0.8660936945676803","0.779","0.779","0.8554877857375284","minimum","0.779","S4","O1","D2","Medium","Reinspect item and consider rework if defect is confirmed.","True","S4|O1|D2","False","[]","outputs/risk_patchcore_hazelnut/artefacts/hazelnut__test__hole__004_heatmap_overlay.png","outputs/risk_patchcore_hazelnut/artefacts/hazelnut__test__hole__004_mask.png","outputs/risk_patchcore_hazelnut/artefacts/hazelnut__test__hole__004_annotated.png","simple_statistical_reference","0.42","minimum",""
"hazelnut__test__hole__005","data/mvtec_anomaly_detection/hazelnut/test/hole/005.png","0d64b5a8b175531ace4719719436b91686115b84f6b299eeae854db2b00c863f","2026-06-08T18:55:20.480353+00:00","anomalib_patchcore","0.6882906906582755","0.5","True","0.6882906906582755","0.18829069065827553","0.7689132708144235","0.14453125","2","[{'x': 53, 'y': 97, 'w': 143, 'h': 86, 'area_px': 8574, 'area_ratio': 0.130828857421875, 'mean_heat': 0.584082305431366, 'max_heat': 1.0, 'x2': 196, 'y2': 183, 'aspect_ratio': 1.6627906976744187}, {'x': 136, 'y': 54, 'w': 32, 'h': 34, 'area_px': 898, 'area_ratio': 0.013702392578125, 'mean_heat': 0.4538014829158783, 'max_heat': 0.4901960790157318, 'x2': 168, 'y2': 88, 'aspect_ratio': 1.0625}]","deformation","0.779","rules_constrained_taxonomy","53.0","97.0","143.0","86.0","8574.0","0.130828857421875","0.584082305431366","1.0","196.0","183.0","1.6627906976744187","0.24499918685965197","108.36249796714912","129.74873963246057","4.4326052553474256","0.0","['large_irregular_edge_region']","0.6882906906582755","0.7689132708144235","0.779","0.6882906906582755","0.735154792040551","minimum","0.6882906906582755","S4","O1","D2","Medium","Reinspect item and consider rework if defect is confirmed.","True","S4|O1|D2","False","[]","outputs/risk_patchcore_hazelnut/artefacts/hazelnut__test__hole__005_heatmap_overlay.png","outputs/risk_patchcore_hazelnut/artefacts/hazelnut__test__hole__005_mask.png","outputs/risk_patchcore_hazelnut/artefacts/hazelnut__test__hole__005_annotated.png","simple_statistical_reference","0.42","minimum",""
"hazelnut__test__hole__006","data/mvtec_anomaly_detection/hazelnut/test/hole/006.png","dfb46612d76c1134bd6481d85afb2e95ab104d9a3f1b9a761ec34f9e454dd10b","2026-06-08T18:55:20.541696+00:00","anomalib_patchcore","0.7580125633278394","0.5","True","0.7580125633278394","0.2580125633278394","0.8456955218315125","0.2076873779296875","1","[{'x': 49, 'y': 58, 'w': 159, 'h': 157, 'area_px': 13611, 'area_ratio': 0.2076873779296875, 'mean_heat': 0.5682122707366943, 'max_heat': 1.0, 'x2': 208, 'y2': 215, 'aspect_ratio': 1.0127388535031847}]","deformation","0.779","rules_constrained_taxonomy","49.0","58.0","159.0","157.0","13611.0","0.2076873779296875","0.5682122707366943","1.0","208.0","215.0","1.0127388535031847","0.17682169611024315","105.62488482954772","118.50422625485719","9.237502500893726","0.0","['large_irregular_edge_region']","0.7580125633278394","0.8456955218315125","0.779","0.7580125633278394","0.7895643100469815","minimum","0.7580125633278394","S4","O1","D2","Medium","Reinspect item and consider rework if defect is confirmed.","True","S4|O1|D2","False","[]","outputs/risk_patchcore_hazelnut/artefacts/hazelnut__test__hole__006_heatmap_overlay.png","outputs/risk_patchcore_hazelnut/artefacts/hazelnut__test__hole__006_mask.png","outputs/risk_patchcore_hazelnut/artefacts/hazelnut__test__hole__006_annotated.png","simple_statistical_reference","0.42","minimum",""
"hazelnut__test__hole__007","data/mvtec_anomaly_detection/hazelnut/test/hole/007.png","23152b06124706ff3eb8cb1fc83d82d16b44ccec373d76c381fcc0b79f4b09cd","2026-06-08T18:55:20.597155+00:00","anomalib_patchcore","1.0","0.5","True","1.0","0.5","0.8529359072446823","0.07421875","1","[{'x': 102, 'y': 81, 'w': 63, 'h': 117, 'area_px': 4864, 'area_ratio': 0.07421875, 'mean_heat': 0.5701093077659607, 'max_heat': 1.0, 'x2': 165, 'y2': 198, 'aspect_ratio': 1.8571428571428572}]","unknown","0.5774999999999999","rules_constrained_taxonomy","102.0","81.0","63.0","117.0","4864.0","0.07421875","0.5701093077659607","1.0","165.0","198.0","1.8571428571428572","0.19115452448785783","133.67426400759734","160.67277167277166","4.039639471573736","0.8837144793174332","['no_rule_matched_confidently']","1.0","0.8529359072446823","0.5774999999999999","0.5774999999999999","0.8502557721734045","minimum","0.5774999999999999","S3","O3","D2","High","Quarantine item or lot pending quality engineer review.","True","S3|O3|D2","True","['Fused confidence 0.577 is below operational threshold 0.600.', 'Semantic label is unknown or not confidently mapped to the taxonomy.']","outputs/risk_patchcore_hazelnut/artefacts/hazelnut__test__hole__007_heatmap_overlay.png","outputs/risk_patchcore_hazelnut/artefacts/hazelnut__test__hole__007_mask.png","outputs/risk_patchcore_hazelnut/artefacts/hazelnut__test__hole__007_annotated.png","simple_statistical_reference","0.42","minimum",""
"hazelnut__test__hole__008","data/mvtec_anomaly_detection/hazelnut/test/hole/008.png","933ecda17811db8cb701134dcf8bcfebfcfc8c3f607c7990af3d7d1a81bb1d06","2026-06-08T18:55:20.657623+00:00","anomalib_patchcore","0.6368841873718061","0.5","True","0.6368841873718061","0.13688418737180608","0.8283522510528565","0.24658203125","1","[{'x': 54, 'y': 63, 'w': 155, 'h': 141, 'area_px': 16160, 'area_ratio': 0.24658203125, 'mean_heat': 0.5296716690063477, 'max_heat': 1.0, 'x2': 209, 'y2': 204, 'aspect_ratio': 1.099290780141844}]","deformation","0.779","rules_constrained_taxonomy","54.0","63.0","155.0","141.0","16160.0","0.24658203125","0.5296716690063477","1.0","209.0","204.0","1.099290780141844","0.24639670555936857","93.16865705788149","119.37556623198353","8.736951466940226","0.0","['large_irregular_edge_region']","0.6368841873718061","0.8283522510528565","0.779","0.6368841873718061","0.7298535596331697","minimum","0.6368841873718061","S4","O1","D2","Medium","Reinspect item and consider rework if defect is confirmed.","True","S4|O1|D2","False","[]","outputs/risk_patchcore_hazelnut/artefacts/hazelnut__test__hole__008_heatmap_overlay.png","outputs/risk_patchcore_hazelnut/artefacts/hazelnut__test__hole__008_mask.png","outputs/risk_patchcore_hazelnut/artefacts/hazelnut__test__hole__008_annotated.png","simple_statistical_reference","0.42","minimum",""
"hazelnut__test__hole__009","data/mvtec_anomaly_detection/hazelnut/test/hole/009.png","2d9d8165044fb8c2b3ba9cbe7f5abfda5794ad9bae517610afb419f09f530477","2026-06-08T18:55:20.722165+00:00","anomalib_patchcore","0.8447357047482257","0.5","True","0.8447357047482257","0.3447357047482257","0.7050647581113236","0.1618804931640625","3","[{'x': 94, 'y': 51, 'w': 108, 'h': 123, 'area_px': 8546, 'area_ratio': 0.130401611328125, 'mean_heat': 0.5945177674293518, 'max_heat': 1.0, 'x2': 202, 'y2': 174, 'aspect_ratio': 1.1388888888888888}, {'x': 75, 'y': 142, 'w': 54, 'h': 62, 'area_px': 1971, 'area_ratio': 0.0300750732421875, 'mean_heat': 0.4574825167655945, 'max_heat': 0.49803921580314636, 'x2': 129, 'y2': 204, 'aspect_ratio': 1.1481481481481481}, {'x': 73, 'y': 100, 'w': 7, 'h': 16, 'area_px': 92, 'area_ratio': 0.00140380859375, 'mean_heat': 0.426896870136261, 'max_heat': 0.4313725531101227, 'x2': 80, 'y2': 116, 'aspect_ratio': 2.2857142857142856}]","deformation","0.779","rules_constrained_taxonomy","94.0","51.0","108.0","123.0","8546.0","0.130401611328125","0.5945177674293518","1.0","202.0","174.0","1.1388888888888888","0.21296296296296297","113.79712436013249","134.24096657633243","7.303332297008794","0.0","['large_irregular_edge_region']","0.8447357047482257","0.7050647581113236","0.779","0.7050647581113236","0.7864004945700986","minimum","0.7050647581113236","S4","O1","D2","Medium","Reinspect item and consider rework if defect is confirmed.","True","S4|O1|D2","False","[]","outputs/risk_patchcore_hazelnut/artefacts/hazelnut__test__hole__009_heatmap_overlay.png","outputs/risk_patchcore_hazelnut/artefacts/hazelnut__test__hole__009_mask.png","outputs/risk_patchcore_hazelnut/artefacts/hazelnut__test__hole__009_annotated.png","simple_statistical_reference","0.42","minimum",""
"hazelnut__test__hole__010","data/mvtec_anomaly_detection/hazelnut/test/hole/010.png","b0db81b6c3b05ca4e62383b2a827d35aa488a187a563828a56ea68778f64f35f","2026-06-08T18:55:20.780590+00:00","anomalib_patchcore","0.9576860369636133","0.5","True","0.9576860369636133","0.4576860369636133","0.806077457754517","0.12860107421875","2","[{'x': 73, 'y': 55, 'w': 109, 'h': 99, 'area_px': 8344, 'area_ratio': 0.1273193359375, 'mean_heat': 0.6484904289245605, 'max_heat': 1.0, 'x2': 182, 'y2': 154, 'aspect_ratio': 1.101010101010101}, {'x': 179, 'y': 152, 'w': 9, 'h': 14, 'area_px': 84, 'area_ratio': 0.00128173828125, 'mean_heat': 0.4225957989692688, 'max_heat': 0.42352941632270813, 'x2': 188, 'y2': 166, 'aspect_ratio': 1.5555555555555556}]","deformation","0.779","rules_constrained_taxonomy","73.0","55.0","109.0","99.0","8344.0","0.1273193359375","0.6484904289245605","1.0","182.0","154.0","1.101010101010101","0.23992215735335","121.50727458066908","151.40580113057177","9.150196319799505","0.0","['large_irregular_edge_region']","0.9576860369636133","0.806077457754517","0.779","0.779","0.8675319539599811","minimum","0.779","S4","O1","D2","Medium","Reinspect item and consider rework if defect is confirmed.","True","S4|O1|D2","False","[]","outputs/risk_patchcore_hazelnut/artefacts/hazelnut__test__hole__010_heatmap_overlay.png","outputs/risk_patchcore_hazelnut/artefacts/hazelnut__test__hole__010_mask.png","outputs/risk_patchcore_hazelnut/artefacts/hazelnut__test__hole__010_annotated.png","simple_statistical_reference","0.42","minimum",""
"hazelnut__test__hole__011","data/mvtec_anomaly_detection/hazelnut/test/hole/011.png","cb0185418d152ea6626d41039ad5c78714dcb9e68a2da3726cbac239ebd8029a","2026-06-08T18:55:20.840499+00:00","anomalib_patchcore","0.857120803581622","0.5","True","0.857120803581622","0.357120803581622","0.8644900554418564","0.1057586669921875","1","[{'x': 115, 'y': 65, 'w': 91, 'h': 117, 'area_px': 6931, 'area_ratio': 0.1057586669921875, 'mean_heat': 0.6099779009819031, 'max_heat': 1.0, 'x2': 206, 'y2': 182, 'aspect_ratio': 1.2857142857142858}]","deformation","0.779","rules_constrained_taxonomy","115.0","65.0","91.0","117.0","6931.0","0.1057586669921875","0.6099779009819031","1.0","206.0","182.0","1.2857142857142858","0.2125481356250587","122.5919977458439","138.72546257161642","7.7047094316003495","0.0","['large_irregular_edge_region']","0.857120803581622","0.8644900554418564","0.779","0.779","0.8398013782442868","minimum","0.779","S4","O1","D2","Medium","Reinspect item and consider rework if defect is confirmed.","True","S4|O1|D2","False","[]","outputs/risk_patchcore_hazelnut/artefacts/hazelnut__test__hole__011_heatmap_overlay.png","outputs/risk_patchcore_hazelnut/artefacts/hazelnut__test__hole__011_mask.png","outputs/risk_patchcore_hazelnut/artefacts/hazelnut__test__hole__011_annotated.png","simple_statistical_reference","0.42","minimum",""
"hazelnut__test__hole__012","data/mvtec_anomaly_detection/hazelnut/test/hole/012.png","0d98b4a5ec6124cbe3c1625d1c072e8e876f9ab1e8fa1fc9b3370ad6f3384f84","2026-06-08T18:55:20.895241+00:00","anomalib_patchcore","0.9376374001622774","0.5","True","0.9376374001622774","0.43763740016227737","0.8639265769720077","0.1381683349609375","1","[{'x': 73, 'y': 64, 'w': 128, 'h': 100, 'area_px': 9055, 'area_ratio': 0.1381683349609375, 'mean_heat': 0.6087257266044617, 'max_heat': 1.0, 'x2': 201, 'y2': 164, 'aspect_ratio': 1.28}]","deformation","0.779","rules_constrained_taxonomy","73.0","64.0","128.0","100.0","9055.0","0.1381683349609375","0.6087257266044617","1.0","201.0","164.0","1.28","0.178359375","108.88484375","132.16140625","4.97506166187739","0.0","['large_irregular_edge_region']","0.9376374001622774","0.8639265769720077","0.779","0.779","0.8758648031646271","minimum","0.779","S4","O1","D2","Medium","Reinspect item and consider rework if defect is confirmed.","True","S4|O1|D2","False","[]","outputs/risk_patchcore_hazelnut/artefacts/hazelnut__test__hole__012_heatmap_overlay.png","outputs/risk_patchcore_hazelnut/artefacts/hazelnut__test__hole__012_mask.png","outputs/risk_patchcore_hazelnut/artefacts/hazelnut__test__hole__012_annotated.png","simple_statistical_reference","0.42","minimum",""
"hazelnut__test__hole__013","data/mvtec_anomaly_detection/hazelnut/test/hole/013.png","1c65854d6ee8dc848e7efbc9c0dae9ff4a98b46875d38e6c589c3e1ac7897e59","2026-06-08T18:55:20.952754+00:00","anomalib_patchcore","0.7085409852677296","0.5","True","0.7085409852677296","0.20854098526772957","0.7636547593714614","0.173431396484375","2","[{'x': 85, 'y': 51, 'w': 131, 'h': 101, 'area_px': 9550, 'area_ratio': 0.145721435546875, 'mean_heat': 0.6702162027359009, 'max_heat': 1.0, 'x2': 216, 'y2': 152, 'aspect_ratio': 1.297029702970297}, {'x': 59, 'y': 117, 'w': 43, 'h': 84, 'area_px': 1816, 'area_ratio': 0.0277099609375, 'mean_heat': 0.44535934925079346, 'max_heat': 0.48627451062202454, 'x2': 102, 'y2': 201, 'aspect_ratio': 1.9534883720930232}]","deformation","0.779","rules_constrained_taxonomy","85.0","51.0","131.0","101.0","9550.0","0.145721435546875","0.6702162027359009","1.0","216.0","152.0","1.297029702970297","0.17519461869851108","103.22658907112086","129.87703121457184","5.7575501735105235","0.0","['large_irregular_edge_region']","0.7085409852677296","0.7636547593714614","0.779","0.7085409852677296","0.7426898711819168","minimum","0.7085409852677296","S4","O1","D2","Medium","Reinspect item and consider rework if defect is confirmed.","True","S4|O1|D2","False","[]","outputs/risk_patchcore_hazelnut/artefacts/hazelnut__test__hole__013_heatmap_overlay.png","outputs/risk_patchcore_hazelnut/artefacts/hazelnut__test__hole__013_mask.png","outputs/risk_patchcore_hazelnut/artefacts/hazelnut__test__hole__013_annotated.png","simple_statistical_reference","0.42","minimum",""
"hazelnut__test__hole__014","data/mvtec_anomaly_detection/hazelnut/test/hole/014.png","15ee1d4ff9a8b09534ddaf53c85272f06352e22f2bbf96c532073da9acb96be0","2026-06-08T18:55:21.008869+00:00","anomalib_patchcore","0.7937006600929675","0.5","True","0.7937006600929675","0.29370066009296747","0.857936372756958","0.1526031494140625","1","[{'x': 60, 'y': 68, 'w': 154, 'h': 119, 'area_px': 10001, 'area_ratio': 0.1526031494140625, 'mean_heat': 0.5954141616821289, 'max_heat': 1.0, 'x2': 214, 'y2': 187, 'aspect_ratio': 1.2941176470588236}]","deformation","0.779","rules_constrained_taxonomy","60.0","68.0","154.0","119.0","10001.0","0.1526031494140625","0.5954141616821289","1.0","214.0","187.0","1.2941176470588236","0.16981337989741352","103.77250900360144","119.22967368765688","7.864360855453299","0.0","['large_irregular_edge_region']","0.7937006600929675","0.857936372756958","0.779","0.779","0.8092962088689227","minimum","0.779","S4","O1","D2","Medium","Reinspect item and consider rework if defect is confirmed.","True","S4|O1|D2","False","[]","outputs/risk_patchcore_hazelnut/artefacts/hazelnut__test__hole__014_heatmap_overlay.png","outputs/risk_patchcore_hazelnut/artefacts/hazelnut__test__hole__014_mask.png","outputs/risk_patchcore_hazelnut/artefacts/hazelnut__test__hole__014_annotated.png","simple_statistical_reference","0.42","minimum",""
"hazelnut__test__hole__015","data/mvtec_anomaly_detection/hazelnut/test/hole/015.png","e696b26ee88718c84d967e98c53684f8056c6241997d931b1bb614a83b7fcac5","2026-06-08T18:55:21.064498+00:00","anomalib_patchcore","0.6711963252813128","0.5","True","0.6711963252813128","0.1711963252813128","0.7788636147299146","0.1430206298828125","2","[{'x': 74, 'y': 58, 'w': 126, 'h': 99, 'area_px': 8816, 'area_ratio': 0.134521484375, 'mean_heat': 0.5619124174118042, 'max_heat': 1.0, 'x2': 200, 'y2': 157, 'aspect_ratio': 1.2727272727272727}, {'x': 89, 'y': 196, 'w': 25, 'h': 30, 'area_px': 557, 'area_ratio': 0.0084991455078125, 'mean_heat': 0.46515998244285583, 'max_heat': 0.5254902243614197, 'x2': 114, 'y2': 226, 'aspect_ratio': 1.2}]","deformation","0.779","rules_constrained_taxonomy","74.0","58.0","126.0","99.0","8816.0","0.134521484375","0.5619124174118042","1.0","200.0","157.0","1.2727272727272727","0.22791406124739458","111.20915504248838","143.88079204745873","3.4293632482446554","0.0","['large_irregular_edge_region']","0.6711963252813128","0.7788636147299146","0.779","0.6711963252813128","0.7304474307955651","minimum","0.6711963252813128","S4","O1","D2","Medium","Reinspect item and consider rework if defect is confirmed.","True","S4|O1|D2","False","[]","outputs/risk_patchcore_hazelnut/artefacts/hazelnut__test__hole__015_heatmap_overlay.png","outputs/risk_patchcore_hazelnut/artefacts/hazelnut__test__hole__015_mask.png","outputs/risk_patchcore_hazelnut/artefacts/hazelnut__test__hole__015_annotated.png","simple_statistical_reference","0.42","minimum",""
"hazelnut__test__hole__016","data/mvtec_anomaly_detection/hazelnut/test/hole/016.png","dd9c54842b3e519a6c1e629ac34fdbb3ffe4a3e4016f41cc9d2187f785758500","2026-06-08T18:55:21.119969+00:00","anomalib_patchcore","0.4446558148527703","0.5","True","0.4446558148527703","0.05534418514722972","0.8555562072992324","0.276580810546875","1","[{'x': 35, 'y': 55, 'w': 169, 'h': 152, 'area_px': 18126, 'area_ratio': 0.276580810546875, 'mean_heat': 0.5901249051094055, 'max_heat': 1.0, 'x2': 204, 'y2': 207, 'aspect_ratio': 1.111842105263158}]","deformation","0.779","rules_constrained_taxonomy","35.0","55.0","169.0","152.0","18126.0","0.276580810546875","0.5901249051094055","1.0","204.0","207.0","1.111842105263158","0.19705699159140455","93.36483961382747","119.76977577078792","8.168282342270203","0.0","['large_irregular_edge_region']","0.4446558148527703","0.8555562072992324","0.779","0.4446558148527703","0.6515119788735163","minimum","0.4446558148527703","S4","O1","D3","High","Quarantine item or lot pending quality engineer review.","True","S4|O1|D3","True","['Fused confidence 0.445 is below operational threshold 0.600.', 'Anomaly score is close to the decision boundary; margin=0.055.']","outputs/risk_patchcore_hazelnut/artefacts/hazelnut__test__hole__016_heatmap_overlay.png","outputs/risk_patchcore_hazelnut/artefacts/hazelnut__test__hole__016_mask.png","outputs/risk_patchcore_hazelnut/artefacts/hazelnut__test__hole__016_annotated.png","simple_statistical_reference","0.42","minimum",""
"hazelnut__test__hole__017","data/mvtec_anomaly_detection/hazelnut/test/hole/017.png","2d41679785fe5b96cb59eeab6ddae326896fa6cd39f169063e3c62c905c0de2c","2026-06-08T18:55:21.175993+00:00","anomalib_patchcore","0.7474685971896494","0.5","True","0.7474685971896494","0.24746859718964942","0.7986862482295225","0.14239501953125","2","[{'x': 58, 'y': 67, 'w': 111, 'h': 118, 'area_px': 9147, 'area_ratio': 0.1395721435546875, 'mean_heat': 0.6219221353530884, 'max_heat': 1.0, 'x2': 169, 'y2': 185, 'aspect_ratio': 1.063063063063063}, {'x': 194, 'y': 111, 'w': 14, 'h': 18, 'area_px': 185, 'area_ratio': 0.0028228759765625, 'mean_heat': 0.4316481351852417, 'max_heat': 0.4431372582912445, 'x2': 208, 'y2': 129, 'aspect_ratio': 1.2857142857142858}]","deformation","0.779","rules_constrained_taxonomy","58.0","67.0","111.0","118.0","9147.0","0.1395721435546875","0.6219221353530884","1.0","169.0","185.0","1.063063063063063","0.17025500076347533","109.28187509543442","136.79989311345244","1.8914061801682323","0.0","['large_irregular_edge_region']","0.7474685971896494","0.7986862482295225","0.779","0.7474685971896494","0.770716743204199","minimum","0.7474685971896494","S4","O1","D2","Medium","Reinspect item and consider rework if defect is confirmed.","True","S4|O1|D2","False","[]","outputs/risk_patchcore_hazelnut/artefacts/hazelnut__test__hole__017_heatmap_overlay.png","outputs/risk_patchcore_hazelnut/artefacts/hazelnut__test__hole__017_mask.png","outputs/risk_patchcore_hazelnut/artefacts/hazelnut__test__hole__017_annotated.png","simple_statistical_reference","0.42","minimum",""
"hazelnut__test__print__000","data/mvtec_anomaly_detection/hazelnut/test/print/000.png","63245ac91c1f83c97e081bbcfde5bb9751b008a994c201d9f18dcd6db3552c87","2026-06-08T18:55:21.231193+00:00","anomalib_patchcore","0.8804616123523759","0.5","True","0.8804616123523759","0.38046161235237586","0.8831606173515321","0.14923095703125","1","[{'x': 106, 'y': 64, 'w': 113, 'h': 121, 'area_px': 9780, 'area_ratio': 0.14923095703125, 'mean_heat': 0.65146803855896, 'max_heat': 1.0, 'x2': 219, 'y2': 185, 'aspect_ratio': 1.0707964601769913}]","deformation","0.779","rules_constrained_taxonomy","106.0","64.0","113.0","121.0","9780.0","0.14923095703125","0.65146803855896","1.0","219.0","185.0","1.0707964601769913","0.18708403422804065","103.41943977181306","136.9436846339501","4.977466139718899","0.0","['large_irregular_edge_region']","0.8804616123523759","0.8831606173515321","0.779","0.779","0.8559059107640288","minimum","0.779","S4","O1","D2","Medium","Reinspect item and consider rework if defect is confirmed.","True","S4|O1|D2","False","[]","outputs/risk_patchcore_hazelnut/artefacts/hazelnut__test__print__000_heatmap_overlay.png","outputs/risk_patchcore_hazelnut/artefacts/hazelnut__test__print__000_mask.png","outputs/risk_patchcore_hazelnut/artefacts/hazelnut__test__print__000_annotated.png","simple_statistical_reference","0.42","minimum",""
"hazelnut__test__print__001","data/mvtec_anomaly_detection/hazelnut/test/print/001.png","c49146f7142420c920735df5b4231a8cac3dc82393769ea9017360ead5d2804a","2026-06-08T18:55:21.290193+00:00","anomalib_patchcore","0.9196174811184539","0.5","True","0.9196174811184539","0.41961748111845387","0.8026106065534575","0.11077880859375","2","[{'x': 59, 'y': 56, 'w': 119, 'h': 84, 'area_px': 7218, 'area_ratio': 0.110137939453125, 'mean_heat': 0.6267642378807068, 'max_heat': 1.0, 'x2': 178, 'y2': 140, 'aspect_ratio': 1.4166666666666667}, {'x': 70, 'y': 145, 'w': 8, 'h': 8, 'area_px': 42, 'area_ratio': 0.000640869140625, 'mean_heat': 0.42240896821022034, 'max_heat': 0.42352941632270813, 'x2': 78, 'y2': 153, 'aspect_ratio': 1.0}]","deformation","0.779","rules_constrained_taxonomy","59.0","56.0","119.0","84.0","7218.0","0.110137939453125","0.6267642378807068","1.0","178.0","140.0","1.4166666666666667","0.1793717486994798","100.0688275310124","136.46988795518206","5.965938642123518","0.0","['large_irregular_edge_region']","0.9196174811184539","0.8026106065534575","0.779","0.779","0.8493610484693415","minimum","0.779","S4","O1","D2","Medium","Reinspect item and consider rework if defect is confirmed.","True","S4|O1|D2","False","[]","outputs/risk_patchcore_hazelnut/artefacts/hazelnut__test__print__001_heatmap_overlay.png","outputs/risk_patchcore_hazelnut/artefacts/hazelnut__test__print__001_mask.png","outputs/risk_patchcore_hazelnut/artefacts/hazelnut__test__print__001_annotated.png","simple_statistical_reference","0.42","minimum",""
"hazelnut__test__print__002","data/mvtec_anomaly_detection/hazelnut/test/print/002.png","fbc640ee5beb6c36fb3097f059c3033838025b96c5924eaebbb3ef899cb27c94","2026-06-08T18:55:21.344909+00:00","anomalib_patchcore","1.0","0.5","True","1.0","0.5","0.8650760376453399","0.13916015625","1","[{'x': 100, 'y': 74, 'w': 104, 'h': 122, 'area_px': 9120, 'area_ratio': 0.13916015625, 'mean_heat': 0.611280083656311, 'max_heat': 1.0, 'x2': 204, 'y2': 196, 'aspect_ratio': 1.1730769230769231}]","deformation","0.779","rules_constrained_taxonomy","100.0","74.0","104.0","122.0","9120.0","0.13916015625","0.611280083656311","1.0","204.0","196.0","1.1730769230769231","0.23683795712484237","108.55556431273645","152.00890605296343","1.670479771673655","0.0","['large_irregular_edge_region']","1.0","0.8650760376453399","0.779","0.779","0.9042728112936019","minimum","0.779","S4","O1","D2","Medium","Reinspect item and consider rework if defect is confirmed.","True","S4|O1|D2","False","[]","outputs/risk_patchcore_hazelnut/artefacts/hazelnut__test__print__002_heatmap_overlay.png","outputs/risk_patchcore_hazelnut/artefacts/hazelnut__test__print__002_mask.png","outputs/risk_patchcore_hazelnut/artefacts/hazelnut__test__print__002_annotated.png","simple_statistical_reference","0.42","minimum",""
"hazelnut__test__print__003","data/mvtec_anomaly_detection/hazelnut/test/print/003.png","be6e4cbb2d5168627fd643c1d7c5e5901b3906178ff3999e9b719f350d41661c","2026-06-08T18:55:21.400046+00:00","anomalib_patchcore","0.6886074047618228","0.5","True","0.6886074047618228","0.1886074047618228","0.6734441252692517","0.1432342529296875","2","[{'x': 117, 'y': 77, 'w': 103, 'h': 92, 'area_px': 5864, 'area_ratio': 0.0894775390625, 'mean_heat': 0.5911049246788025, 'max_heat': 1.0, 'x2': 220, 'y2': 169, 'aspect_ratio': 1.1195652173913044}, {'x': 55, 'y': 103, 'w': 73, 'h': 100, 'area_px': 3523, 'area_ratio': 0.0537567138671875, 'mean_heat': 0.45880571007728577, 'max_heat': 0.5098039507865906, 'x2': 128, 'y2': 203, 'aspect_ratio': 1.36986301369863}]","deformation","0.779","rules_constrained_taxonomy","117.0","77.0","103.0","92.0","5864.0","0.0894775390625","0.5911049246788025","1.0","220.0","169.0","1.1195652173913044","0.20567750105529758","111.35056986070072","149.41547066272688","4.479499210218307","0.0","['large_irregular_edge_region']","0.6886074047618228","0.6734441252692517","0.779","0.6734441252692517","0.7066565697235957","minimum","0.6734441252692517","S4","O1","D2","Medium","Reinspect item and consider rework if defect is confirmed.","True","S4|O1|D2","False","[]","outputs/risk_patchcore_hazelnut/artefacts/hazelnut__test__print__003_heatmap_overlay.png","outputs/risk_patchcore_hazelnut/artefacts/hazelnut__test__print__003_mask.png","outputs/risk_patchcore_hazelnut/artefacts/hazelnut__test__print__003_annotated.png","simple_statistical_reference","0.42","minimum",""
"hazelnut__test__print__004","data/mvtec_anomaly_detection/hazelnut/test/print/004.png","362da9e7e778f0d495caff2e1c4f9f26db50ae91f9a1694f00035e2494c57a51","2026-06-08T18:55:21.457107+00:00","anomalib_patchcore","0.8082589156353966","0.5","True","0.8082589156353966","0.30825891563539665","0.7797666773808769","0.1278076171875","2","[{'x': 59, 'y': 54, 'w': 78, 'h': 126, 'area_px': 7467, 'area_ratio': 0.1139373779296875, 'mean_heat': 0.6615240573883057, 'max_heat': 1.0, 'x2': 137, 'y2': 180, 'aspect_ratio': 1.6153846153846154}, {'x': 163, 'y': 100, 'w': 36, 'h': 41, 'area_px': 909, 'area_ratio': 0.0138702392578125, 'mean_heat': 0.4459371566772461, 'max_heat': 0.47843137383461, 'x2': 199, 'y2': 141, 'aspect_ratio': 1.1388888888888888}]","deformation","0.779","rules_constrained_taxonomy","59.0","54.0","78.0","126.0","7467.0","0.1139373779296875","0.6615240573883057","1.0","137.0","180.0","1.6153846153846154","0.2148962148962149","117.13746438746439","147.6421448921449","3.7947164102393316","0.0","['large_irregular_edge_region']","0.8082589156353966","0.7797666773808769","0.779","0.779","0.7923965152501915","minimum","0.779","S4","O1","D2","Medium","Reinspect item and consider rework if defect is confirmed.","True","S4|O1|D2","False","[]","outputs/risk_patchcore_hazelnut/artefacts/hazelnut__test__print__004_heatmap_overlay.png","outputs/risk_patchcore_hazelnut/artefacts/hazelnut__test__print__004_mask.png","outputs/risk_patchcore_hazelnut/artefacts/hazelnut__test__print__004_annotated.png","simple_statistical_reference","0.42","minimum",""
"hazelnut__test__print__005","data/mvtec_anomaly_detection/hazelnut/test/print/005.png","e51fb3537a5c534276cc7ad6e76f67320ec7704c0a1e2ea9d468e3276cf727d1","2026-06-08T18:55:21.515350+00:00","anomalib_patchcore","0.7194093204646063","0.5","True","0.7194093204646063","0.21940932046460626","0.7243064210155717","0.1332244873046875","2","[{'x': 50, 'y': 46, 'w': 106, 'h': 122, 'area_px': 6851, 'area_ratio': 0.1045379638671875, 'mean_heat': 0.5711225867271423, 'max_heat': 1.0, 'x2': 156, 'y2': 168, 'aspect_ratio': 1.150943396226415}, {'x': 159, 'y': 98, 'w': 39, 'h': 72, 'area_px': 1880, 'area_ratio': 0.0286865234375, 'mean_heat': 0.4559824764728546, 'max_heat': 0.4941176474094391, 'x2': 198, 'y2': 170, 'aspect_ratio': 1.8461538461538463}]","deformation","0.779","rules_constrained_taxonomy","50.0","46.0","106.0","122.0","6851.0","0.1045379638671875","0.5711225867271423","1.0","156.0","168.0","1.150943396226415","0.2036034642746675","100.21481596040829","124.39831425920198","5.366811683858032","0.0","['large_irregular_edge_region']","0.7194093204646063","0.7243064210155717","0.779","0.7194093204646063","0.7357761205137443","minimum","0.7194093204646063","S4","O1","D2","Medium","Reinspect item and consider rework if defect is confirmed.","True","S4|O1|D2","False","[]","outputs/risk_patchcore_hazelnut/artefacts/hazelnut__test__print__005_heatmap_overlay.png","outputs/risk_patchcore_hazelnut/artefacts/hazelnut__test__print__005_mask.png","outputs/risk_patchcore_hazelnut/artefacts/hazelnut__test__print__005_annotated.png","simple_statistical_reference","0.42","minimum",""
"hazelnut__test__print__006","data/mvtec_anomaly_detection/hazelnut/test/print/006.png","70f237247205aa6d1e9078d0cd7cd80edbfaf444e7140dc41152b50ee040a5e2","2026-06-08T18:55:21.573750+00:00","anomalib_patchcore","0.8882208759209481","0.5","True","0.8882208759209481","0.3882208759209481","0.8673833274841309","0.16571044921875","1","[{'x': 74, 'y': 62, 'w': 124, 'h': 151, 'area_px': 10860, 'area_ratio': 0.16571044921875, 'mean_heat': 0.6164073944091797, 'max_heat': 1.0, 'x2': 198, 'y2': 213, 'aspect_ratio': 1.217741935483871}]","deformation","0.779","rules_constrained_taxonomy","74.0","62.0","124.0","151.0","10860.0","0.16571044921875","0.6164073944091797","1.0","198.0","213.0","1.217741935483871","0.14441358684041872","90.13549455244606","106.34212775048067","7.541739205996109","0.0","['large_irregular_edge_region']","0.8882208759209481","0.8673833274841309","0.779","0.779","0.854664392409666","minimum","0.779","S4","O1","D2","Medium","Reinspect item and consider rework if defect is confirmed.","True","S4|O1|D2","False","[]","outputs/risk_patchcore_hazelnut/artefacts/hazelnut__test__print__006_heatmap_overlay.png","outputs/risk_patchcore_hazelnut/artefacts/hazelnut__test__print__006_mask.png","outputs/risk_patchcore_hazelnut/artefacts/hazelnut__test__print__006_annotated.png","simple_statistical_reference","0.42","minimum",""
"hazelnut__test__print__007","data/mvtec_anomaly_detection/hazelnut/test/print/007.png","06b9863b7c08161e8a90a7f33c4b42557ae37976b9498ff179a296247559e61c","2026-06-08T18:55:21.629768+00:00","anomalib_patchcore","0.7194657660934123","0.5","True","0.7194657660934123","0.21946576609341228","0.8720632189512252","0.179290771484375","1","[{'x': 66, 'y': 59, 'w': 147, 'h': 125, 'area_px': 11750, 'area_ratio': 0.179290771484375, 'mean_heat': 0.6268071532249451, 'max_heat': 1.0, 'x2': 213, 'y2': 184, 'aspect_ratio': 1.176}]","deformation","0.779","rules_constrained_taxonomy","66.0","59.0","147.0","125.0","11750.0","0.179290771484375","0.6268071532249451","1.0","213.0","184.0","1.176","0.22802721088435374","116.80925170068028","136.8529523809524","8.699083315351999","0.0","['large_irregular_edge_region']","0.7194657660934123","0.8720632189512252","0.779","0.7194657660934123","0.7801285604274031","minimum","0.7194657660934123","S4","O1","D2","Medium","Reinspect item and consider rework if defect is confirmed.","True","S4|O1|D2","False","[]","outputs/risk_patchcore_hazelnut/artefacts/hazelnut__test__print__007_heatmap_overlay.png","outputs/risk_patchcore_hazelnut/artefacts/hazelnut__test__print__007_mask.png","outputs/risk_patchcore_hazelnut/artefacts/hazelnut__test__print__007_annotated.png","simple_statistical_reference","0.42","minimum",""
"hazelnut__test__print__008","data/mvtec_anomaly_detection/hazelnut/test/print/008.png","d857c8ec69e16b6cf78ea2a337af2830ef3b34d85f205a43ded32b318b942e30","2026-06-08T18:55:21.683202+00:00","anomalib_patchcore","1.0","0.5","True","1.0","0.5","0.8788478398323059","0.1057586669921875","1","[{'x': 88, 'y': 64, 'w': 109, 'h': 90, 'area_px': 6931, 'area_ratio': 0.1057586669921875, 'mean_heat': 0.6418840885162354, 'max_heat': 1.0, 'x2': 197, 'y2': 154, 'aspect_ratio': 1.211111111111111}]","deformation","0.779","rules_constrained_taxonomy","88.0","64.0","109.0","90.0","6931.0","0.1057586669921875","0.6418840885162354","1.0","197.0","154.0","1.211111111111111","0.1906218144750255","111.5395514780836","166.0112130479103","1.611325062989252","0.0","['large_irregular_edge_region']","1.0","0.8788478398323059","0.779","0.779","0.9084043519496917","minimum","0.779","S4","O1","D2","Medium","Reinspect item and consider rework if defect is confirmed.","True","S4|O1|D2","False","[]","outputs/risk_patchcore_hazelnut/artefacts/hazelnut__test__print__008_heatmap_overlay.png","outputs/risk_patchcore_hazelnut/artefacts/hazelnut__test__print__008_mask.png","outputs/risk_patchcore_hazelnut/artefacts/hazelnut__test__print__008_annotated.png","simple_statistical_reference","0.42","minimum",""
"hazelnut__test__print__009","data/mvtec_anomaly_detection/hazelnut/test/print/009.png","63f127c32781ab7e0b7ddea58e2e6a379bc086d40bd8f7d0437dc11ea95c578e","2026-06-08T18:55:21.737618+00:00","anomalib_patchcore","0.5501992434043379","0.5","True","0.5501992434043379","0.0501992434043379","0.7770343684433283","0.1560516357421875","2","[{'x': 123, 'y': 60, 'w': 100, 'h': 149, 'area_px': 9594, 'area_ratio': 0.146392822265625, 'mean_heat': 0.5842426419258118, 'max_heat': 1.0, 'x2': 223, 'y2': 209, 'aspect_ratio': 1.49}, {'x': 57, 'y': 113, 'w': 33, 'h': 29, 'area_px': 633, 'area_ratio': 0.0096588134765625, 'mean_heat': 0.43854039907455444, 'max_heat': 0.4588235318660736, 'x2': 90, 'y2': 142, 'aspect_ratio': 1.1379310344827587}]","deformation","0.779","rules_constrained_taxonomy","123.0","60.0","100.0","149.0","9594.0","0.146392822265625","0.5842426419258118","1.0","223.0","209.0","1.49","0.20523489932885905","99.7769798657718","124.27691275167786","6.334712363159483","0.0","['large_irregular_edge_region']","0.5501992434043379","0.7770343684433283","0.779","0.5501992434043379","0.6754499700649506","minimum","0.5501992434043379","S4","O1","D2","Medium","Reinspect item and consider rework if defect is confirmed.","True","S4|O1|D2","True","['Fused confidence 0.550 is below operational threshold 0.600.', 'Anomaly score is close to the decision boundary; margin=0.050.']","outputs/risk_patchcore_hazelnut/artefacts/hazelnut__test__print__009_heatmap_overlay.png","outputs/risk_patchcore_hazelnut/artefacts/hazelnut__test__print__009_mask.png","outputs/risk_patchcore_hazelnut/artefacts/hazelnut__test__print__009_annotated.png","simple_statistical_reference","0.42","minimum",""
"hazelnut__test__print__010","data/mvtec_anomaly_detection/hazelnut/test/print/010.png","8ea4b699d7ebf6be3fcf48179c6b422c136e1dd1f7cc84960c5355bb98a6d1cd","2026-06-08T18:55:21.792820+00:00","anomalib_patchcore","0.9422890612353497","0.5","True","0.9422890612353497","0.4422890612353497","0.8099596654724569","0.114532470703125","2","[{'x': 124, 'y': 63, 'w': 88, 'h': 116, 'area_px': 7434, 'area_ratio': 0.113433837890625, 'mean_heat': 0.6624312400817871, 'max_heat': 1.0, 'x2': 212, 'y2': 179, 'aspect_ratio': 1.3181818181818181}, {'x': 66, 'y': 100, 'w': 11, 'h': 9, 'area_px': 72, 'area_ratio': 0.0010986328125, 'mean_heat': 0.42532676458358765, 'max_heat': 0.4274509847164154, 'x2': 77, 'y2': 109, 'aspect_ratio': 1.2222222222222223}]","deformation","0.779","rules_constrained_taxonomy","124.0","63.0","88.0","116.0","7434.0","0.113433837890625","0.6624312400817871","1.0","212.0","179.0","1.3181818181818181","0.21032523510971787","115.90478056426332","151.0483934169279","4.960069025801786","0.0","['large_irregular_edge_region']","0.9422890612353497","0.8099596654724569","0.779","0.779","0.8617679771976444","minimum","0.779","S4","O1","D2","Medium","Reinspect item and consider rework if defect is confirmed.","True","S4|O1|D2","False","[]","outputs/risk_patchcore_hazelnut/artefacts/hazelnut__test__print__010_heatmap_overlay.png","outputs/risk_patchcore_hazelnut/artefacts/hazelnut__test__print__010_mask.png","outputs/risk_patchcore_hazelnut/artefacts/hazelnut__test__print__010_annotated.png","simple_statistical_reference","0.42","minimum",""
"hazelnut__test__print__011","data/mvtec_anomaly_detection/hazelnut/test/print/011.png","0d619f50ac313bccf29aafb9b43a7c6ed188403193611742705aeed7887bd6c0","2026-06-08T18:55:21.847727+00:00","anomalib_patchcore","0.7928351089027553","0.5","True","0.7928351089027553","0.2928351089027553","0.8841843897104262","0.151031494140625","1","[{'x': 55, 'y': 58, 'w': 140, 'h': 136, 'area_px': 9898, 'area_ratio': 0.151031494140625, 'mean_heat': 0.6537430882453918, 'max_heat': 1.0, 'x2': 195, 'y2': 194, 'aspect_ratio': 1.0294117647058822}]","deformation","0.779","rules_constrained_taxonomy","55.0","58.0","140.0","136.0","9898.0","0.151031494140625","0.6537430882453918","1.0","195.0","194.0","1.0294117647058822","0.26029411764705884","107.11223739495799","144.26376050420168","7.643698258655689","0.0","['large_irregular_edge_region']","0.7928351089027553","0.8841843897104262","0.779","0.779","0.8167811159193678","minimum","0.779","S4","O1","D2","Medium","Reinspect item and consider rework if defect is confirmed.","True","S4|O1|D2","False","[]","outputs/risk_patchcore_hazelnut/artefacts/hazelnut__test__print__011_heatmap_overlay.png","outputs/risk_patchcore_hazelnut/artefacts/hazelnut__test__print__011_mask.png","outputs/risk_patchcore_hazelnut/artefacts/hazelnut__test__print__011_annotated.png","simple_statistical_reference","0.42","minimum",""
"hazelnut__test__print__012","data/mvtec_anomaly_detection/hazelnut/test/print/012.png","3a8fdf5d712e7c5621946292e16e39074e79128b75e135b3fb4478ae24ac289f","2026-06-08T18:55:21.911334+00:00","anomalib_patchcore","0.950851167220214","0.5","True","0.950851167220214","0.450851167220214","0.8549656116962432","0.1712799072265625","1","[{'x': 71, 'y': 51, 'w': 127, 'h': 152, 'area_px': 11225, 'area_ratio': 0.1712799072265625, 'mean_heat': 0.5888124704360962, 'max_heat': 1.0, 'x2': 198, 'y2': 203, 'aspect_ratio': 1.1968503937007875}]","deformation","0.779","rules_constrained_taxonomy","71.0","51.0","127.0","152.0","11225.0","0.1712799072265625","0.5888124704360962","1.0","198.0","203.0","1.1968503937007875","0.21368628263572317","110.7144633236635","137.29309987567345","8.168093027293196","0.0","['large_irregular_edge_region']","0.950851167220214","0.8549656116962432","0.779","0.779","0.8791227087579693","minimum","0.779","S4","O1","D2","Medium","Reinspect item and consider rework if defect is confirmed.","True","S4|O1|D2","False","[]","outputs/risk_patchcore_hazelnut/artefacts/hazelnut__test__print__012_heatmap_overlay.png","outputs/risk_patchcore_hazelnut/artefacts/hazelnut__test__print__012_mask.png","outputs/risk_patchcore_hazelnut/artefacts/hazelnut__test__print__012_annotated.png","simple_statistical_reference","0.42","minimum",""
"hazelnut__test__print__013","data/mvtec_anomaly_detection/hazelnut/test/print/013.png","6a5092f0c3731906207f714b981981eec63603c46c982e426ea725d697344fe4","2026-06-08T18:55:21.969578+00:00","anomalib_patchcore","0.7055449595425956","0.5","True","0.7055449595425956","0.20554495954259555","0.6989899300027278","0.09942626953125","3","[{'x': 145, 'y': 70, 'w': 75, 'h': 101, 'area_px': 5032, 'area_ratio': 0.0767822265625, 'mean_heat': 0.6167422533035278, 'max_heat': 1.0, 'x2': 220, 'y2': 171, 'aspect_ratio': 1.3466666666666667}, {'x': 105, 'y': 182, 'w': 37, 'h': 35, 'area_px': 917, 'area_ratio': 0.0139923095703125, 'mean_heat': 0.4545897841453552, 'max_heat': 0.5098039507865906, 'x2': 142, 'y2': 217, 'aspect_ratio': 1.0571428571428572}, {'x': 55, 'y': 135, 'w': 26, 'h': 29, 'area_px': 567, 'area_ratio': 0.0086517333984375, 'mean_heat': 0.4447418749332428, 'max_heat': 0.4745098054409027, 'x2': 81, 'y2': 164, 'aspect_ratio': 1.1153846153846154}]","unknown","0.5774999999999999","rules_constrained_taxonomy","145.0","70.0","75.0","101.0","5032.0","0.0767822265625","0.6167422533035278","1.0","220.0","171.0","1.3466666666666667","0.1966996699669967","101.1527392739274","115.56739273927393","4.1981980886169765","0.0","['no_rule_matched_confidently']","0.7055449595425956","0.6989899300027278","0.5774999999999999","0.5774999999999999","0.6715672107949864","minimum","0.5774999999999999","S3","O3","D2","High","Quarantine item or lot pending quality engineer review.","True","S3|O3|D2","True","['Fused confidence 0.577 is below operational threshold 0.600.', 'Semantic label is unknown or not confidently mapped to the taxonomy.']","outputs/risk_patchcore_hazelnut/artefacts/hazelnut__test__print__013_heatmap_overlay.png","outputs/risk_patchcore_hazelnut/artefacts/hazelnut__test__print__013_mask.png","outputs/risk_patchcore_hazelnut/artefacts/hazelnut__test__print__013_annotated.png","simple_statistical_reference","0.42","minimum",""
"hazelnut__test__print__014","data/mvtec_anomaly_detection/hazelnut/test/print/014.png","e039ec6e3d173af70c280f12cc72946aa37077d6235d03a71ccf143830935d51","2026-06-08T18:55:22.024795+00:00","anomalib_patchcore","0.716994452747837","0.5","True","0.716994452747837","0.21699445274783702","0.8775190198421479","0.13543701171875","1","[{'x': 41, 'y': 63, 'w': 119, 'h': 110, 'area_px': 8876, 'area_ratio': 0.13543701171875, 'mean_heat': 0.638931155204773, 'max_heat': 1.0, 'x2': 160, 'y2': 173, 'aspect_ratio': 1.0818181818181818}]","deformation","0.779","rules_constrained_taxonomy","41.0","63.0","119.0","110.0","8876.0","0.13543701171875","0.638931155204773","1.0","160.0","173.0","1.0818181818181818","0.24744079449961803","113.392589763178","150.04614209320093","5.679127094159767","0.0","['large_irregular_edge_region']","0.716994452747837","0.8775190198421479","0.779","0.716994452747837","0.780653209689171","minimum","0.716994452747837","S4","O1","D2","Medium","Reinspect item and consider rework if defect is confirmed.","True","S4|O1|D2","False","[]","outputs/risk_patchcore_hazelnut/artefacts/hazelnut__test__print__014_heatmap_overlay.png","outputs/risk_patchcore_hazelnut/artefacts/hazelnut__test__print__014_mask.png","outputs/risk_patchcore_hazelnut/artefacts/hazelnut__test__print__014_annotated.png","simple_statistical_reference","0.42","minimum",""
"hazelnut__test__print__015","data/mvtec_anomaly_detection/hazelnut/test/print/015.png","9ebfb599870e807051d2e30d9077acc164410bcd4c37ef8053c0795c366ed75c","2026-06-08T18:55:22.080322+00:00","anomalib_patchcore","0.4654969328179873","0.5","True","0.4654969328179873","0.03450306718201268","0.8354562693834304","0.300567626953125","1","[{'x': 34, 'y': 63, 'w': 187, 'h': 151, 'area_px': 19698, 'area_ratio': 0.300567626953125, 'mean_heat': 0.5454583764076233, 'max_heat': 1.0, 'x2': 221, 'y2': 214, 'aspect_ratio': 1.2384105960264902}]","deformation","0.779","rules_constrained_taxonomy","34.0","63.0","187.0","151.0","19698.0","0.300567626953125","0.5454583764076233","1.0","221.0","214.0","1.2384105960264902","0.17020221694939264","97.8560399475865","114.60686333534015","8.3757591299115","0.0","['large_irregular_edge_region']","0.4654969328179873","0.8354562693834304","0.779","0.4654969328179873","0.6548605005831234","minimum","0.4654969328179873","S4","O1","D3","High","Quarantine item or lot pending quality engineer review.","True","S4|O1|D3","True","['Fused confidence 0.465 is below operational threshold 0.600.', 'Anomaly score is close to the decision boundary; margin=0.035.']","outputs/risk_patchcore_hazelnut/artefacts/hazelnut__test__print__015_heatmap_overlay.png","outputs/risk_patchcore_hazelnut/artefacts/hazelnut__test__print__015_mask.png","outputs/risk_patchcore_hazelnut/artefacts/hazelnut__test__print__015_annotated.png","simple_statistical_reference","0.42","minimum",""
"hazelnut__test__print__016","data/mvtec_anomaly_detection/hazelnut/test/print/016.png","28ab7f2661418f50be7788742993cae18a65d17548ee8699decd47fe814a9835","2026-06-08T18:55:22.133687+00:00","anomalib_patchcore","0.7529531019173381","0.5","True","0.7529531019173381","0.2529531019173381","0.7771226705308567","0.1800994873046875","2","[{'x': 58, 'y': 46, 'w': 133, 'h': 110, 'area_px': 10344, 'area_ratio': 0.1578369140625, 'mean_heat': 0.6670526266098022, 'max_heat': 1.0, 'x2': 191, 'y2': 156, 'aspect_ratio': 1.209090909090909}, {'x': 105, 'y': 177, 'w': 60, 'h': 31, 'area_px': 1459, 'area_ratio': 0.0222625732421875, 'mean_heat': 0.4521281123161316, 'max_heat': 0.4941176474094391, 'x2': 165, 'y2': 208, 'aspect_ratio': 1.935483870967742}]","deformation","0.779","rules_constrained_taxonomy","58.0","46.0","133.0","110.0","10344.0","0.1578369140625","0.6670526266098022","1.0","191.0","156.0","1.209090909090909","0.23492822966507176","111.73663704716336","145.05406698564593","5.832620854556566","0.0","['large_irregular_edge_region']","0.7529531019173381","0.7771226705308567","0.779","0.7529531019173381","0.7667156970220592","minimum","0.7529531019173381","S4","O1","D2","Medium","Reinspect item and consider rework if defect is confirmed.","True","S4|O1|D2","False","[]","outputs/risk_patchcore_hazelnut/artefacts/hazelnut__test__print__016_heatmap_overlay.png","outputs/risk_patchcore_hazelnut/artefacts/hazelnut__test__print__016_mask.png","outputs/risk_patchcore_hazelnut/artefacts/hazelnut__test__print__016_annotated.png","simple_statistical_reference","0.42","minimum",""
